url_length,domain_length,subdomain_count,dot_count,hyphen_count,special_char_count,has_ip,has_https,suspicious_keyword_count,digit_count,digit_ratio,entropy,brand_keyword,url_encoding_count,redirect_param_count,suspicious_tld,url,label
23.0,9.0,0.0,1.0,0.0,0.0,0.0,1.0,0.0,0.0,0.0,2.9477,0.0,0.0,0.0,0.0,https://adobe.com/about,0
36.0,11.0,0.0,1.0,2.0,2.0,0.0,1.0,1.0,0.0,0.0,3.0958,0.0,0.0,0.0,0.0,https://youtube.com/terms-of-service,0
30.0,13.0,0.0,1.0,0.0,0.0,0.0,1.0,1.0,0.0,0.0,3.027,0.0,0.0,0.0,0.0,https://bloomberg.com/services,0
49.0,9.0,0.0,2.0,1.0,1.0,0.0,1.0,0.0,3.0,0.0612,2.9477,0.0,0.0,0.0,0.0,https://slack.com/downloads/releases/version-3.13,0
85.0,37.0,3.0,4.0,0.0,5.0,0.0,0.0,4.0,5.0,0.0588,3.8278,1.0,0.0,1.0,0.0,http://wellsfargo.login.validation.zapto.org/signin?session_id=43039&redirect=account,1
52.0,12.0,1.0,2.0,2.0,2.0,0.0,1.0,1.0,4.0,0.0769,3.4183,0.0,0.0,0.0,0.0,https://api.etsy.com/news/2026/global-markets-update,0
54.0,22.0,0.0,2.0,0.0,0.0,0.0,0.0,0.0,8.0,0.1481,4.0049,0.0,0.0,0.0,1.0,http://g8om08tv4reasfen0b.fit/gate/auth/754/index.html,1
26.0,9.0,0.0,1.0,0.0,0.0,0.0,1.0,1.0,0.0,0.0,2.7255,0.0,0.0,0.0,0.0,https://vimeo.com/services,0
125.0,48.0,0.0,2.0,5.0,8.0,0.0,0.0,10.0,6.0,0.048,4.08,0.0,0.0,0.0,0.0,http://security-metamask-verification-portal-update.com/account/signin/authenticate/step1/verify-password.php?client_id=99663,1
81.0,33.0,3.0,4.0,0.0,5.0,0.0,0.0,3.0,5.0,0.0617,3.6802,1.0,0.0,1.0,0.0,http://chase.account.portal.bounceme.net/signin?session_id=15210&redirect=account,1
127.0,49.0,0.0,2.0,5.0,8.0,0.0,1.0,10.0,9.0,0.0709,4.1887,0.0,0.0,0.0,0.0,https://security-office365-verification-portal-update.com/account/signin/authenticate/step1/verify-password.php?client_id=49763,1
53.0,11.0,0.0,1.0,3.0,3.0,0.0,1.0,0.0,0.0,0.0,3.0272,0.0,0.0,0.0,0.0,https://twitter.com/guide/getting-started-with-python,0
126.0,49.0,0.0,2.0,5.0,8.0,0.0,0.0,10.0,6.0,0.0476,4.0822,1.0,0.0,0.0,0.0,http://security-instagram-verification-portal-update.com/account/signin/authenticate/step1/verify-password.php?client_id=88128,1
30.0,13.0,0.0,1.0,0.0,0.0,0.0,1.0,0.0,0.0,0.0,3.027,0.0,0.0,0.0,0.0,https://bloomberg.com/help/faq,0
101.0,17.0,0.0,2.0,3.0,9.0,0.0,0.0,6.0,5.0,0.0495,3.3372,1.0,0.0,2.0,1.0,http://account-center.ga/gateway?url=http://google-security-confirm.xyz/login&next=verify&token=76341,1
55.0,23.0,0.0,2.0,0.0,0.0,0.0,0.0,0.0,8.0,0.1455,3.969,0.0,0.0,0.0,1.0,http://ihdiy4nrmqyz6y3z1de1.ga/gate/auth/509/index.html,1
58.0,15.0,1.0,2.0,0.0,4.0,0.0,1.0,0.0,5.0,0.0862,3.5069,0.0,0.0,0.0,0.0,https://news.airbnb.com/item?id=49204&category=electronics,0
28.0,12.0,0.0,1.0,0.0,0.0,0.0,1.0,0.0,0.0,0.0,3.4183,0.0,0.0,0.0,0.0,https://fidelity.com/contact,0
55.0,22.0,0.0,2.0,0.0,0.0,0.0,1.0,0.0,11.0,0.2,4.0615,0.0,0.0,0.0,1.0,https://rn8lpy857nz3a8v4x7.fit/gate/auth/907/index.html,1
22.0,14.0,0.0,1.0,0.0,0.0,0.0,1.0,0.0,0.0,0.0,3.2359,0.0,0.0,0.0,0.0,https://craigslist.org,0
25.0,8.0,0.0,1.0,0.0,0.0,0.0,1.0,1.0,0.0,0.0,3.0,0.0,0.0,0.0,0.0,https://ebay.com/services,0
67.0,19.0,1.0,2.0,0.0,2.0,0.0,1.0,0.0,1.0,0.0149,3.2866,0.0,0.0,0.0,0.0,https://docs.salesforce.com/documentation/api/v2/overview?mode=dark,0
47.0,9.0,0.0,1.0,0.0,0.0,0.0,1.0,0.0,1.0,0.0213,2.9477,0.0,0.0,0.0,0.0,https://quora.com/documentation/api/v2/overview,0
61.0,11.0,0.0,1.0,0.0,2.0,0.0,1.0,0.0,4.0,0.0656,2.914,0.0,0.0,0.0,0.0,https://harvard.edu/community/discussions/topic/8821?ref=home,0
105.0,19.0,0.0,2.0,3.0,9.0,0.0,0.0,6.0,5.0,0.0476,3.4714,0.0,0.0,2.0,1.0,http://account-center.buzz/gateway?url=http://coinbase-security-confirm.xyz/login&next=verify&token=47782,1
45.0,28.0,0.0,2.0,2.0,2.0,0.0,0.0,2.0,1.0,0.0222,3.682,0.0,0.0,0.0,0.0,http://micros0ft-account-center.net/login.php,1
124.0,46.0,0.0,2.0,5.0,8.0,0.0,1.0,10.0,6.0,0.0484,4.0915,1.0,0.0,0.0,0.0,https://security-google-verification-portal-update.com/account/signin/authenticate/step1/verify-password.php?client_id=90290,1
27.0,10.0,0.0,1.0,0.0,0.0,0.0,1.0,0.0,0.0,0.0,3.1219,0.0,0.0,0.0,0.0,https://reddit.com/help/faq,0
38.0,21.0,1.0,2.0,0.0,0.0,0.0,1.0,1.0,0.0,0.0,3.7849,0.0,0.0,0.0,0.0,https://dev.stackoverflow.com/services,0
36.0,10.0,0.0,1.0,0.0,2.0,0.0,1.0,0.0,0.0,0.0,3.3219,0.0,0.0,0.0,0.0,https://github.com/products?ref=home,0
124.0,47.0,0.0,2.0,5.0,8.0,0.0,0.0,10.0,6.0,0.0484,4.0679,0.0,0.0,0.0,0.0,http://security-binance-verification-portal-update.com/account/signin/authenticate/step1/verify-password.php?client_id=68978,1
80.0,32.0,3.0,4.0,0.0,5.0,0.0,0.0,3.0,5.0,0.0625,3.7653,1.0,0.0,1.0,0.0,http://netflix.account.service.ddns.net/signin?session_id=14968&redirect=account,1
49.0,32.0,0.0,2.0,3.0,3.0,0.0,0.0,3.0,1.0,0.0204,3.6556,0.0,0.0,0.0,0.0,http://app1e-security-account-center.cc/login.php,1
33.0,16.0,1.0,2.0,0.0,0.0,0.0,1.0,0.0,0.0,0.0,3.2028,0.0,0.0,0.0,0.0,https://app.facebook.com/products,0
124.0,46.0,0.0,2.0,5.0,8.0,0.0,1.0,10.0,6.0,0.0484,4.0915,1.0,0.0,0.0,0.0,https://security-google-verification-portal-update.com/account/signin/authenticate/step1/verify-password.php?client_id=54877,1
125.0,47.0,0.0,2.0,5.0,8.0,0.0,1.0,10.0,6.0,0.048,4.1027,1.0,0.0,0.0,0.0,https://security-netflix-verification-portal-update.com/account/signin/authenticate/step1/verify-password.php?client_id=63406,1
73.0,36.0,0.0,2.0,3.0,3.0,0.0,0.0,4.0,5.0,0.0685,4.0277,1.0,0.0,0.0,1.0,http://fedex-delivery-2fa-verification.club/verify/user/9677/security.php,1
62.0,15.0,1.0,2.0,1.0,1.0,0.0,1.0,1.0,4.0,0.0645,3.3736,0.0,0.0,0.0,0.0,https://news.docker.com/blog/article/2026/cybersecurity-trends,0
131.0,53.0,0.0,2.0,5.0,8.0,0.0,1.0,11.0,6.0,0.0458,4.1219,1.0,0.0,0.0,0.0,https://security-bankofamerica-verification-portal-update.com/account/signin/authenticate/step1/verify-password.php?client_id=14427,1
56.0,9.0,0.0,1.0,1.0,1.0,0.0,1.0,1.0,4.0,0.0714,3.1699,0.0,0.0,0.0,0.0,https://vuejs.org/blog/article/2026/cybersecurity-trends,0
128.0,50.0,0.0,2.0,5.0,8.0,0.0,1.0,10.0,6.0,0.0469,4.1737,1.0,0.0,0.0,0.0,https://security-wellsfargo-verification-portal-update.com/account/signin/authenticate/step1/verify-password.php?client_id=84308,1
28.0,14.0,0.0,1.0,0.0,0.0,0.0,1.0,0.0,0.0,0.0,3.2359,0.0,0.0,0.0,0.0,https://salesforce.com/about,0
102.0,15.0,0.0,2.0,3.0,9.0,0.0,1.0,6.0,5.0,0.049,3.5069,1.0,0.0,2.0,1.0,https://auth-portal.icu/gateway?url=http://linkedin-security-confirm.xyz/login&next=verify&token=26705,1
34.0,11.0,0.0,1.0,0.0,2.0,0.0,1.0,0.0,0.0,0.0,3.0958,0.0,0.0,0.0,0.0,https://mozilla.org/about?ref=home,0
63.0,32.0,0.0,1.0,2.0,5.0,0.0,0.0,4.0,6.0,0.0952,3.9414,1.0,0.0,0.0,1.0,http://bankofamerica-password-reset.cam/login?auth_token=698071,1
53.0,13.0,2.0,3.0,2.0,5.0,1.0,0.0,3.0,10.0,0.1887,2.5074,0.0,0.0,0.0,0.0,http://185.220.101.5/cgi-bin/webscr?cmd=_login-submit,1
25.0,17.0,0.0,1.0,0.0,0.0,0.0,1.0,0.0,0.0,0.0,3.6901,0.0,0.0,0.0,0.0,https://stackoverflow.com,0
58.0,15.0,0.0,1.0,0.0,4.0,0.0,1.0,0.0,0.0,0.0,3.7736,0.0,0.0,0.0,0.0,https://theguardian.com/search?q=machine+learning+tutorial,0
63.0,31.0,0.0,2.0,0.0,0.0,0.0,0.0,0.0,8.0,0.127,4.5671,0.0,0.0,0.0,1.0,http://wu5jslhgmrzzqo17rv2y7cdabbaj.tk/gate/auth/410/index.html,1
56.0,17.0,1.0,3.0,1.0,1.0,0.0,0.0,1.0,3.0,0.0536,3.3816,0.0,0.0,0.0,0.0,http://support.apple.com/downloads/releases/version-3.13,0
33.0,10.0,0.0,1.0,1.0,1.0,0.0,1.0,0.0,0.0,0.0,3.3219,0.0,0.0,0.0,0.0,https://fastly.com/privacy-policy,0
35.0,11.0,0.0,1.0,0.0,2.0,0.0,1.0,0.0,1.0,0.0286,3.4594,0.0,0.0,0.0,0.0,https://netflix.com/products?page=2,0
102.0,17.0,0.0,2.0,3.0,9.0,0.0,0.0,6.0,5.0,0.049,3.2639,1.0,0.0,2.0,1.0,http://account-center.cf/gateway?url=http://appleid-security-confirm.xyz/login&next=verify&token=93837,1
125.0,48.0,0.0,2.0,5.0,8.0,0.0,0.0,10.0,6.0,0.048,4.0774,0.0,0.0,0.0,0.0,http://security-coinbase-verification-portal-update.com/account/signin/authenticate/step1/verify-password.php?client_id=52844,1
51.0,10.0,0.0,1.0,0.0,0.0,0.0,1.0,0.0,4.0,0.0784,2.7219,0.0,0.0,0.0,0.0,https://amazon.com/community/discussions/topic/8821,0
36.0,9.0,0.0,1.0,0.0,2.0,0.0,1.0,0.0,0.0,0.0,2.9477,0.0,0.0,0.0,0.0,https://slack.com/products?mode=dark,0
42.0,13.0,0.0,1.0,0.0,2.0,0.0,1.0,0.0,0.0,0.0,3.3927,0.0,0.0,0.0,0.0,https://pinterest.com/help/faq?sort=recent,0
43.0,9.0,2.0,4.0,1.0,1.0,1.0,0.0,3.0,6.0,0.1395,2.1133,0.0,0.0,0.0,0.0,http://10.0.0.45/secure/verify-account.html,1
60.0,17.0,0.0,1.0,0.0,4.0,0.0,1.0,0.0,5.0,0.0833,3.6901,0.0,0.0,0.0,0.0,https://stackoverflow.com/item?id=49204&category=electronics,0
55.0,12.0,0.0,1.0,0.0,4.0,0.0,1.0,0.0,5.0,0.0909,3.4183,0.0,0.0,0.0,0.0,https://fidelity.com/item?id=49204&category=electronics,0
49.0,9.0,0.0,1.0,2.0,2.0,0.0,1.0,1.0,4.0,0.0816,2.9477,0.0,0.0,0.0,0.0,https://chase.com/news/2026/global-markets-update,0
123.0,45.0,0.0,2.0,5.0,8.0,0.0,1.0,10.0,6.0,0.0488,4.0805,1.0,0.0,0.0,0.0,https://security-chase-verification-portal-update.com/account/signin/authenticate/step1/verify-password.php?client_id=33567,1
86.0,37.0,3.0,4.0,0.0,5.0,0.0,1.0,4.0,8.0,0.093,3.8604,0.0,0.0,1.0,0.0,https://office365.verify.service.bounceme.net/signin?session_id=97872&redirect=account,1
27.0,10.0,0.0,1.0,0.0,0.0,0.0,1.0,0.0,0.0,0.0,3.1219,0.0,0.0,0.0,0.0,https://target.com/help/faq,0
49.0,10.0,0.0,1.0,2.0,2.0,0.0,0.0,1.0,4.0,0.0816,2.6464,0.0,0.0,0.0,0.0,http://akamai.com/news/2026/global-markets-update,0
38.0,10.0,0.0,1.0,0.0,2.0,0.0,1.0,0.0,2.0,0.0526,3.1219,0.0,0.0,0.0,0.0,https://target.com/watch?v=dQw4w9WgXcQ,0
55.0,14.0,1.0,2.0,0.0,0.0,0.0,1.0,0.0,4.0,0.0727,3.2359,0.0,0.0,0.0,0.0,https://docs.apple.com/community/discussions/topic/8821,0
130.0,52.0,0.0,2.0,6.0,9.0,0.0,1.0,10.0,6.0,0.0462,4.1939,1.0,0.0,0.0,0.0,https://security-dhl-tracking-verification-portal-update.com/account/signin/authenticate/step1/verify-password.php?client_id=47330,1
80.0,32.0,3.0,4.0,0.0,5.0,0.0,0.0,3.0,5.0,0.0625,3.6525,1.0,0.0,1.0,0.0,http://appleid.account.portal.hopto.org/signin?session_id=92350&redirect=account,1
52.0,27.0,1.0,2.0,2.0,2.0,0.0,1.0,2.0,0.0,0.0,3.708,0.0,0.0,0.0,0.0,https://community.bankofamerica.com/terms-of-service,0
106.0,20.0,0.0,2.0,3.0,9.0,0.0,1.0,6.0,5.0,0.0472,3.7219,1.0,0.0,2.0,1.0,https://verification-hub.fit/gateway?url=http://appleid-security-confirm.xyz/login&next=verify&token=95315,1
109.0,21.0,0.0,2.0,3.0,9.0,0.0,1.0,6.0,5.0,0.0459,3.8802,1.0,0.0,2.0,1.0,https://verification-hub.rest/gateway?url=http://microsoft-security-confirm.xyz/login&next=verify&token=94617,1
32.0,7.0,0.0,1.0,2.0,2.0,0.0,1.0,1.0,0.0,0.0,2.8074,0.0,0.0,0.0,0.0,https://mit.edu/terms-of-service,0
27.0,10.0,0.0,1.0,0.0,0.0,0.0,1.0,1.0,0.0,0.0,3.1219,0.0,0.0,0.0,0.0,https://reddit.com/services,0
59.0,27.0,0.0,2.0,0.0,0.0,0.0,0.0,0.0,10.0,0.1695,4.0603,0.0,0.0,0.0,1.0,http://atnd9tkg1f8yc8gzkdf6j76b.cf/gate/auth/870/index.html,1
126.0,49.0,0.0,2.0,5.0,8.0,0.0,0.0,10.0,6.0,0.0476,4.016,1.0,0.0,0.0,0.0,http://security-microsoft-verification-portal-update.com/account/signin/authenticate/step1/verify-password.php?client_id=19991,1
126.0,49.0,0.0,2.0,5.0,8.0,0.0,0.0,10.0,9.0,0.0714,4.1887,0.0,0.0,0.0,0.0,http://security-office365-verification-portal-update.com/account/signin/authenticate/step1/verify-password.php?client_id=55645,1
105.0,14.0,0.0,2.0,4.0,10.0,0.0,1.0,6.0,5.0,0.0476,3.3249,1.0,0.0,2.0,1.0,https://auth-portal.tk/gateway?url=http://dhl-tracking-security-confirm.xyz/login&next=verify&token=64575,1
85.0,36.0,3.0,4.0,0.0,5.0,0.0,1.0,4.0,5.0,0.0588,3.9613,1.0,0.0,1.0,0.0,https://linkedin.secure.validation.hopto.org/signin?session_id=55231&redirect=account,1
89.0,41.0,3.0,4.0,1.0,6.0,0.0,0.0,4.0,5.0,0.0562,3.9181,1.0,0.0,1.0,0.0,http://dhl-tracking.login.validation.duckdns.org/signin?session_id=55388&redirect=account,1
48.0,14.0,2.0,4.0,1.0,1.0,1.0,0.0,3.0,11.0,0.2292,2.7534,0.0,0.0,0.0,0.0,http://23.227.198.203/secure/verify-account.html,1
50.0,33.0,0.0,2.0,3.0,3.0,0.0,0.0,3.0,1.0,0.02,3.7259,0.0,0.0,0.0,1.0,http://app1e-security-account-center.top/login.php,1
32.0,9.0,0.0,1.0,0.0,2.0,0.0,1.0,0.0,1.0,0.0312,3.1699,0.0,0.0,0.0,0.0,https://vuejs.org/contact?page=2,0
70.0,31.0,0.0,2.0,3.0,3.0,0.0,0.0,3.0,0.0,0.0,3.8457,1.0,0.0,0.0,1.0,http://linkedin-renew-subscription.icu/account/update-credentials.html,1
127.0,49.0,0.0,2.0,5.0,8.0,0.0,1.0,10.0,9.0,0.0709,4.1887,0.0,0.0,0.0,0.0,https://security-office365-verification-portal-update.com/account/signin/authenticate/step1/verify-password.php?client_id=33736,1
37.0,13.0,1.0,2.0,0.0,2.0,0.0,0.0,1.0,0.0,0.0,3.2389,0.0,0.0,0.0,0.0,http://dev.apple.com/services?lang=en,0
62.0,10.0,0.0,1.0,0.0,2.0,0.0,0.0,0.0,4.0,0.0645,3.1219,0.0,0.0,0.0,0.0,http://python.org/community/discussions/topic/8821?sort=recent,0
44.0,12.0,2.0,4.0,1.0,3.0,1.0,0.0,1.0,9.0,0.2045,2.4591,0.0,0.0,0.0,0.0,http://203.0.113.19/login.php?ref=adobe-sign,1
50.0,33.0,0.0,2.0,3.0,3.0,0.0,0.0,3.0,1.0,0.02,3.6771,0.0,0.0,0.0,0.0,http://app1e-security-account-center.net/login.php,1
47.0,13.0,2.0,3.0,0.0,2.0,1.0,0.0,1.0,16.0,0.3404,2.5074,0.0,0.0,0.0,0.0,http://185.220.101.5/auth/signin?session=303768,1
57.0,26.0,0.0,1.0,2.0,5.0,0.0,0.0,4.0,6.0,0.1053,3.7155,0.0,0.0,0.0,0.0,http://outlook-signin-support.com/login?auth_token=616935,1
30.0,13.0,0.0,1.0,0.0,0.0,0.0,1.0,1.0,0.0,0.0,3.027,0.0,0.0,0.0,0.0,https://homedepot.com/services,0
51.0,8.0,0.0,1.0,0.0,4.0,0.0,1.0,0.0,0.0,0.0,2.75,0.0,0.0,0.0,0.0,https://imdb.com/search?q=machine+learning+tutorial,0
79.0,31.0,3.0,4.0,0.0,5.0,0.0,0.0,2.0,5.0,0.0633,3.889,1.0,0.0,1.0,0.0,http://linkedin.account.auth.zapto.org/signin?session_id=60118&redirect=account,1
41.0,13.0,0.0,1.0,0.0,2.0,0.0,1.0,0.0,2.0,0.0488,3.3927,0.0,0.0,0.0,0.0,https://instagram.com/watch?v=dQw4w9WgXcQ,0
41.0,16.0,1.0,2.0,2.0,2.0,0.0,1.0,1.0,0.0,0.0,3.5,0.0,0.0,0.0,0.0,https://docs.weather.com/terms-of-service,0
40.0,12.0,2.0,3.0,0.0,0.0,1.0,0.0,1.0,13.0,0.325,2.4591,0.0,0.0,0.0,0.0,http://203.0.113.19/verification/id/7962,1
54.0,22.0,0.0,2.0,0.0,0.0,0.0,0.0,0.0,9.0,0.1667,4.2776,0.0,0.0,0.0,1.0,http://974wxub0gz1vhhgy8n.top/gate/auth/116/index.html,1
28.0,11.0,0.0,1.0,0.0,0.0,0.0,1.0,0.0,0.0,0.0,3.0272,0.0,0.0,0.0,0.0,https://booking.com/products,0
31.0,14.0,0.0,1.0,0.0,0.0,0.0,1.0,0.0,0.0,0.0,2.8963,0.0,0.0,0.0,0.0,https://duckduckgo.com/help/faq,0
55.0,23.0,0.0,2.0,0.0,0.0,0.0,0.0,0.0,7.0,0.1273,4.0888,0.0,0.0,0.0,1.0,http://xw4emm9vasjevts1hn6b.ga/gate/auth/325/index.html,1
45.0,27.0,0.0,2.0,2.0,2.0,0.0,1.0,2.0,1.0,0.0222,3.634,0.0,0.0,0.0,0.0,https://micros0ft-account-center.cc/login.php,1
25.0,11.0,0.0,1.0,0.0,0.0,0.0,1.0,0.0,0.0,0.0,3.0958,0.0,0.0,0.0,0.0,https://mozilla.org/about,0
127.0,49.0,0.0,2.0,5.0,8.0,0.0,1.0,10.0,6.0,0.0472,4.0822,1.0,0.0,0.0,0.0,https://security-instagram-verification-portal-update.com/account/signin/authenticate/step1/verify-password.php?client_id=83537,1
41.0,24.0,0.0,2.0,2.0,2.0,0.0,0.0,2.0,1.0,0.0244,3.4864,0.0,0.0,0.0,0.0,http://paypa1-account-center.cc/login.php,1
57.0,11.0,0.0,1.0,0.0,2.0,0.0,1.0,0.0,1.0,0.0175,3.0272,0.0,0.0,0.0,0.0,https://dropbox.com/documentation/api/v2/overview?lang=en,0
37.0,15.0,1.0,2.0,1.0,1.0,0.0,0.0,0.0,0.0,0.0,3.0566,0.0,0.0,0.0,0.0,http://docs.akamai.com/privacy-policy,0
126.0,49.0,0.0,2.0,5.0,8.0,0.0,0.0,10.0,6.0,0.0476,4.016,1.0,0.0,0.0,0.0,http://security-microsoft-verification-portal-update.com/account/signin/authenticate/step1/verify-password.php?client_id=77965,1
78.0,30.0,3.0,4.0,0.0,5.0,0.0,0.0,4.0,5.0,0.0641,3.8151,1.0,0.0,1.0,0.0,http://paypal.login.service.hopto.org/signin?session_id=44506&redirect=account,1
52.0,12.0,2.0,3.0,2.0,5.0,1.0,0.0,3.0,9.0,0.1731,2.6258,0.0,0.0,0.0,0.0,http://172.16.254.1/cgi-bin/webscr?cmd=_login-submit,1
61.0,14.0,0.0,1.0,1.0,1.0,0.0,1.0,1.0,4.0,0.0656,3.5216,0.0,0.0,0.0,0.0,https://cloudflare.net/blog/article/2026/cybersecurity-trends,0
85.0,36.0,3.0,4.0,0.0,5.0,0.0,1.0,3.0,5.0,0.0588,3.8292,1.0,0.0,1.0,0.0,https://dropbox.account.validation.zapto.org/signin?session_id=72535&redirect=account,1
54.0,14.0,2.0,3.0,2.0,5.0,1.0,0.0,3.0,11.0,0.2037,2.4138,0.0,0.0,0.0,0.0,http://103.208.220.12/cgi-bin/webscr?cmd=_login-submit,1
56.0,25.0,0.0,1.0,2.0,5.0,0.0,0.0,3.0,6.0,0.1071,3.9435,1.0,0.0,0.0,1.0,http://netflix-password-reset.ga/login?auth_token=294589,1
41.0,17.0,0.0,1.0,0.0,2.0,0.0,1.0,0.0,0.0,0.0,3.6901,0.0,0.0,0.0,0.0,https://stackoverflow.com/contact?lang=en,0
45.0,8.0,0.0,1.0,2.0,4.0,0.0,1.0,1.0,0.0,0.0,3.0,0.0,0.0,0.0,0.0,https://ebay.com/terms-of-service?sort=recent,0
72.0,33.0,0.0,2.0,3.0,3.0,0.0,0.0,5.0,0.0,0.0,3.8997,1.0,0.0,0.0,0.0,http://bankofamerica-verify-account.info/account/update-credentials.html,1
56.0,13.0,1.0,2.0,0.0,4.0,0.0,1.0,0.0,5.0,0.0893,2.9312,0.0,0.0,0.0,0.0,https://dev.vimeo.com/item?id=49204&category=electronics,0
33.0,16.0,1.0,2.0,0.0,0.0,0.0,1.0,0.0,0.0,0.0,3.4528,0.0,0.0,0.0,0.0,https://dev.stanford.edu/products,0
41.0,13.0,2.0,3.0,0.0,0.0,1.0,0.0,1.0,14.0,0.3415,2.7193,0.0,0.0,0.0,0.0,http://192.168.1.105/verification/id/1060,1
38.0,10.0,0.0,1.0,0.0,2.0,0.0,1.0,0.0,2.0,0.0526,2.8464,0.0,0.0,0.0,0.0,https://medium.com/watch?v=dQw4w9WgXcQ,0
67.0,12.0,0.0,1.0,1.0,3.0,0.0,1.0,1.0,4.0,0.0597,3.0221,0.0,0.0,0.0,0.0,https://doordash.com/blog/article/2026/cybersecurity-trends?lang=en,0
42.0,25.0,0.0,2.0,2.0,2.0,0.0,0.0,2.0,1.0,0.0238,3.5329,0.0,0.0,0.0,0.0,http://paypa1-account-center.net/login.php,1
42.0,12.0,1.0,2.0,0.0,0.0,0.0,1.0,0.0,0.0,0.0,2.8554,0.0,0.0,0.0,0.0,https://news.cnn.com/user/profile/settings,0
43.0,9.0,2.0,4.0,1.0,1.0,1.0,0.0,3.0,6.0,0.1395,2.1133,0.0,0.0,0.0,0.0,http://10.0.0.45/secure/verify-account.html,1
38.0,8.0,0.0,1.0,0.0,0.0,0.0,1.0,0.0,0.0,0.0,3.0,0.0,0.0,0.0,0.0,https://yelp.com/user/profile/settings,0
67.0,23.0,0.0,1.0,3.0,8.0,0.0,1.0,2.0,4.0,0.0597,3.8492,1.0,0.0,0.0,0.0,https://paypal-auth-session.org/webscr?cmd=_login-run&dispatch=9955,1
64.0,32.0,0.0,2.0,0.0,0.0,0.0,0.0,0.0,15.0,0.2344,4.1403,0.0,0.0,0.0,1.0,http://8tndfww41f7v4k88k686qe7ajul7w.ml/gate/auth/160/index.html,1
24.0,17.0,1.0,2.0,0.0,0.0,0.0,0.0,0.0,0.0,0.0,3.3816,0.0,0.0,0.0,0.0,http://docs.linkedin.com,0
26.0,10.0,0.0,1.0,0.0,0.0,0.0,1.0,0.0,0.0,0.0,3.3219,0.0,0.0,0.0,0.0,https://github.com/contact,0
52.0,17.0,0.0,1.0,2.0,4.0,0.0,1.0,2.0,0.0,0.0,3.4548,0.0,0.0,0.0,0.0,https://bankofamerica.com/terms-of-service?mode=dark,0
88.0,39.0,3.0,4.0,1.0,6.0,0.0,1.0,4.0,5.0,0.0568,4.0898,1.0,0.0,1.0,0.0,https://dhl-tracking.secure.portal.bounceme.net/signin?session_id=26108&redirect=account,1
32.0,15.0,0.0,1.0,0.0,0.0,0.0,1.0,1.0,0.0,0.0,3.5069,0.0,0.0,0.0,0.0,https://tripadvisor.com/services,0
72.0,29.0,0.0,1.0,3.0,8.0,0.0,0.0,4.0,4.0,0.0556,3.9354,1.0,0.0,0.0,0.0,http://microsoft-security-update.net/webscr?cmd=_login-run&dispatch=5627,1
51.0,10.0,0.0,1.0,0.0,0.0,0.0,1.0,0.0,4.0,0.0784,3.1219,0.0,0.0,0.0,0.0,https://python.org/community/discussions/topic/8821,0
54.0,17.0,0.0,1.0,0.0,2.0,0.0,1.0,0.0,1.0,0.0185,3.6901,0.0,0.0,0.0,0.0,https://stackoverflow.com/user/profile/settings?page=2,0
60.0,28.0,0.0,2.0,0.0,0.0,0.0,0.0,0.0,9.0,0.15,4.3788,0.0,0.0,0.0,1.0,http://btsmaq3oklmc1rbk9rx647di.icu/gate/auth/110/index.html,1
67.0,28.0,0.0,2.0,4.0,4.0,0.0,0.0,4.0,0.0,0.0,4.1375,0.0,0.0,0.0,1.0,http://adobe-sign-verify-account.gq/account/update-credentials.html,1
35.0,10.0,0.0,1.0,2.0,2.0,0.0,1.0,1.0,0.0,0.0,2.9219,0.0,0.0,0.0,0.0,https://docker.com/terms-of-service,0
25.0,11.0,0.0,1.0,0.0,0.0,0.0,1.0,0.0,0.0,0.0,3.4594,0.0,0.0,0.0,0.0,https://netflix.com/about,0
80.0,32.0,3.0,4.0,0.0,5.0,0.0,0.0,4.0,5.0,0.0625,3.8431,1.0,0.0,1.0,0.0,http://appleid.verify.service.hopto.org/signin?session_id=99440&redirect=account,1
32.0,15.0,1.0,2.0,0.0,0.0,0.0,1.0,0.0,0.0,0.0,3.7736,0.0,0.0,0.0,0.0,https://news.gitlab.com/products,0
22.0,14.0,0.0,1.0,0.0,0.0,0.0,1.0,0.0,0.0,0.0,3.3788,0.0,0.0,0.0,0.0,https://cloudflare.com,0
73.0,34.0,0.0,2.0,4.0,4.0,0.0,0.0,4.0,0.0,0.0,4.0131,1.0,0.0,0.0,1.0,http://fedex-delivery-password-reset.buzz/account/update-credentials.html,1
126.0,48.0,0.0,2.0,5.0,8.0,0.0,1.0,10.0,6.0,0.0476,4.0999,1.0,0.0,0.0,0.0,https://security-linkedin-verification-portal-update.com/account/signin/authenticate/step1/verify-password.php?client_id=20891,1
70.0,33.0,0.0,2.0,3.0,3.0,0.0,0.0,2.0,4.0,0.0571,3.9981,0.0,0.0,0.0,0.0,http://adobe-sign-renew-subscription.com/verify/user/1448/security.php,1
28.0,11.0,0.0,1.0,0.0,0.0,0.0,1.0,0.0,0.0,0.0,3.0272,0.0,0.0,0.0,0.0,https://booking.com/help/faq,0
56.0,14.0,1.0,2.0,3.0,3.0,0.0,1.0,0.0,0.0,0.0,3.3788,0.0,0.0,0.0,0.0,https://app.gitlab.com/guide/getting-started-with-python,0
57.0,10.0,0.0,1.0,1.0,1.0,0.0,1.0,1.0,4.0,0.0702,2.9219,0.0,0.0,0.0,0.0,https://docker.com/blog/article/2026/cybersecurity-trends,0
59.0,27.0,0.0,2.0,0.0,0.0,0.0,0.0,0.0,11.0,0.1864,4.1064,0.0,0.0,0.0,1.0,http://pkq5c9035vuupltxu3yf15z.fit/gate/auth/421/index.html,1
52.0,14.0,0.0,1.0,0.0,0.0,0.0,1.0,0.0,1.0,0.0192,3.5216,0.0,0.0,0.0,0.0,https://wellsfargo.com/documentation/api/v2/overview,0
35.0,8.0,0.0,1.0,0.0,2.0,0.0,1.0,1.0,0.0,0.0,3.0,0.0,0.0,0.0,0.0,https://lyft.com/services?mode=dark,0
32.0,15.0,1.0,2.0,0.0,0.0,0.0,1.0,0.0,0.0,0.0,3.3232,0.0,0.0,0.0,0.0,https://api.booking.com/products,0
130.0,52.0,0.0,2.0,6.0,9.0,0.0,1.0,10.0,6.0,0.0462,4.1939,1.0,0.0,0.0,0.0,https://security-dhl-tracking-verification-portal-update.com/account/signin/authenticate/step1/verify-password.php?client_id=64784,1
57.0,25.0,0.0,2.0,0.0,0.0,0.0,0.0,0.0,10.0,0.1754,4.0537,0.0,0.0,0.0,1.0,http://8j4e3qabce2eh30oiqj7.club/gate/auth/265/index.html,1
57.0,25.0,0.0,2.0,0.0,0.0,0.0,0.0,0.0,10.0,0.1754,4.2439,0.0,0.0,0.0,1.0,http://8njf0pkbo549ewho5qq8.club/gate/auth/472/index.html,1
57.0,24.0,1.0,2.0,2.0,4.0,0.0,1.0,1.0,0.0,0.0,3.7202,0.0,0.0,0.0,0.0,https://community.craigslist.org/terms-of-service?lang=en,0
55.0,8.0,0.0,1.0,1.0,1.0,0.0,1.0,1.0,4.0,0.0727,3.0,0.0,0.0,0.0,0.0,https://bing.com/blog/article/2026/cybersecurity-trends,0
43.0,25.0,0.0,2.0,2.0,2.0,0.0,1.0,2.0,1.0,0.0233,3.7835,0.0,0.0,0.0,1.0,https://paypa1-account-center.xyz/login.php,1
41.0,13.0,0.0,1.0,0.0,2.0,0.0,1.0,0.0,3.0,0.0732,3.027,0.0,0.0,0.0,0.0,https://w3schools.com/watch?v=dQw4w9WgXcQ,0
40.0,17.0,1.0,2.0,1.0,1.0,0.0,1.0,0.0,0.0,0.0,3.4992,0.0,0.0,0.0,0.0,https://docs.vanguard.com/privacy-policy,0
103.0,16.0,0.0,2.0,3.0,9.0,0.0,0.0,6.0,8.0,0.0777,3.4528,0.0,0.0,2.0,1.0,http://auth-portal.rest/gateway?url=http://office365-security-confirm.xyz/login&next=verify&token=10220,1
67.0,34.0,0.0,2.0,0.0,0.0,0.0,1.0,0.0,10.0,0.1493,4.4992,0.0,0.0,0.0,1.0,https://1nzsxpefj31egom62hdxc6rijkq2z.buzz/gate/auth/381/index.html,1
65.0,33.0,0.0,2.0,0.0,0.0,0.0,0.0,0.0,10.0,0.1538,4.1502,0.0,0.0,0.0,1.0,http://fnp36f8harjhrf34jgvrp4rxmd8z.buzz/gate/auth/396/index.html,1
33.0,16.0,1.0,2.0,0.0,0.0,0.0,1.0,0.0,0.0,0.0,3.375,0.0,0.0,0.0,0.0,https://news.harvard.edu/help/faq,0
46.0,7.0,0.0,2.0,1.0,1.0,0.0,0.0,0.0,3.0,0.0652,2.8074,0.0,0.0,0.0,0.0,http://nih.gov/downloads/releases/version-3.13,0
51.0,11.0,0.0,2.0,1.0,1.0,0.0,1.0,0.0,3.0,0.0588,3.4594,0.0,0.0,0.0,0.0,https://netflix.com/downloads/releases/version-3.13,0
42.0,25.0,0.0,2.0,2.0,2.0,0.0,0.0,2.0,1.0,0.0238,3.5329,0.0,0.0,0.0,0.0,http://paypa1-account-center.net/login.php,1
33.0,10.0,0.0,1.0,1.0,1.0,0.0,1.0,0.0,0.0,0.0,3.1219,0.0,0.0,0.0,0.0,https://forbes.com/privacy-policy,0
65.0,32.0,0.0,2.0,0.0,0.0,0.0,1.0,0.0,18.0,0.2769,3.9886,0.0,0.0,0.0,1.0,https://myk8516sp18obs7587h91el88l1.rest/gate/auth/454/index.html,1
103.0,16.0,0.0,2.0,3.0,9.0,0.0,0.0,6.0,8.0,0.0777,3.5,0.0,0.0,2.0,1.0,http://auth-portal.work/gateway?url=http://office365-security-confirm.xyz/login&next=verify&token=75382,1
47.0,13.0,2.0,4.0,1.0,1.0,1.0,0.0,3.0,10.0,0.2128,2.4493,0.0,0.0,0.0,0.0,http://45.142.214.18/secure/verify-account.html,1
51.0,23.0,1.0,2.0,0.0,2.0,0.0,1.0,1.0,2.0,0.0392,3.5555,0.0,0.0,0.0,0.0,https://support.tripadvisor.com/watch?v=dQw4w9WgXcQ,0
43.0,25.0,0.0,2.0,2.0,2.0,0.0,1.0,2.0,1.0,0.0233,3.5631,0.0,0.0,0.0,1.0,https://paypa1-account-center.top/login.php,1
57.0,25.0,0.0,1.0,2.0,5.0,0.0,1.0,2.0,6.0,0.1053,4.0235,1.0,0.0,0.0,1.0,https://dropbox-auth-session.club/login?auth_token=345637,1
124.0,47.0,0.0,2.0,5.0,8.0,0.0,0.0,10.0,6.0,0.0484,4.1369,1.0,0.0,0.0,0.0,http://security-dropbox-verification-portal-update.com/account/signin/authenticate/step1/verify-password.php?client_id=43903,1
47.0,13.0,1.0,2.0,1.0,3.0,0.0,0.0,0.0,0.0,0.0,3.2389,0.0,0.0,0.0,0.0,http://docs.uber.com/privacy-policy?sort=recent,0
127.0,49.0,0.0,2.0,5.0,8.0,0.0,1.0,10.0,9.0,0.0709,4.1887,0.0,0.0,0.0,0.0,https://security-office365-verification-portal-update.com/account/signin/authenticate/step1/verify-password.php?client_id=98137,1
64.0,17.0,1.0,3.0,1.0,3.0,0.0,1.0,0.0,4.0,0.0625,3.5725,0.0,0.0,0.0,0.0,https://api.kubernetes.io/downloads/releases/version-3.13?page=2,0
56.0,25.0,0.0,1.0,2.0,5.0,0.0,0.0,3.0,6.0,0.1071,3.7533,1.0,0.0,0.0,1.0,http://dropbox-password-reset.cf/login?auth_token=970287,1
36.0,9.0,0.0,1.0,0.0,2.0,0.0,0.0,0.0,2.0,0.0556,2.6416,0.0,0.0,0.0,0.0,http://twitch.tv/watch?v=dQw4w9WgXcQ,0
125.0,47.0,0.0,2.0,5.0,8.0,0.0,1.0,10.0,6.0,0.048,4.1369,1.0,0.0,0.0,0.0,https://security-dropbox-verification-portal-update.com/account/signin/authenticate/step1/verify-password.php?client_id=80014,1
45.0,12.0,0.0,1.0,1.0,3.0,0.0,1.0,0.0,0.0,0.0,3.4183,0.0,0.0,0.0,0.0,https://vanguard.com/privacy-policy?mode=dark,0
51.0,33.0,0.0,2.0,3.0,3.0,0.0,1.0,3.0,1.0,0.0196,3.9226,0.0,0.0,0.0,1.0,https://netf1ix-verify-account-center.xyz/login.php,1
48.0,7.0,0.0,1.0,0.0,2.0,0.0,0.0,0.0,0.0,0.0,2.5216,0.0,0.0,0.0,0.0,http://zoom.us/user/profile/settings?sort=recent,0
57.0,25.0,0.0,2.0,0.0,0.0,0.0,0.0,0.0,12.0,0.2105,4.1337,0.0,0.0,0.0,1.0,http://rg4xv349n1d6dzbc7qk4k6.cf/gate/auth/519/index.html,1
44.0,14.0,0.0,1.0,0.0,0.0,0.0,1.0,0.0,0.0,0.0,2.8963,0.0,0.0,0.0,0.0,https://duckduckgo.com/user/profile/settings,0
64.0,24.0,0.0,2.0,3.0,3.0,0.0,1.0,3.0,0.0,0.0,3.6887,1.0,0.0,0.0,1.0,https://paypal-unlock-account.gq/account/update-credentials.html,1
78.0,29.0,3.0,4.0,0.0,5.0,0.0,1.0,2.0,5.0,0.0641,3.552,1.0,0.0,1.0,0.0,https://paypal.account.auth.zapto.org/signin?session_id=59934&redirect=account,1
106.0,19.0,0.0,2.0,3.0,9.0,0.0,0.0,6.0,5.0,0.0472,3.8924,1.0,0.0,2.0,1.0,http://verification-hub.ga/gateway?url=http://instagram-security-confirm.xyz/login&next=verify&token=47455,1
39.0,14.0,0.0,1.0,2.0,2.0,0.0,1.0,1.0,0.0,0.0,3.5216,0.0,0.0,0.0,0.0,https://wellsfargo.com/terms-of-service,0
50.0,33.0,0.0,2.0,3.0,3.0,0.0,0.0,3.0,1.0,0.02,3.8849,0.0,0.0,0.0,1.0,http://netf1ix-verify-account-center.top/login.php,1
61.0,11.0,0.0,2.0,1.0,3.0,0.0,1.0,0.0,3.0,0.0492,3.4594,0.0,0.0,0.0,0.0,https://netflix.com/downloads/releases/version-3.13?mode=dark,0
61.0,18.0,1.0,2.0,0.0,4.0,0.0,1.0,0.0,5.0,0.082,3.1972,0.0,0.0,0.0,0.0,https://dev.duckduckgo.com/item?id=49204&category=electronics,0
42.0,14.0,2.0,3.0,0.0,0.0,1.0,0.0,1.0,15.0,0.3571,2.4138,0.0,0.0,0.0,0.0,http://103.208.220.12/verification/id/6371,1
28.0,11.0,0.0,1.0,0.0,0.0,0.0,1.0,0.0,0.0,0.0,3.0958,0.0,0.0,0.0,0.0,https://walmart.com/help/faq,0
62.0,15.0,0.0,2.0,1.0,3.0,0.0,1.0,0.0,4.0,0.0645,3.5069,0.0,0.0,0.0,0.0,https://tripadvisor.com/downloads/releases/version-3.13?page=2,0
64.0,27.0,0.0,2.0,2.0,2.0,0.0,0.0,3.0,4.0,0.0625,3.8562,1.0,0.0,0.0,1.0,http://dropbox-security-update.top/verify/user/4943/security.php,1
48.0,14.0,2.0,4.0,1.0,1.0,1.0,0.0,3.0,11.0,0.2292,2.7534,0.0,0.0,0.0,0.0,http://91.240.118.172/secure/verify-account.html,1
50.0,10.0,0.0,2.0,1.0,1.0,0.0,1.0,0.0,3.0,0.06,2.7219,0.0,0.0,0.0,0.0,https://amazon.com/downloads/releases/version-3.13,0
31.0,14.0,0.0,1.0,0.0,0.0,0.0,1.0,1.0,0.0,0.0,3.2359,0.0,0.0,0.0,0.0,https://salesforce.com/services,0
37.0,11.0,0.0,1.0,0.0,2.0,0.0,1.0,0.0,0.0,0.0,3.0272,0.0,0.0,0.0,0.0,https://dropbox.com/about?sort=recent,0
25.0,8.0,0.0,1.0,0.0,0.0,0.0,1.0,1.0,0.0,0.0,3.0,0.0,0.0,0.0,0.0,https://etsy.com/services,0
65.0,15.0,1.0,2.0,2.0,4.0,0.0,1.0,1.0,4.0,0.0615,3.0062,0.0,0.0,0.0,0.0,https://docs.docker.com/news/2026/global-markets-update?mode=dark,0
42.0,25.0,0.0,2.0,2.0,2.0,0.0,0.0,2.0,1.0,0.0238,3.7835,0.0,0.0,0.0,1.0,http://paypa1-account-center.xyz/login.php,1
79.0,30.0,3.0,4.0,0.0,5.0,0.0,1.0,3.0,5.0,0.0633,3.8566,1.0,0.0,1.0,0.0,https://amazon.secure.auth.duckdns.org/signin?session_id=72094&redirect=account,1
47.0,8.0,0.0,1.0,0.0,0.0,0.0,1.0,0.0,0.0,0.0,3.0,0.0,0.0,0.0,0.0,https://yelp.com/categories/technology/software,0
106.0,18.0,0.0,2.0,3.0,9.0,0.0,1.0,6.0,5.0,0.0472,3.4194,1.0,0.0,2.0,1.0,https://account-center.fit/gateway?url=http://instagram-security-confirm.xyz/login&next=verify&token=47294,1
43.0,25.0,0.0,2.0,2.0,2.0,0.0,1.0,2.0,1.0,0.0233,3.5631,0.0,0.0,0.0,1.0,https://paypa1-account-center.top/login.php,1
28.0,11.0,0.0,1.0,0.0,0.0,0.0,1.0,0.0,0.0,0.0,3.2776,0.0,0.0,0.0,0.0,https://spotify.com/products,0
69.0,26.0,0.0,1.0,3.0,8.0,0.0,0.0,4.0,4.0,0.058,3.9501,1.0,0.0,0.0,1.0,http://netflix-signin-support.xyz/webscr?cmd=_login-run&dispatch=7050,1
27.0,11.0,0.0,1.0,0.0,0.0,0.0,1.0,0.0,0.0,0.0,3.0958,0.0,0.0,0.0,0.0,https://mozilla.org/contact,0
53.0,13.0,0.0,1.0,2.0,2.0,0.0,1.0,1.0,4.0,0.0755,3.3927,0.0,0.0,0.0,0.0,https://instagram.com/news/2026/global-markets-update,0
102.0,18.0,0.0,2.0,3.0,9.0,0.0,0.0,6.0,5.0,0.049,3.281,1.0,0.0,2.0,0.0,http://account-center.com/gateway?url=http://amazon-security-confirm.xyz/login&next=verify&token=86401,1
57.0,14.0,1.0,2.0,0.0,4.0,0.0,1.0,0.0,0.0,0.0,3.182,0.0,0.0,0.0,0.0,https://app.angular.io/search?q=machine+learning+tutorial,0
52.0,11.0,0.0,1.0,0.0,0.0,0.0,1.0,0.0,4.0,0.0769,3.0958,0.0,0.0,0.0,0.0,https://mozilla.org/community/discussions/topic/8821,0
54.0,11.0,1.0,2.0,0.0,4.0,0.0,1.0,0.0,0.0,0.0,2.7322,0.0,0.0,0.0,0.0,https://app.bbc.com/search?q=machine+learning+tutorial,0
36.0,8.0,0.0,1.0,0.0,2.0,0.0,1.0,0.0,2.0,0.0556,3.0,0.0,0.0,0.0,0.0,https://ebay.com/watch?v=dQw4w9WgXcQ,0
39.0,15.0,0.0,1.0,2.0,2.0,0.0,0.0,1.0,0.0,0.0,3.7736,0.0,0.0,0.0,0.0,http://theguardian.com/terms-of-service,0
24.0,8.0,0.0,1.0,0.0,0.0,0.0,1.0,0.0,0.0,0.0,3.0,0.0,0.0,0.0,0.0,https://etsy.com/contact,0
83.0,35.0,3.0,4.0,0.0,5.0,0.0,0.0,4.0,5.0,0.0602,3.7859,0.0,0.0,1.0,0.0,http://metamask.secure.validation.ddns.net/signin?session_id=61393&redirect=account,1
104.0,17.0,0.0,2.0,3.0,9.0,0.0,1.0,6.0,5.0,0.0481,3.4548,1.0,0.0,2.0,1.0,https://account-center.ml/gateway?url=http://linkedin-security-confirm.xyz/login&next=verify&token=85148,1
126.0,49.0,0.0,2.0,5.0,8.0,0.0,0.0,10.0,6.0,0.0476,4.016,1.0,0.0,0.0,0.0,http://security-microsoft-verification-portal-update.com/account/signin/authenticate/step1/verify-password.php?client_id=90199,1
105.0,20.0,0.0,2.0,3.0,9.0,0.0,0.0,6.0,5.0,0.0476,3.8842,1.0,0.0,2.0,0.0,http://verification-hub.com/gateway?url=http://netflix-security-confirm.xyz/login&next=verify&token=77264,1
67.0,17.0,0.0,1.0,0.0,2.0,0.0,0.0,1.0,4.0,0.0597,3.4548,0.0,0.0,0.0,0.0,http://bankofamerica.com/community/discussions/topic/8821?mode=dark,0
82.0,34.0,3.0,4.0,0.0,5.0,0.0,0.0,3.0,5.0,0.061,3.8078,1.0,0.0,1.0,0.0,http://google.account.service.duckdns.org/signin?session_id=54744&redirect=account,1
36.0,13.0,0.0,1.0,1.0,1.0,0.0,1.0,0.0,0.0,0.0,3.3927,0.0,0.0,0.0,0.0,https://pinterest.com/privacy-policy,0
34.0,17.0,0.0,1.0,0.0,0.0,0.0,1.0,2.0,0.0,0.0,3.4548,0.0,0.0,0.0,0.0,https://bankofamerica.com/services,0
127.0,50.0,0.0,2.0,6.0,9.0,0.0,0.0,10.0,6.0,0.0472,4.1493,0.0,0.0,0.0,0.0,http://security-adobe-sign-verification-portal-update.com/account/signin/authenticate/step1/verify-password.php?client_id=95980,1
51.0,33.0,0.0,2.0,3.0,3.0,0.0,1.0,3.0,1.0,0.0196,3.9077,0.0,0.0,0.0,1.0,https://app1e-security-account-center.xyz/login.php,1
76.0,28.0,3.0,4.0,0.0,5.0,0.0,0.0,3.0,5.0,0.0658,3.5531,1.0,0.0,1.0,0.0,http://linkedin.login.auth.ddns.net/signin?session_id=42737&redirect=account,1
62.0,14.0,1.0,2.0,2.0,4.0,0.0,1.0,1.0,4.0,0.0645,3.0391,0.0,0.0,0.0,0.0,https://docs.chase.com/news/2026/global-markets-update?lang=en,0
81.0,33.0,3.0,4.0,1.0,6.0,0.0,0.0,3.0,5.0,0.0617,3.8243,1.0,0.0,1.0,0.0,http://dhl-tracking.login.auth.hopto.org/signin?session_id=37605&redirect=account,1
55.0,12.0,0.0,1.0,0.0,4.0,0.0,1.0,0.0,0.0,0.0,3.4183,0.0,0.0,0.0,0.0,https://vanguard.com/search?q=machine+learning+tutorial,0
60.0,28.0,0.0,2.0,0.0,0.0,0.0,0.0,0.0,11.0,0.1833,4.4502,0.0,0.0,0.0,1.0,http://wypeek035n8cqphli5l692t.buzz/gate/auth/912/index.html,1
47.0,8.0,0.0,1.0,0.0,0.0,0.0,1.0,0.0,0.0,0.0,3.0,0.0,0.0,0.0,0.0,https://lyft.com/categories/technology/software,0
65.0,32.0,0.0,2.0,0.0,0.0,0.0,1.0,0.0,10.0,0.1538,4.3514,0.0,0.0,0.0,1.0,https://a5rbaykis11d2mrmtxjq3kmsx54.club/gate/auth/215/index.html,1
33.0,10.0,0.0,1.0,1.0,1.0,0.0,1.0,0.0,0.0,0.0,2.8464,0.0,0.0,0.0,0.0,https://medium.com/privacy-policy,0
40.0,15.0,1.0,2.0,2.0,2.0,0.0,1.0,1.0,0.0,0.0,3.3736,0.0,0.0,0.0,0.0,https://api.spotify.com/terms-of-service,0
51.0,33.0,0.0,2.0,3.0,3.0,0.0,1.0,3.0,1.0,0.0196,3.9226,0.0,0.0,0.0,1.0,https://netf1ix-verify-account-center.xyz/login.php,1
105.0,20.0,0.0,2.0,3.0,9.0,0.0,1.0,6.0,5.0,0.0476,3.8842,1.0,0.0,2.0,0.0,https://verification-hub.com/gateway?url=http://paypal-security-confirm.xyz/login&next=verify&token=18781,1
29.0,15.0,0.0,1.0,0.0,0.0,0.0,1.0,0.0,0.0,0.0,3.7736,0.0,0.0,0.0,0.0,https://theguardian.com/about,0
32.0,15.0,0.0,1.0,0.0,0.0,0.0,1.0,1.0,0.0,0.0,3.7736,0.0,0.0,0.0,0.0,https://theguardian.com/services,0
106.0,18.0,0.0,2.0,4.0,10.0,0.0,0.0,6.0,5.0,0.0472,3.281,0.0,0.0,2.0,1.0,http://account-center.icu/gateway?url=http://adobe-sign-security-confirm.xyz/login&next=verify&token=14051,1
58.0,25.0,0.0,2.0,0.0,0.0,0.0,1.0,0.0,5.0,0.0862,4.2439,0.0,0.0,0.0,1.0,https://hpcpbdn7zi6gaxlkkvpjr.top/gate/auth/411/index.html,1
48.0,10.0,0.0,1.0,0.0,0.0,0.0,1.0,0.0,1.0,0.0208,3.1219,0.0,0.0,0.0,0.0,https://python.org/documentation/api/v2/overview,0
68.0,30.0,0.0,2.0,2.0,2.0,0.0,1.0,3.0,4.0,0.0588,4.0566,1.0,0.0,0.0,1.0,https://wellsfargo-security-update.icu/verify/user/9039/security.php,1
39.0,11.0,0.0,1.0,0.0,2.0,0.0,1.0,0.0,2.0,0.0513,3.2776,0.0,0.0,0.0,0.0,https://spotify.com/watch?v=dQw4w9WgXcQ,0
25.0,11.0,0.0,1.0,0.0,0.0,0.0,1.0,0.0,0.0,0.0,3.2776,0.0,0.0,0.0,0.0,https://spotify.com/about,0
50.0,33.0,0.0,2.0,3.0,3.0,0.0,0.0,3.0,1.0,0.02,3.9226,0.0,0.0,0.0,1.0,http://netf1ix-verify-account-center.xyz/login.php,1
46.0,12.0,2.0,3.0,0.0,2.0,1.0,0.0,1.0,15.0,0.3261,2.4591,0.0,0.0,0.0,0.0,http://203.0.113.19/auth/signin?session=330987,1
61.0,14.0,0.0,1.0,1.0,1.0,0.0,1.0,1.0,4.0,0.0656,3.2359,0.0,0.0,0.0,0.0,https://salesforce.com/blog/article/2026/cybersecurity-trends,0
57.0,7.0,0.0,1.0,0.0,2.0,0.0,1.0,0.0,1.0,0.0175,2.5216,0.0,0.0,0.0,0.0,https://cdc.gov/documentation/api/v2/overview?sort=recent,0
125.0,48.0,0.0,2.0,5.0,8.0,0.0,0.0,10.0,6.0,0.048,4.08,0.0,0.0,0.0,0.0,http://security-metamask-verification-portal-update.com/account/signin/authenticate/step1/verify-password.php?client_id=24129,1
42.0,11.0,0.0,1.0,1.0,3.0,0.0,1.0,0.0,0.0,0.0,3.0958,0.0,0.0,0.0,0.0,https://walmart.com/privacy-policy?lang=en,0
60.0,27.0,0.0,2.0,0.0,0.0,0.0,1.0,0.0,9.0,0.15,4.2545,0.0,0.0,0.0,1.0,https://vlwojtxcf0kjd2v1l1vj35yr.ga/gate/auth/102/index.html,1
30.0,13.0,0.0,1.0,0.0,0.0,0.0,1.0,0.0,1.0,0.0333,3.027,0.0,0.0,0.0,0.0,https://w3schools.com/help/faq,0
108.0,20.0,0.0,2.0,3.0,9.0,0.0,1.0,6.0,5.0,0.0463,3.7219,1.0,0.0,2.0,1.0,https://verification-hub.fit/gateway?url=http://instagram-security-confirm.xyz/login&next=verify&token=52006,1
42.0,25.0,0.0,2.0,2.0,2.0,0.0,0.0,2.0,1.0,0.0238,3.7835,0.0,0.0,0.0,1.0,http://paypa1-account-center.xyz/login.php,1
25.0,8.0,0.0,1.0,0.0,0.0,0.0,1.0,0.0,0.0,0.0,2.75,0.0,0.0,0.0,0.0,https://imdb.com/help/faq,0
53.0,10.0,0.0,1.0,0.0,4.0,0.0,1.0,0.0,0.0,0.0,3.1219,0.0,0.0,0.0,0.0,https://angular.io/search?q=machine+learning+tutorial,0
81.0,32.0,3.0,4.0,0.0,5.0,0.0,1.0,3.0,5.0,0.0617,3.7653,1.0,0.0,1.0,0.0,https://netflix.account.service.ddns.net/signin?session_id=69259&redirect=account,1
104.0,18.0,0.0,2.0,3.0,9.0,0.0,1.0,6.0,5.0,0.0481,3.5724,1.0,0.0,2.0,1.0,https://account-center.xyz/gateway?url=http://netflix-security-confirm.xyz/login&next=verify&token=45456,1
33.0,16.0,1.0,2.0,0.0,0.0,0.0,1.0,0.0,0.0,0.0,3.125,0.0,0.0,0.0,0.0,https://blog.booking.com/products,0
27.0,12.0,0.0,1.0,0.0,0.0,0.0,0.0,0.0,0.0,0.0,3.4183,0.0,0.0,0.0,0.0,http://fidelity.com/contact,0
27.0,13.0,0.0,1.0,0.0,0.0,0.0,1.0,0.0,0.0,0.0,3.3927,0.0,0.0,0.0,0.0,https://instagram.com/about,0
51.0,33.0,0.0,2.0,3.0,3.0,0.0,1.0,3.0,1.0,0.0196,3.8849,0.0,0.0,0.0,1.0,https://netf1ix-verify-account-center.top/login.php,1
19.0,11.0,0.0,1.0,0.0,0.0,0.0,1.0,0.0,0.0,0.0,3.2776,0.0,0.0,0.0,0.0,https://bestbuy.com,0
40.0,10.0,0.0,1.0,0.0,0.0,0.0,1.0,0.0,0.0,0.0,3.1219,0.0,0.0,0.0,0.0,https://angular.io/user/profile/settings,0
49.0,9.0,0.0,1.0,2.0,2.0,0.0,1.0,1.0,4.0,0.0816,2.9477,0.0,0.0,0.0,0.0,https://apple.com/news/2026/global-markets-update,0
27.0,11.0,0.0,1.0,0.0,0.0,0.0,1.0,0.0,0.0,0.0,3.0272,0.0,0.0,0.0,0.0,https://twitter.com/contact,0
68.0,29.0,0.0,2.0,3.0,3.0,0.0,0.0,3.0,3.0,0.0441,3.8539,0.0,0.0,0.0,1.0,http://office365-unlock-account.club/account/update-credentials.html,1
37.0,14.0,1.0,2.0,1.0,1.0,0.0,1.0,0.0,0.0,0.0,3.3788,0.0,0.0,0.0,0.0,https://api.python.org/privacy-policy,0
42.0,25.0,0.0,2.0,2.0,2.0,0.0,0.0,2.0,2.0,0.0476,3.5133,0.0,0.0,0.0,0.0,http://g00gle-account-center.net/login.php,1
52.0,9.0,0.0,1.0,0.0,4.0,0.0,1.0,0.0,0.0,0.0,2.9477,0.0,0.0,0.0,0.0,https://chase.com/search?q=machine+learning+tutorial,0
37.0,13.0,0.0,1.0,0.0,2.0,0.0,1.0,0.0,1.0,0.027,3.3347,0.0,0.0,0.0,0.0,https://kubernetes.io/products?page=2,0
124.0,47.0,0.0,2.0,5.0,8.0,0.0,0.0,10.0,6.0,0.0484,4.0462,0.0,0.0,0.0,0.0,http://security-outlook-verification-portal-update.com/account/signin/authenticate/step1/verify-password.php?client_id=21161,1
42.0,14.0,2.0,3.0,0.0,0.0,1.0,0.0,1.0,15.0,0.3571,2.7534,0.0,0.0,0.0,0.0,http://193.106.191.28/verification/id/3743,1
61.0,29.0,0.0,2.0,0.0,0.0,0.0,0.0,0.0,9.0,0.1475,4.2113,0.0,0.0,0.0,1.0,http://g9xib86ktfrl69vsyxbbf4hetv.gq/gate/auth/231/index.html,1
66.0,34.0,0.0,1.0,3.0,6.0,0.0,1.0,2.0,6.0,0.0909,3.881,0.0,0.0,0.0,1.0,https://adobe-sign-renew-subscription.rest/login?auth_token=717499,1
55.0,9.0,0.0,1.0,0.0,2.0,0.0,1.0,0.0,1.0,0.0182,2.6416,0.0,0.0,0.0,0.0,https://twitch.tv/categories/technology/software?page=2,0
38.0,11.0,0.0,1.0,0.0,2.0,0.0,0.0,0.0,2.0,0.0526,3.2776,0.0,0.0,0.0,0.0,http://nytimes.com/watch?v=dQw4w9WgXcQ,0
59.0,11.0,0.0,1.0,0.0,2.0,0.0,1.0,0.0,0.0,0.0,3.2776,0.0,0.0,0.0,0.0,https://bestbuy.com/categories/technology/software?ref=home,0
28.0,14.0,1.0,2.0,0.0,0.0,0.0,1.0,0.0,0.0,0.0,3.0391,0.0,0.0,0.0,0.0,https://aws.amazon.com/about,0
34.0,9.0,0.0,1.0,2.0,2.0,0.0,1.0,1.0,0.0,0.0,3.1699,0.0,0.0,0.0,0.0,https://vuejs.org/terms-of-service,0
49.0,14.0,2.0,4.0,0.0,2.0,1.0,0.0,2.0,11.0,0.2245,2.7534,1.0,0.0,0.0,0.0,http://23.227.198.203/login.php?ref=bankofamerica,1
81.0,32.0,3.0,4.0,0.0,5.0,0.0,1.0,4.0,5.0,0.0617,3.9139,0.0,0.0,1.0,0.0,https://binance.login.portal.duckdns.org/signin?session_id=59465&redirect=account,1
34.0,9.0,0.0,1.0,2.0,2.0,0.0,1.0,1.0,0.0,0.0,2.9477,0.0,0.0,0.0,0.0,https://chase.com/terms-of-service,0
54.0,22.0,0.0,2.0,0.0,0.0,0.0,0.0,0.0,4.0,0.0741,3.8231,0.0,0.0,0.0,1.0,http://i3wdnmvqltzqwdyvybs.ml/gate/auth/614/index.html,1
46.0,12.0,2.0,3.0,0.0,2.0,1.0,0.0,1.0,15.0,0.3261,2.4591,0.0,0.0,0.0,0.0,http://203.0.113.19/auth/signin?session=855898,1
45.0,9.0,0.0,1.0,0.0,2.0,0.0,0.0,0.0,1.0,0.0222,2.9477,0.0,0.0,0.0,0.0,http://react.dev/user/profile/settings?page=2,0
125.0,48.0,0.0,2.0,5.0,8.0,0.0,0.0,10.0,6.0,0.048,4.08,0.0,0.0,0.0,0.0,http://security-metamask-verification-portal-update.com/account/signin/authenticate/step1/verify-password.php?client_id=96364,1
60.0,10.0,0.0,1.0,2.0,4.0,0.0,1.0,1.0,4.0,0.0667,3.1219,0.0,0.0,0.0,0.0,https://python.org/news/2026/global-markets-update?mode=dark,0
42.0,13.0,2.0,4.0,0.0,2.0,1.0,0.0,1.0,10.0,0.2381,2.4493,1.0,0.0,0.0,0.0,http://45.142.214.18/login.php?ref=netflix,1
57.0,14.0,1.0,2.0,0.0,4.0,0.0,1.0,0.0,5.0,0.0877,3.5216,0.0,0.0,0.0,0.0,https://dev.python.org/item?id=49204&category=electronics,0
105.0,19.0,0.0,2.0,3.0,9.0,0.0,0.0,6.0,5.0,0.0476,3.9977,1.0,0.0,2.0,1.0,http://verification-hub.ml/gateway?url=http://facebook-security-confirm.xyz/login&next=verify&token=23711,1
36.0,22.0,1.0,2.0,0.0,0.0,0.0,1.0,0.0,0.0,0.0,3.8231,0.0,0.0,0.0,0.0,https://blog.stackoverflow.com/about,0
45.0,28.0,0.0,2.0,2.0,2.0,0.0,0.0,2.0,1.0,0.0222,3.6959,0.0,0.0,0.0,0.0,http://micros0ft-account-center.com/login.php,1
28.0,14.0,0.0,1.0,0.0,0.0,0.0,1.0,0.0,0.0,0.0,3.2359,0.0,0.0,0.0,0.0,https://salesforce.com/about,0
72.0,29.0,0.0,1.0,3.0,8.0,0.0,0.0,4.0,4.0,0.0556,3.9614,1.0,0.0,0.0,1.0,http://linkedin-wallet-recovery.club/webscr?cmd=_login-run&dispatch=4085,1
70.0,23.0,1.0,2.0,1.0,1.0,0.0,1.0,1.0,4.0,0.0571,3.3603,0.0,0.0,0.0,0.0,https://community.microsoft.com/blog/article/2026/cybersecurity-trends,0
43.0,13.0,2.0,4.0,0.0,2.0,1.0,0.0,1.0,10.0,0.2326,2.4493,1.0,0.0,0.0,0.0,http://45.142.214.18/login.php?ref=linkedin,1
111.0,21.0,0.0,2.0,4.0,10.0,0.0,0.0,6.0,5.0,0.045,3.8802,1.0,0.0,2.0,1.0,http://verification-hub.buzz/gateway?url=http://dhl-tracking-security-confirm.xyz/login&next=verify&token=91087,1
107.0,21.0,0.0,2.0,3.0,9.0,0.0,0.0,6.0,5.0,0.0467,3.8802,1.0,0.0,2.0,1.0,http://verification-hub.rest/gateway?url=http://linkedin-security-confirm.xyz/login&next=verify&token=92864,1
62.0,31.0,0.0,1.0,3.0,6.0,0.0,0.0,4.0,6.0,0.0968,4.1557,1.0,0.0,0.0,0.0,http://dhl-tracking-verify-account.com/login?auth_token=235149,1
36.0,19.0,1.0,2.0,0.0,0.0,0.0,1.0,2.0,0.0,0.0,3.4316,0.0,0.0,0.0,0.0,https://support.youtube.com/services,0
16.0,8.0,0.0,1.0,0.0,0.0,0.0,1.0,0.0,0.0,0.0,3.0,0.0,0.0,0.0,0.0,https://yelp.com,0
111.0,19.0,0.0,2.0,4.0,10.0,0.0,0.0,6.0,5.0,0.045,3.4714,1.0,0.0,2.0,1.0,http://account-center.buzz/gateway?url=http://fedex-delivery-security-confirm.xyz/login&next=verify&token=37770,1
16.0,8.0,0.0,1.0,0.0,0.0,0.0,1.0,0.0,0.0,0.0,3.0,0.0,0.0,0.0,0.0,https://lyft.com,0
25.0,17.0,1.0,2.0,0.0,0.0,0.0,1.0,0.0,1.0,0.04,3.4548,0.0,0.0,0.0,0.0,https://api.w3schools.com,0
124.0,47.0,0.0,2.0,5.0,8.0,0.0,0.0,10.0,6.0,0.0484,4.1027,1.0,0.0,0.0,0.0,http://security-netflix-verification-portal-update.com/account/signin/authenticate/step1/verify-password.php?client_id=19077,1
48.0,8.0,0.0,1.0,2.0,2.0,0.0,1.0,1.0,4.0,0.0833,3.0,0.0,0.0,0.0,0.0,https://bing.com/news/2026/global-markets-update,0
79.0,31.0,3.0,4.0,0.0,5.0,0.0,0.0,4.0,5.0,0.0633,3.4974,0.0,0.0,1.0,0.0,http://outlook.secure.portal.hopto.org/signin?session_id=69956&redirect=account,1
126.0,49.0,0.0,2.0,5.0,8.0,0.0,0.0,10.0,6.0,0.0476,4.016,1.0,0.0,0.0,0.0,http://security-microsoft-verification-portal-update.com/account/signin/authenticate/step1/verify-password.php?client_id=83176,1
31.0,8.0,0.0,1.0,0.0,2.0,0.0,1.0,0.0,0.0,0.0,3.0,0.0,0.0,0.0,0.0,https://yelp.com/about?ref=home,0
50.0,10.0,0.0,1.0,2.0,2.0,0.0,1.0,1.0,4.0,0.08,3.3219,0.0,0.0,0.0,0.0,https://gitlab.com/news/2026/global-markets-update,0
83.0,35.0,3.0,4.0,0.0,5.0,0.0,0.0,4.0,5.0,0.0602,3.843,0.0,0.0,1.0,0.0,http://metamask.login.service.bounceme.net/signin?session_id=45933&redirect=account,1
41.0,24.0,0.0,2.0,2.0,2.0,0.0,0.0,2.0,2.0,0.0488,3.4864,0.0,0.0,0.0,0.0,http://g00gle-account-center.cc/login.php,1
125.0,48.0,0.0,2.0,5.0,8.0,0.0,0.0,10.0,6.0,0.048,4.08,0.0,0.0,0.0,0.0,http://security-metamask-verification-portal-update.com/account/signin/authenticate/step1/verify-password.php?client_id=19828,1
39.0,13.0,0.0,1.0,0.0,2.0,0.0,1.0,0.0,0.0,0.0,3.3347,0.0,0.0,0.0,0.0,https://kubernetes.io/about?sort=recent,0
64.0,31.0,0.0,2.0,0.0,0.0,0.0,1.0,0.0,11.0,0.1719,4.3736,0.0,0.0,0.0,1.0,https://6faoprmoc0k7ztdl25b7kxupr6h2.cf/gate/auth/852/index.html,1
42.0,25.0,0.0,2.0,2.0,2.0,0.0,0.0,2.0,2.0,0.0476,3.8635,0.0,0.0,0.0,1.0,http://g00gle-account-center.xyz/login.php,1
47.0,10.0,0.0,1.0,0.0,0.0,0.0,0.0,0.0,1.0,0.0213,2.9219,0.0,0.0,0.0,0.0,http://docker.com/documentation/api/v2/overview,0
27.0,10.0,0.0,1.0,0.0,0.0,0.0,1.0,0.0,0.0,0.0,3.3219,0.0,0.0,0.0,0.0,https://gitlab.com/products,0
65.0,26.0,0.0,2.0,3.0,3.0,0.0,0.0,5.0,0.0,0.0,3.6424,1.0,0.0,0.0,1.0,http://paypal-wallet-recovery.cam/account/update-credentials.html,1
60.0,12.0,1.0,2.0,0.0,2.0,0.0,1.0,0.0,0.0,0.0,2.8554,0.0,0.0,0.0,0.0,https://docs.zoom.us/categories/technology/software?ref=home,0
59.0,27.0,0.0,2.0,0.0,0.0,0.0,0.0,0.0,6.0,0.1017,4.1623,0.0,0.0,0.0,1.0,http://8acueobqt0d9tzhhnbavekvq.cf/gate/auth/195/index.html,1
37.0,9.0,0.0,1.0,0.0,2.0,0.0,1.0,0.0,2.0,0.0541,2.9477,0.0,0.0,0.0,0.0,https://chase.com/watch?v=dQw4w9WgXcQ,0
59.0,10.0,0.0,1.0,0.0,2.0,0.0,1.0,0.0,4.0,0.0678,3.1219,0.0,0.0,0.0,0.0,https://target.com/community/discussions/topic/8821?lang=en,0
86.0,38.0,3.0,4.0,0.0,5.0,0.0,0.0,4.0,5.0,0.0581,3.6653,1.0,0.0,1.0,0.0,http://microsoft.verify.service.servehttp.com/signin?session_id=49696&redirect=account,1
103.0,19.0,0.0,2.0,3.0,9.0,0.0,0.0,6.0,5.0,0.0485,3.8924,1.0,0.0,2.0,1.0,http://verification-hub.ga/gateway?url=http://google-security-confirm.xyz/login&next=verify&token=65797,1
108.0,21.0,0.0,2.0,3.0,9.0,0.0,0.0,6.0,5.0,0.0463,3.8802,1.0,0.0,2.0,1.0,http://verification-hub.rest/gateway?url=http://microsoft-security-confirm.xyz/login&next=verify&token=94928,1
40.0,13.0,0.0,1.0,0.0,2.0,0.0,1.0,0.0,0.0,0.0,3.3347,0.0,0.0,0.0,0.0,https://wikipedia.org/help/faq?mode=dark,0
54.0,16.0,0.0,1.0,0.0,0.0,0.0,1.0,0.0,1.0,0.0185,3.5,0.0,0.0,0.0,0.0,https://digitalocean.com/documentation/api/v2/overview,0
127.0,50.0,0.0,2.0,5.0,8.0,0.0,0.0,10.0,6.0,0.0472,4.1737,1.0,0.0,0.0,0.0,http://security-wellsfargo-verification-portal-update.com/account/signin/authenticate/step1/verify-password.php?client_id=59655,1
47.0,13.0,2.0,3.0,0.0,2.0,1.0,0.0,1.0,16.0,0.3404,2.8151,0.0,0.0,0.0,0.0,http://198.51.100.42/auth/signin?session=295666,1
103.0,17.0,0.0,2.0,3.0,9.0,0.0,1.0,6.0,5.0,0.0485,3.4548,1.0,0.0,2.0,1.0,https://account-center.ml/gateway?url=http://netflix-security-confirm.xyz/login&next=verify&token=75100,1
48.0,14.0,2.0,3.0,0.0,2.0,1.0,0.0,1.0,17.0,0.3542,2.7534,0.0,0.0,0.0,0.0,http://23.227.198.203/auth/signin?session=568179,1
40.0,11.0,0.0,1.0,0.0,2.0,0.0,1.0,0.0,0.0,0.0,3.0958,0.0,0.0,0.0,0.0,https://mozilla.org/help/faq?sort=recent,0
123.0,46.0,0.0,2.0,5.0,8.0,0.0,0.0,10.0,6.0,0.0488,4.0915,1.0,0.0,0.0,0.0,http://security-amazon-verification-portal-update.com/account/signin/authenticate/step1/verify-password.php?client_id=81256,1
36.0,11.0,0.0,1.0,2.0,2.0,0.0,1.0,1.0,0.0,0.0,3.2776,0.0,0.0,0.0,0.0,https://spotify.com/terms-of-service,0
55.0,17.0,1.0,2.0,0.0,0.0,0.0,1.0,0.0,1.0,0.0182,3.7345,0.0,0.0,0.0,0.0,https://dev.instagram.com/documentation/api/v2/overview,0
45.0,28.0,0.0,2.0,2.0,2.0,0.0,0.0,2.0,1.0,0.0222,3.7804,0.0,0.0,0.0,1.0,http://micros0ft-account-center.top/login.php,1
60.0,20.0,1.0,2.0,2.0,2.0,0.0,1.0,1.0,4.0,0.0667,3.9219,0.0,0.0,0.0,0.0,https://blog.theguardian.com/news/2026/global-markets-update,0
51.0,16.0,1.0,2.0,1.0,3.0,0.0,1.0,0.0,0.0,0.0,3.625,0.0,0.0,0.0,0.0,https://docs.netflix.com/privacy-policy?sort=recent,0
80.0,32.0,3.0,4.0,0.0,5.0,0.0,0.0,4.0,5.0,0.0625,3.8514,1.0,0.0,1.0,0.0,http://chase.login.validation.zapto.org/signin?session_id=74840&redirect=account,1
41.0,13.0,2.0,3.0,0.0,0.0,1.0,0.0,1.0,14.0,0.3415,2.4493,0.0,0.0,0.0,0.0,http://194.26.29.112/verification/id/4455,1
29.0,15.0,1.0,2.0,0.0,0.0,0.0,1.0,0.0,0.0,0.0,3.3232,0.0,0.0,0.0,0.0,https://api.booking.com/about,0
50.0,33.0,0.0,2.0,3.0,3.0,0.0,0.0,3.0,1.0,0.02,3.7377,0.0,0.0,0.0,0.0,http://netf1ix-verify-account-center.net/login.php,1
58.0,11.0,0.0,1.0,1.0,1.0,0.0,1.0,1.0,4.0,0.069,3.2776,0.0,0.0,0.0,0.0,https://spotify.com/blog/article/2026/cybersecurity-trends,0
42.0,25.0,0.0,2.0,2.0,2.0,0.0,0.0,2.0,2.0,0.0476,3.6537,0.0,0.0,0.0,0.0,http://g00gle-account-center.com/login.php,1
62.0,29.0,0.0,2.0,0.0,0.0,0.0,1.0,0.0,10.0,0.1613,4.4182,0.0,0.0,0.0,1.0,https://opo6j0m3loufhw8wlva02dz6.rest/gate/auth/884/index.html,1
27.0,10.0,0.0,1.0,0.0,0.0,0.0,1.0,0.0,0.0,0.0,2.9219,0.0,0.0,0.0,0.0,https://zillow.com/help/faq,0
46.0,16.0,0.0,1.0,0.0,0.0,0.0,1.0,0.0,0.0,0.0,3.5,0.0,0.0,0.0,0.0,https://digitalocean.com/user/profile/settings,0
125.0,47.0,0.0,2.0,5.0,8.0,0.0,1.0,10.0,6.0,0.048,4.1027,1.0,0.0,0.0,0.0,https://security-netflix-verification-portal-update.com/account/signin/authenticate/step1/verify-password.php?client_id=29205,1
66.0,16.0,1.0,2.0,3.0,5.0,0.0,0.0,0.0,0.0,0.0,3.4528,0.0,0.0,0.0,0.0,http://api.linkedin.com/guide/getting-started-with-python?ref=home,0
92.0,43.0,3.0,4.0,0.0,5.0,0.0,1.0,5.0,5.0,0.0543,4.0566,1.0,0.0,1.0,0.0,https://bankofamerica.secure.validation.duckdns.org/signin?session_id=57371&redirect=account,1
72.0,29.0,0.0,1.0,3.0,8.0,0.0,0.0,2.0,4.0,0.0556,4.0473,1.0,0.0,0.0,1.0,http://google-renew-subscription.cam/webscr?cmd=_login-run&dispatch=4865,1
64.0,22.0,1.0,2.0,3.0,3.0,0.0,1.0,1.0,0.0,0.0,3.6635,0.0,0.0,0.0,0.0,https://blog.bankofamerica.com/guide/getting-started-with-python,0
98.0,15.0,0.0,2.0,3.0,9.0,0.0,0.0,6.0,5.0,0.051,3.6402,1.0,0.0,2.0,1.0,http://auth-portal.xyz/gateway?url=http://chase-security-confirm.xyz/login&next=verify&token=30572,1
18.0,10.0,0.0,1.0,0.0,0.0,0.0,1.0,0.0,0.0,0.0,2.6464,0.0,0.0,0.0,0.0,https://google.com,0
72.0,34.0,0.0,2.0,3.0,3.0,0.0,1.0,3.0,4.0,0.0556,3.9176,1.0,0.0,0.0,1.0,https://fedex-delivery-security-update.xyz/verify/user/7027/security.php,1
49.0,19.0,1.0,2.0,0.0,0.0,0.0,1.0,0.0,0.0,0.0,3.4714,0.0,0.0,0.0,0.0,https://news.duckduckgo.com/user/profile/settings,0
42.0,13.0,2.0,4.0,0.0,2.0,1.0,0.0,1.0,10.0,0.2381,2.7193,0.0,0.0,0.0,0.0,http://192.168.1.105/login.php?ref=binance,1
22.0,8.0,0.0,1.0,0.0,0.0,0.0,1.0,0.0,0.0,0.0,3.0,0.0,0.0,0.0,0.0,https://ebay.com/about,0
68.0,20.0,1.0,3.0,1.0,3.0,0.0,1.0,0.0,3.0,0.0441,3.5842,0.0,0.0,0.0,0.0,https://app.digitalocean.com/downloads/releases/version-3.13?lang=en,0
28.0,11.0,0.0,1.0,0.0,0.0,0.0,1.0,1.0,0.0,0.0,3.2776,0.0,0.0,0.0,0.0,https://weather.com/services,0
51.0,33.0,0.0,2.0,3.0,3.0,0.0,1.0,3.0,1.0,0.0196,3.6771,0.0,0.0,0.0,0.0,https://app1e-security-account-center.net/login.php,1
55.0,12.0,0.0,1.0,0.0,4.0,0.0,1.0,0.0,5.0,0.0909,3.4183,0.0,0.0,0.0,0.0,https://stanford.edu/item?id=49204&category=electronics,0
46.0,8.0,0.0,1.0,0.0,0.0,0.0,1.0,0.0,1.0,0.0217,3.0,0.0,0.0,0.0,0.0,https://lyft.com/documentation/api/v2/overview,0
57.0,14.0,0.0,1.0,0.0,4.0,0.0,1.0,0.0,5.0,0.0877,3.2359,0.0,0.0,0.0,0.0,https://salesforce.com/item?id=49204&category=electronics,0
47.0,13.0,2.0,4.0,1.0,1.0,1.0,0.0,3.0,10.0,0.2128,2.8151,0.0,0.0,0.0,0.0,http://198.51.100.42/secure/verify-account.html,1
19.0,11.0,0.0,1.0,0.0,0.0,0.0,1.0,0.0,0.0,0.0,3.0272,0.0,0.0,0.0,0.0,https://booking.com,0
25.0,11.0,0.0,1.0,0.0,0.0,0.0,1.0,0.0,0.0,0.0,3.2776,0.0,0.0,0.0,0.0,https://spotify.com/about,0
55.0,23.0,0.0,2.0,0.0,0.0,0.0,0.0,0.0,9.0,0.1636,4.0888,0.0,0.0,0.0,1.0,http://tj9xpf0a5zdkeplbx889.ml/gate/auth/531/index.html,1
40.0,13.0,0.0,1.0,0.0,2.0,0.0,1.0,1.0,1.0,0.025,3.027,0.0,0.0,0.0,0.0,https://w3schools.com/services?mode=dark,0
49.0,9.0,0.0,1.0,2.0,2.0,0.0,1.0,1.0,4.0,0.0816,2.7255,0.0,0.0,0.0,0.0,https://vimeo.com/news/2026/global-markets-update,0
44.0,13.0,0.0,1.0,1.0,3.0,0.0,1.0,0.0,0.0,0.0,3.3347,0.0,0.0,0.0,0.0,https://wikipedia.org/privacy-policy?lang=en,0
43.0,10.0,0.0,1.0,2.0,4.0,0.0,1.0,1.0,0.0,0.0,2.7219,0.0,0.0,0.0,0.0,https://amazon.com/terms-of-service?lang=en,0
61.0,29.0,0.0,2.0,0.0,0.0,0.0,0.0,0.0,10.0,0.1639,4.2542,0.0,0.0,0.0,1.0,http://qdu2eb0t4uoxz3bg52ib4tctds.ml/gate/auth/365/index.html,1
50.0,15.0,1.0,2.0,1.0,3.0,0.0,1.0,0.0,0.0,0.0,3.3736,0.0,0.0,0.0,0.0,https://api.spotify.com/privacy-policy?sort=recent,0
87.0,38.0,3.0,4.0,1.0,6.0,0.0,1.0,4.0,5.0,0.0575,3.6094,1.0,0.0,1.0,0.0,https://fedex-delivery.verify.service.ddns.net/signin?session_id=42231&redirect=account,1
126.0,49.0,0.0,2.0,5.0,8.0,0.0,0.0,10.0,6.0,0.0476,4.0822,1.0,0.0,0.0,0.0,http://security-instagram-verification-portal-update.com/account/signin/authenticate/step1/verify-password.php?client_id=71216,1
103.0,17.0,0.0,2.0,3.0,9.0,0.0,1.0,6.0,5.0,0.0485,3.2639,0.0,0.0,2.0,1.0,https://account-center.cf/gateway?url=http://binance-security-confirm.xyz/login&next=verify&token=26529,1
56.0,15.0,1.0,2.0,0.0,0.0,0.0,1.0,0.0,4.0,0.0714,3.3232,0.0,0.0,0.0,0.0,https://api.twitter.com/community/discussions/topic/8821,0
50.0,33.0,0.0,2.0,3.0,3.0,0.0,0.0,3.0,1.0,0.02,3.7259,0.0,0.0,0.0,1.0,http://app1e-security-account-center.top/login.php,1
124.0,47.0,0.0,2.0,5.0,8.0,0.0,0.0,10.0,6.0,0.0484,4.1027,1.0,0.0,0.0,0.0,http://security-netflix-verification-portal-update.com/account/signin/authenticate/step1/verify-password.php?client_id=34684,1
56.0,9.0,0.0,1.0,1.0,1.0,0.0,1.0,1.0,4.0,0.0714,3.1699,0.0,0.0,0.0,0.0,https://vuejs.org/blog/article/2026/cybersecurity-trends,0
24.0,7.0,0.0,1.0,0.0,0.0,0.0,1.0,0.0,0.0,0.0,2.2359,0.0,0.0,0.0,0.0,https://cnn.com/products,0
57.0,15.0,0.0,1.0,0.0,2.0,0.0,1.0,0.0,0.0,0.0,3.7736,0.0,0.0,0.0,0.0,https://theguardian.com/user/profile/settings?sort=recent,0
46.0,28.0,0.0,2.0,2.0,2.0,0.0,1.0,2.0,1.0,0.0217,3.6959,0.0,0.0,0.0,0.0,https://micros0ft-account-center.com/login.php,1
54.0,14.0,0.0,2.0,1.0,1.0,0.0,1.0,0.0,3.0,0.0556,2.8963,0.0,0.0,0.0,0.0,https://duckduckgo.com/downloads/releases/version-3.13,0
104.0,17.0,0.0,2.0,3.0,9.0,0.0,0.0,6.0,5.0,0.0481,3.2639,1.0,0.0,2.0,1.0,http://account-center.cf/gateway?url=http://microsoft-security-confirm.xyz/login&next=verify&token=20788,1
30.0,13.0,0.0,1.0,0.0,0.0,0.0,1.0,1.0,0.0,0.0,3.3927,0.0,0.0,0.0,0.0,https://instagram.com/services,0
57.0,25.0,0.0,2.0,0.0,0.0,0.0,0.0,0.0,8.0,0.1404,4.0537,0.0,0.0,0.0,1.0,http://tt058cuij0yxiyqbvtdg3c.ga/gate/auth/635/index.html,1
42.0,25.0,0.0,2.0,2.0,2.0,0.0,0.0,2.0,1.0,0.0238,3.5631,0.0,0.0,0.0,1.0,http://paypa1-account-center.top/login.php,1
65.0,12.0,1.0,2.0,0.0,2.0,0.0,1.0,0.0,4.0,0.0615,3.2516,0.0,0.0,0.0,0.0,https://api.ebay.com/community/discussions/topic/8821?sort=recent,0
34.0,10.0,0.0,1.0,0.0,2.0,0.0,1.0,0.0,1.0,0.0294,2.8464,0.0,0.0,0.0,0.0,https://medium.com/products?page=2,0
25.0,8.0,0.0,1.0,0.0,0.0,0.0,1.0,1.0,0.0,0.0,3.0,0.0,0.0,0.0,0.0,https://yelp.com/services,0
41.0,13.0,1.0,2.0,0.0,2.0,0.0,1.0,0.0,2.0,0.0488,3.0851,0.0,0.0,0.0,0.0,https://app.chase.com/watch?v=dQw4w9WgXcQ,0
41.0,11.0,0.0,1.0,0.0,0.0,0.0,1.0,0.0,0.0,0.0,3.0272,0.0,0.0,0.0,0.0,https://twitter.com/user/profile/settings,0
57.0,25.0,0.0,2.0,0.0,0.0,0.0,0.0,0.0,12.0,0.2105,4.0537,0.0,0.0,0.0,1.0,http://v03ds0mwkog0z0c682u9.buzz/gate/auth/626/index.html,1
124.0,47.0,0.0,2.0,5.0,8.0,0.0,0.0,10.0,6.0,0.0484,4.0679,0.0,0.0,0.0,0.0,http://security-binance-verification-portal-update.com/account/signin/authenticate/step1/verify-password.php?client_id=10064,1
39.0,11.0,0.0,1.0,0.0,2.0,0.0,1.0,0.0,2.0,0.0513,3.2776,0.0,0.0,0.0,0.0,https://bestbuy.com/watch?v=dQw4w9WgXcQ,0
124.0,47.0,0.0,2.0,5.0,8.0,0.0,0.0,10.0,6.0,0.0484,4.1369,1.0,0.0,0.0,0.0,http://security-dropbox-verification-portal-update.com/account/signin/authenticate/step1/verify-password.php?client_id=11731,1
123.0,46.0,0.0,2.0,5.0,8.0,0.0,0.0,10.0,6.0,0.0488,4.0915,1.0,0.0,0.0,0.0,http://security-amazon-verification-portal-update.com/account/signin/authenticate/step1/verify-password.php?client_id=57000,1
28.0,11.0,0.0,1.0,0.0,0.0,0.0,1.0,1.0,0.0,0.0,2.914,0.0,0.0,0.0,0.0,https://harvard.edu/services,0
63.0,30.0,0.0,2.0,0.0,0.0,0.0,1.0,0.0,11.0,0.1746,4.1647,0.0,0.0,0.0,1.0,https://pqeq7z7e5rdeky820icfmq0ycy6.tk/gate/auth/543/index.html,1
58.0,11.0,0.0,1.0,1.0,1.0,0.0,1.0,1.0,4.0,0.069,3.0272,0.0,0.0,0.0,0.0,https://dropbox.com/blog/article/2026/cybersecurity-trends,0
56.0,9.0,0.0,1.0,2.0,4.0,0.0,1.0,1.0,5.0,0.0893,2.7255,0.0,0.0,0.0,0.0,https://vimeo.com/news/2026/global-markets-update?page=2,0
132.0,54.0,0.0,2.0,6.0,9.0,0.0,1.0,10.0,6.0,0.0455,4.0903,1.0,0.0,0.0,0.0,https://security-fedex-delivery-verification-portal-update.com/account/signin/authenticate/step1/verify-password.php?client_id=77194,1
70.0,31.0,0.0,2.0,3.0,3.0,0.0,0.0,4.0,0.0,0.0,3.7568,1.0,0.0,0.0,1.0,http://bankofamerica-unlock-account.cf/account/update-credentials.html,1
48.0,14.0,2.0,3.0,0.0,2.0,1.0,0.0,1.0,17.0,0.3542,2.7534,0.0,0.0,0.0,0.0,http://193.106.191.28/auth/signin?session=578482,1
51.0,33.0,0.0,2.0,3.0,3.0,0.0,1.0,3.0,1.0,0.0196,3.7377,0.0,0.0,0.0,0.0,https://netf1ix-verify-account-center.net/login.php,1
50.0,22.0,1.0,2.0,0.0,2.0,0.0,1.0,0.0,2.0,0.04,3.7888,0.0,0.0,0.0,0.0,https://news.stackoverflow.com/watch?v=dQw4w9WgXcQ,0
44.0,16.0,1.0,2.0,0.0,2.0,0.0,1.0,0.0,0.0,0.0,3.5,0.0,0.0,0.0,0.0,https://news.bestbuy.com/contact?sort=recent,0
51.0,33.0,0.0,2.0,3.0,3.0,0.0,1.0,3.0,1.0,0.0196,3.6771,0.0,0.0,0.0,0.0,https://app1e-security-account-center.net/login.php,1
57.0,18.0,1.0,2.0,0.0,0.0,0.0,1.0,0.0,0.0,0.0,3.4613,0.0,0.0,0.0,0.0,https://community.uber.com/categories/technology/software,0
28.0,12.0,0.0,1.0,0.0,0.0,0.0,0.0,0.0,0.0,0.0,3.0221,0.0,0.0,0.0,0.0,http://doordash.com/products,0
53.0,10.0,0.0,1.0,0.0,4.0,0.0,1.0,0.0,5.0,0.0943,2.9219,0.0,0.0,0.0,0.0,https://paypal.com/item?id=49204&category=electronics,0
30.0,7.0,0.0,1.0,1.0,1.0,0.0,1.0,0.0,0.0,0.0,2.8074,0.0,0.0,0.0,0.0,https://nih.gov/privacy-policy,0
66.0,34.0,0.0,2.0,0.0,0.0,0.0,0.0,0.0,9.0,0.1364,4.1751,0.0,0.0,0.0,1.0,http://2q3fkeoubxxq6mf5qafs4h6ssgfxu.club/gate/auth/832/index.html,1
45.0,28.0,0.0,2.0,2.0,2.0,0.0,0.0,2.0,1.0,0.0222,3.9947,0.0,0.0,0.0,1.0,http://micros0ft-account-center.xyz/login.php,1
24.0,16.0,0.0,1.0,0.0,0.0,0.0,1.0,0.0,0.0,0.0,3.5,0.0,0.0,0.0,0.0,https://digitalocean.com,0
66.0,34.0,0.0,1.0,3.0,6.0,0.0,1.0,4.0,6.0,0.0909,3.9513,1.0,0.0,0.0,1.0,https://fedex-delivery-signin-support.rest/login?auth_token=173783,1
46.0,12.0,2.0,3.0,0.0,2.0,1.0,0.0,1.0,15.0,0.3261,2.4591,0.0,0.0,0.0,0.0,http://203.0.113.19/auth/signin?session=928928,1
110.0,19.0,0.0,2.0,3.0,9.0,0.0,0.0,7.0,5.0,0.0455,3.9977,1.0,0.0,2.0,1.0,http://verification-hub.gq/gateway?url=http://bankofamerica-security-confirm.xyz/login&next=verify&token=25789,1
84.0,36.0,3.0,4.0,0.0,5.0,0.0,0.0,4.0,5.0,0.0595,3.6734,1.0,0.0,1.0,0.0,http://instagram.login.validation.zapto.org/signin?session_id=97516&redirect=account,1
36.0,12.0,0.0,1.0,0.0,2.0,0.0,1.0,0.0,0.0,0.0,3.4183,0.0,0.0,0.0,0.0,https://fidelity.com/about?mode=dark,0
103.0,15.0,0.0,2.0,3.0,9.0,0.0,0.0,6.0,5.0,0.0485,3.6402,1.0,0.0,2.0,1.0,http://auth-portal.xyz/gateway?url=http://wellsfargo-security-confirm.xyz/login&next=verify&token=79934,1
125.0,47.0,0.0,2.0,5.0,8.0,0.0,1.0,10.0,6.0,0.048,4.1027,1.0,0.0,0.0,0.0,https://security-netflix-verification-portal-update.com/account/signin/authenticate/step1/verify-password.php?client_id=59355,1
56.0,13.0,0.0,1.0,0.0,4.0,0.0,1.0,0.0,0.0,0.0,3.027,0.0,0.0,0.0,0.0,https://homedepot.com/search?q=machine+learning+tutorial,0
53.0,13.0,1.0,2.0,2.0,2.0,0.0,1.0,1.0,4.0,0.0755,3.2389,0.0,0.0,0.0,0.0,https://docs.ebay.com/news/2026/global-markets-update,0
55.0,12.0,1.0,2.0,0.0,4.0,0.0,1.0,0.0,0.0,0.0,3.2516,0.0,0.0,0.0,0.0,https://docs.mit.edu/search?q=machine+learning+tutorial,0
57.0,17.0,0.0,1.0,2.0,2.0,0.0,1.0,1.0,4.0,0.0702,3.6901,0.0,0.0,0.0,0.0,https://stackoverflow.com/news/2026/global-markets-update,0
58.0,17.0,0.0,1.0,0.0,0.0,0.0,1.0,1.0,4.0,0.069,3.4548,0.0,0.0,0.0,0.0,https://bankofamerica.com/community/discussions/topic/8821,0
60.0,7.0,0.0,1.0,0.0,2.0,0.0,1.0,0.0,4.0,0.0667,2.8074,0.0,0.0,0.0,0.0,https://nih.gov/community/discussions/topic/8821?sort=recent,0
50.0,10.0,0.0,1.0,2.0,2.0,0.0,1.0,1.0,4.0,0.08,3.3219,0.0,0.0,0.0,0.0,https://gitlab.com/news/2026/global-markets-update,0
54.0,15.0,1.0,2.0,0.0,0.0,0.0,1.0,0.0,0.0,0.0,3.5069,0.0,0.0,0.0,0.0,https://news.airbnb.com/categories/technology/software,0
125.0,47.0,0.0,2.0,5.0,8.0,0.0,1.0,10.0,6.0,0.048,4.1027,1.0,0.0,0.0,0.0,https://security-netflix-verification-portal-update.com/account/signin/authenticate/step1/verify-password.php?client_id=81840,1
57.0,25.0,0.0,2.0,0.0,0.0,0.0,0.0,0.0,9.0,0.1579,4.1035,0.0,0.0,0.0,1.0,http://aslw9hggg23kf8ou7oz9ro.ml/gate/auth/568/index.html,1
54.0,14.0,0.0,2.0,1.0,1.0,0.0,1.0,0.0,3.0,0.0556,3.5216,0.0,0.0,0.0,0.0,https://cloudflare.net/downloads/releases/version-3.13,0
33.0,7.0,0.0,1.0,0.0,2.0,0.0,1.0,0.0,0.0,0.0,2.8074,0.0,0.0,0.0,0.0,https://nih.gov/help/faq?ref=home,0
42.0,13.0,2.0,4.0,0.0,2.0,1.0,0.0,1.0,10.0,0.2381,2.8151,1.0,0.0,0.0,0.0,http://198.51.100.42/login.php?ref=netflix,1
125.0,48.0,0.0,2.0,5.0,8.0,0.0,0.0,10.0,6.0,0.048,4.08,0.0,0.0,0.0,0.0,http://security-metamask-verification-portal-update.com/account/signin/authenticate/step1/verify-password.php?client_id=84959,1
51.0,11.0,0.0,2.0,1.0,1.0,0.0,1.0,0.0,3.0,0.0588,3.0958,0.0,0.0,0.0,0.0,https://mozilla.org/downloads/releases/version-3.13,0
38.0,15.0,1.0,2.0,1.0,1.0,0.0,1.0,0.0,0.0,0.0,3.5069,0.0,0.0,0.0,0.0,https://docs.github.com/privacy-policy,0
56.0,9.0,0.0,1.0,1.0,1.0,0.0,1.0,1.0,4.0,0.0714,2.6416,0.0,0.0,0.0,0.0,https://twitch.tv/blog/article/2026/cybersecurity-trends,0
49.0,19.0,1.0,2.0,1.0,3.0,0.0,1.0,0.0,1.0,0.0204,3.5369,0.0,0.0,0.0,0.0,https://blog.cloudflare.com/privacy-policy?page=2,0
25.0,9.0,0.0,1.0,0.0,0.0,0.0,1.0,0.0,0.0,0.0,2.9477,0.0,0.0,0.0,0.0,https://chase.com/contact,0
61.0,21.0,1.0,2.0,2.0,2.0,0.0,1.0,2.0,4.0,0.0656,3.5352,0.0,0.0,0.0,0.0,https://support.bloomberg.com/news/2026/global-markets-update,0
37.0,14.0,1.0,2.0,0.0,2.0,0.0,1.0,0.0,0.0,0.0,3.3788,0.0,0.0,0.0,0.0,https://dev.forbes.com/about?ref=home,0
82.0,34.0,3.0,4.0,1.0,6.0,0.0,0.0,3.0,5.0,0.061,3.9591,1.0,0.0,1.0,0.0,http://fedex-delivery.login.auth.ddns.net/signin?session_id=98575&redirect=account,1
49.0,8.0,0.0,1.0,0.0,0.0,0.0,1.0,0.0,4.0,0.0816,3.0,0.0,0.0,0.0,0.0,https://ebay.com/community/discussions/topic/8821,0
43.0,13.0,0.0,1.0,0.0,0.0,0.0,1.0,0.0,0.0,0.0,3.027,0.0,0.0,0.0,0.0,https://microsoft.com/user/profile/settings,0
64.0,17.0,1.0,2.0,2.0,4.0,0.0,1.0,1.0,5.0,0.0781,3.7345,0.0,0.0,0.0,0.0,https://blog.stanford.edu/news/2026/global-markets-update?page=2,0
41.0,24.0,0.0,2.0,2.0,2.0,0.0,0.0,2.0,2.0,0.0488,3.4864,0.0,0.0,0.0,0.0,http://g00gle-account-center.cc/login.php,1
68.0,25.0,0.0,1.0,3.0,8.0,0.0,0.0,4.0,4.0,0.0588,3.9133,1.0,0.0,0.0,1.0,http://amazon-secure-portal.work/webscr?cmd=_login-run&dispatch=6387,1
57.0,19.0,1.0,2.0,0.0,0.0,0.0,1.0,0.0,1.0,0.0175,3.2608,0.0,0.0,0.0,0.0,https://community.vimeo.com/documentation/api/v2/overview,0
87.0,38.0,3.0,4.0,0.0,5.0,0.0,1.0,4.0,5.0,0.0575,4.0632,0.0,0.0,1.0,0.0,https://coinbase.verify.validation.duckdns.org/signin?session_id=65382&redirect=account,1
106.0,19.0,0.0,2.0,3.0,9.0,0.0,1.0,6.0,5.0,0.0472,3.4714,0.0,0.0,2.0,1.0,https://account-center.buzz/gateway?url=http://coinbase-security-confirm.xyz/login&next=verify&token=71536,1
104.0,16.0,0.0,2.0,4.0,10.0,0.0,0.0,6.0,5.0,0.0481,3.5,0.0,0.0,2.0,1.0,http://auth-portal.buzz/gateway?url=http://adobe-sign-security-confirm.xyz/login&next=verify&token=94554,1
36.0,9.0,0.0,1.0,0.0,2.0,0.0,0.0,0.0,2.0,0.0556,2.6416,0.0,0.0,0.0,0.0,http://twitch.tv/watch?v=dQw4w9WgXcQ,0
56.0,9.0,0.0,1.0,1.0,1.0,0.0,1.0,1.0,4.0,0.0714,2.7255,0.0,0.0,0.0,0.0,https://vimeo.com/blog/article/2026/cybersecurity-trends,0
53.0,13.0,2.0,3.0,2.0,5.0,1.0,0.0,3.0,10.0,0.1887,2.4493,0.0,0.0,0.0,0.0,http://194.26.29.112/cgi-bin/webscr?cmd=_login-submit,1
64.0,25.0,0.0,2.0,3.0,3.0,0.0,0.0,3.0,3.0,0.0469,4.0537,0.0,0.0,0.0,1.0,http://office365-auth-session.ml/account/update-credentials.html,1
57.0,25.0,0.0,2.0,0.0,0.0,0.0,0.0,0.0,7.0,0.1228,4.0039,0.0,0.0,0.0,1.0,http://h0uhk7x3bqwrmwlma6gmdr.ml/gate/auth/641/index.html,1
85.0,37.0,3.0,4.0,0.0,5.0,0.0,0.0,3.0,5.0,0.0588,3.7303,1.0,0.0,1.0,0.0,http://instagram.account.validation.ddns.net/signin?session_id=61775&redirect=account,1
130.0,53.0,0.0,2.0,5.0,8.0,0.0,0.0,11.0,6.0,0.0462,4.1219,1.0,0.0,0.0,0.0,http://security-bankofamerica-verification-portal-update.com/account/signin/authenticate/step1/verify-password.php?client_id=88924,1
49.0,14.0,0.0,1.0,1.0,3.0,0.0,1.0,0.0,0.0,0.0,3.5216,0.0,0.0,0.0,0.0,https://wellsfargo.com/privacy-policy?sort=recent,0
36.0,13.0,1.0,2.0,1.0,1.0,0.0,1.0,0.0,0.0,0.0,3.2389,0.0,0.0,0.0,0.0,https://blog.uber.com/privacy-policy,0
65.0,17.0,1.0,2.0,0.0,2.0,0.0,1.0,0.0,0.0,0.0,3.7345,0.0,0.0,0.0,0.0,https://news.vanguard.com/categories/technology/software?ref=home,0
34.0,17.0,1.0,2.0,0.0,0.0,0.0,1.0,1.0,0.0,0.0,3.2195,0.0,0.0,0.0,0.0,https://docs.facebook.com/services,0
39.0,16.0,1.0,2.0,1.0,1.0,0.0,1.0,1.0,0.0,0.0,3.4528,0.0,0.0,0.0,0.0,https://support.yelp.com/privacy-policy,0
62.0,19.0,1.0,2.0,0.0,4.0,0.0,1.0,1.0,0.0,0.0,3.8269,0.0,0.0,0.0,0.0,https://support.netflix.com/search?q=machine+learning+tutorial,0
59.0,16.0,1.0,2.0,0.0,4.0,0.0,1.0,0.0,5.0,0.0847,3.4528,0.0,0.0,0.0,0.0,https://docs.mozilla.org/item?id=49204&category=electronics,0
54.0,13.0,0.0,1.0,0.0,0.0,0.0,1.0,0.0,4.0,0.0741,3.3927,0.0,0.0,0.0,0.0,https://instagram.com/community/discussions/topic/8821,0
42.0,25.0,0.0,2.0,2.0,2.0,0.0,0.0,2.0,1.0,0.0238,3.7835,0.0,0.0,0.0,1.0,http://paypa1-account-center.xyz/login.php,1
68.0,25.0,1.0,2.0,0.0,4.0,0.0,1.0,2.0,5.0,0.0735,3.8635,0.0,0.0,0.0,0.0,https://support.bankofamerica.com/item?id=49204&category=electronics,0
57.0,11.0,0.0,1.0,1.0,1.0,0.0,0.0,1.0,4.0,0.0702,3.0958,0.0,0.0,0.0,0.0,http://mozilla.org/blog/article/2026/cybersecurity-trends,0
32.0,8.0,0.0,1.0,0.0,2.0,0.0,1.0,0.0,1.0,0.0312,3.0,0.0,0.0,0.0,0.0,https://uber.com/products?page=2,0
59.0,16.0,1.0,2.0,0.0,4.0,0.0,1.0,0.0,0.0,0.0,3.5,0.0,0.0,0.0,0.0,https://app.stanford.edu/search?q=machine+learning+tutorial,0
51.0,33.0,0.0,2.0,3.0,3.0,0.0,1.0,3.0,1.0,0.0196,3.9077,0.0,0.0,0.0,1.0,https://app1e-security-account-center.xyz/login.php,1
104.0,16.0,0.0,2.0,3.0,9.0,0.0,1.0,6.0,5.0,0.0481,3.4528,1.0,0.0,2.0,1.0,https://auth-portal.rest/gateway?url=http://instagram-security-confirm.xyz/login&next=verify&token=82443,1
98.0,14.0,0.0,2.0,3.0,9.0,0.0,0.0,6.0,5.0,0.051,3.3249,1.0,0.0,2.0,1.0,http://auth-portal.tk/gateway?url=http://google-security-confirm.xyz/login&next=verify&token=96278,1
34.0,11.0,0.0,1.0,1.0,1.0,0.0,1.0,0.0,0.0,0.0,3.4594,0.0,0.0,0.0,0.0,https://netflix.com/privacy-policy,0
36.0,15.0,1.0,2.0,0.0,2.0,0.0,1.0,0.0,1.0,0.0278,3.3232,0.0,0.0,0.0,0.0,https://dev.dropbox.com/about?page=2,0
65.0,27.0,0.0,2.0,2.0,2.0,0.0,1.0,3.0,4.0,0.0615,3.866,1.0,0.0,0.0,0.0,https://facebook-verify-account.com/verify/user/3903/security.php,1
55.0,12.0,0.0,1.0,0.0,4.0,0.0,1.0,0.0,0.0,0.0,3.0221,0.0,0.0,0.0,0.0,https://doordash.com/search?q=machine+learning+tutorial,0
65.0,27.0,0.0,2.0,2.0,2.0,0.0,1.0,3.0,4.0,0.0615,4.0323,1.0,0.0,0.0,1.0,https://facebook-login-attempt.buzz/verify/user/3357/security.php,1
68.0,9.0,0.0,1.0,1.0,3.0,0.0,1.0,1.0,4.0,0.0588,2.9477,0.0,0.0,0.0,0.0,https://quora.com/blog/article/2026/cybersecurity-trends?sort=recent,0
61.0,18.0,2.0,3.0,0.0,4.0,0.0,1.0,0.0,5.0,0.082,3.4194,0.0,0.0,0.0,0.0,https://dev.aws.amazon.com/item?id=49204&category=electronics,0
124.0,46.0,0.0,2.0,5.0,8.0,0.0,1.0,10.0,6.0,0.0484,4.0915,1.0,0.0,0.0,0.0,https://security-amazon-verification-portal-update.com/account/signin/authenticate/step1/verify-password.php?client_id=74903,1
34.0,18.0,1.0,2.0,0.0,0.0,0.0,1.0,0.0,1.0,0.0294,3.281,0.0,0.0,0.0,0.0,https://blog.w3schools.com/contact,0
72.0,29.0,0.0,1.0,3.0,8.0,0.0,0.0,4.0,4.0,0.0556,3.7194,1.0,0.0,0.0,1.0,http://microsoft-signin-support.rest/webscr?cmd=_login-run&dispatch=9596,1
124.0,47.0,0.0,2.0,5.0,8.0,0.0,0.0,10.0,6.0,0.0484,4.0679,0.0,0.0,0.0,0.0,http://security-binance-verification-portal-update.com/account/signin/authenticate/step1/verify-password.php?client_id=52587,1
38.0,10.0,0.0,1.0,0.0,2.0,0.0,1.0,0.0,2.0,0.0526,2.7219,0.0,0.0,0.0,0.0,https://amazon.com/watch?v=dQw4w9WgXcQ,0
67.0,34.0,0.0,2.0,0.0,0.0,0.0,1.0,0.0,10.0,0.1493,4.4182,0.0,0.0,0.0,1.0,https://xfoh9mbuzphd7ndjwt695g6mlv8jg.buzz/gate/auth/632/index.html,1
56.0,16.0,1.0,2.0,2.0,2.0,0.0,1.0,1.0,4.0,0.0714,3.5778,0.0,0.0,0.0,0.0,https://api.fidelity.com/news/2026/global-markets-update,0
48.0,14.0,2.0,4.0,1.0,1.0,1.0,0.0,3.0,11.0,0.2292,2.7534,0.0,0.0,0.0,0.0,http://23.227.198.203/secure/verify-account.html,1
78.0,29.0,3.0,4.0,0.0,5.0,0.0,1.0,3.0,5.0,0.0641,3.8833,1.0,0.0,1.0,0.0,https://amazon.login.auth.duckdns.org/signin?session_id=56299&redirect=account,1
53.0,10.0,0.0,1.0,0.0,4.0,0.0,1.0,0.0,0.0,0.0,2.9219,0.0,0.0,0.0,0.0,https://paypal.com/search?q=machine+learning+tutorial,0
26.0,9.0,0.0,1.0,0.0,0.0,0.0,1.0,1.0,0.0,0.0,2.9477,0.0,0.0,0.0,0.0,https://slack.com/services,0
44.0,14.0,1.0,2.0,0.0,0.0,0.0,1.0,0.0,0.0,0.0,3.3249,0.0,0.0,0.0,0.0,https://news.react.dev/user/profile/settings,0
28.0,11.0,0.0,1.0,0.0,0.0,0.0,1.0,1.0,0.0,0.0,3.2776,0.0,0.0,0.0,0.0,https://bestbuy.com/services,0
64.0,32.0,0.0,2.0,0.0,0.0,0.0,0.0,0.0,16.0,0.25,4.3514,0.0,0.0,0.0,1.0,http://ki2so19v58b1v1ccofh9194b70ld.xyz/gate/auth/687/index.html,1
85.0,36.0,3.0,4.0,0.0,5.0,0.0,1.0,3.0,5.0,0.0588,3.7845,1.0,0.0,1.0,0.0,https://appleid.account.validation.hopto.org/signin?session_id=46718&redirect=account,1
63.0,30.0,0.0,2.0,0.0,0.0,0.0,1.0,0.0,8.0,0.127,4.2817,0.0,0.0,0.0,1.0,https://jwlrkxjtmyswe1ga6srg1yd5my3.cf/gate/auth/897/index.html,1
69.0,16.0,1.0,2.0,0.0,2.0,0.0,1.0,0.0,4.0,0.058,3.3278,0.0,0.0,0.0,0.0,https://docs.harvard.edu/community/discussions/topic/8821?sort=recent,0
102.0,17.0,0.0,2.0,3.0,9.0,0.0,1.0,6.0,5.0,0.049,3.2928,1.0,0.0,2.0,1.0,https://account-center.tk/gateway?url=http://google-security-confirm.xyz/login&next=verify&token=22098,1
107.0,19.0,0.0,2.0,3.0,9.0,0.0,0.0,6.0,5.0,0.0467,3.9977,1.0,0.0,2.0,1.0,http://verification-hub.ml/gateway?url=http://wellsfargo-security-confirm.xyz/login&next=verify&token=78616,1
50.0,12.0,0.0,1.0,0.0,2.0,0.0,1.0,0.0,0.0,0.0,3.4183,0.0,0.0,0.0,0.0,https://fidelity.com/user/profile/settings?lang=en,0
32.0,15.0,1.0,2.0,0.0,0.0,0.0,1.0,0.0,0.0,0.0,3.3232,0.0,0.0,0.0,0.0,https://api.walmart.com/products,0
59.0,11.0,0.0,2.0,1.0,3.0,0.0,0.0,0.0,3.0,0.0508,3.2776,0.0,0.0,0.0,0.0,http://nytimes.com/downloads/releases/version-3.13?ref=home,0
124.0,47.0,0.0,2.0,5.0,8.0,0.0,0.0,10.0,6.0,0.0484,4.0679,0.0,0.0,0.0,0.0,http://security-binance-verification-portal-update.com/account/signin/authenticate/step1/verify-password.php?client_id=97453,1
15.0,7.0,0.0,1.0,0.0,0.0,0.0,1.0,0.0,0.0,0.0,2.5216,0.0,0.0,0.0,0.0,https://cdc.gov,0
43.0,13.0,0.0,1.0,0.0,0.0,0.0,1.0,0.0,0.0,0.0,3.3347,0.0,0.0,0.0,0.0,https://kubernetes.io/user/profile/settings,0
81.0,32.0,3.0,4.0,0.0,5.0,0.0,1.0,2.0,5.0,0.0617,3.5306,1.0,0.0,1.0,0.0,https://google.account.auth.bounceme.net/signin?session_id=35569&redirect=account,1
61.0,29.0,0.0,2.0,0.0,0.0,0.0,0.0,0.0,10.0,0.1639,4.1423,0.0,0.0,0.0,1.0,http://xhjmia6ykfcr6c1py6q9yl16zv.ml/gate/auth/682/index.html,1
55.0,23.0,0.0,2.0,0.0,0.0,0.0,0.0,0.0,8.0,0.1455,4.2627,0.0,0.0,0.0,1.0,http://3br4f2zdfppwc1qy9mba.tk/gate/auth/893/index.html,1
47.0,22.0,1.0,2.0,0.0,2.0,0.0,1.0,1.0,0.0,0.0,3.6292,0.0,0.0,0.0,0.0,https://docs.bankofamerica.com/help/faq?lang=en,0
42.0,25.0,0.0,2.0,2.0,2.0,0.0,0.0,2.0,2.0,0.0476,3.5133,0.0,0.0,0.0,0.0,http://g00gle-account-center.net/login.php,1
100.0,17.0,0.0,2.0,3.0,9.0,0.0,0.0,6.0,5.0,0.05,3.2639,1.0,0.0,2.0,1.0,http://account-center.cf/gateway?url=http://chase-security-confirm.xyz/login&next=verify&token=52294,1
63.0,31.0,0.0,2.0,0.0,0.0,0.0,0.0,0.0,8.0,0.127,4.1557,0.0,0.0,0.0,1.0,http://ba5mf36bcpweijmmb5jfysyz7p.club/gate/auth/961/index.html,1
54.0,12.0,0.0,1.0,0.0,4.0,0.0,0.0,0.0,0.0,0.0,3.4183,0.0,0.0,0.0,0.0,http://vanguard.com/search?q=machine+learning+tutorial,0
66.0,17.0,0.0,1.0,0.0,2.0,0.0,1.0,1.0,4.0,0.0606,3.4548,0.0,0.0,0.0,0.0,https://bankofamerica.com/community/discussions/topic/8821?lang=en,0
106.0,18.0,0.0,2.0,3.0,9.0,0.0,0.0,6.0,5.0,0.0472,3.5724,1.0,0.0,2.0,1.0,http://account-center.xyz/gateway?url=http://wellsfargo-security-confirm.xyz/login&next=verify&token=89102,1
41.0,11.0,0.0,1.0,0.0,0.0,0.0,1.0,0.0,0.0,0.0,3.2776,0.0,0.0,0.0,0.0,https://nytimes.com/user/profile/settings,0
39.0,17.0,1.0,2.0,1.0,1.0,0.0,0.0,1.0,0.0,0.0,3.3816,0.0,0.0,0.0,0.0,http://support.apple.com/privacy-policy,0
59.0,27.0,0.0,2.0,0.0,0.0,0.0,0.0,0.0,7.0,0.1186,4.1623,0.0,0.0,0.0,1.0,http://qnxpvmsr75rmg7f9fzjahsa.xyz/gate/auth/442/index.html,1
104.0,17.0,0.0,2.0,3.0,9.0,0.0,0.0,6.0,5.0,0.0481,3.2928,1.0,0.0,2.0,1.0,http://account-center.tk/gateway?url=http://microsoft-security-confirm.xyz/login&next=verify&token=31416,1
47.0,8.0,0.0,1.0,0.0,0.0,0.0,1.0,0.0,0.0,0.0,3.0,0.0,0.0,0.0,0.0,https://etsy.com/categories/technology/software,0
65.0,26.0,0.0,2.0,3.0,3.0,0.0,0.0,5.0,0.0,0.0,3.7483,1.0,0.0,0.0,1.0,http://google-signin-support.work/account/update-credentials.html,1
67.0,34.0,0.0,2.0,0.0,0.0,0.0,1.0,0.0,13.0,0.194,4.3594,0.0,0.0,0.0,1.0,https://824tl7je0q0rfoial5u8rze6v4uau.club/gate/auth/171/index.html,1
103.0,17.0,0.0,2.0,3.0,9.0,0.0,0.0,6.0,5.0,0.0485,3.4548,0.0,0.0,2.0,1.0,http://account-center.gq/gateway?url=http://metamask-security-confirm.xyz/login&next=verify&token=47805,1
43.0,9.0,2.0,3.0,0.0,2.0,1.0,0.0,1.0,12.0,0.2791,2.1133,0.0,0.0,0.0,0.0,http://10.0.0.45/auth/signin?session=232250,1
67.0,24.0,1.0,2.0,0.0,4.0,0.0,1.0,0.0,0.0,0.0,3.7406,0.0,0.0,0.0,0.0,https://community.cloudflare.com/search?q=machine+learning+tutorial,0
50.0,10.0,0.0,1.0,2.0,2.0,0.0,1.0,1.0,4.0,0.08,2.6464,0.0,0.0,0.0,0.0,https://akamai.com/news/2026/global-markets-update,0
57.0,25.0,0.0,2.0,0.0,0.0,0.0,0.0,0.0,6.0,0.1053,4.1337,0.0,0.0,0.0,1.0,http://fxen9nsjx4fogx8irjba.club/gate/auth/262/index.html,1
41.0,13.0,2.0,3.0,0.0,0.0,1.0,0.0,1.0,14.0,0.3415,2.4493,0.0,0.0,0.0,0.0,http://194.26.29.112/verification/id/5461,1
41.0,13.0,2.0,3.0,0.0,0.0,1.0,0.0,1.0,14.0,0.3415,2.4493,0.0,0.0,0.0,0.0,http://194.26.29.112/verification/id/7466,1
31.0,17.0,1.0,2.0,0.0,0.0,0.0,1.0,0.0,0.0,0.0,3.4992,0.0,0.0,0.0,0.0,https://docs.vanguard.com/about,0
48.0,14.0,2.0,4.0,1.0,1.0,1.0,0.0,3.0,11.0,0.2292,2.7534,0.0,0.0,0.0,0.0,http://193.106.191.28/secure/verify-account.html,1
50.0,10.0,0.0,1.0,2.0,2.0,0.0,1.0,1.0,4.0,0.08,3.1219,0.0,0.0,0.0,0.0,https://forbes.com/news/2026/global-markets-update,0
55.0,23.0,0.0,2.0,0.0,0.0,0.0,0.0,0.0,8.0,0.1455,4.0018,0.0,0.0,0.0,1.0,http://jmvrydc1au9dsav917r.top/gate/auth/718/index.html,1
106.0,14.0,0.0,2.0,3.0,9.0,0.0,1.0,7.0,5.0,0.0472,3.5216,1.0,0.0,2.0,1.0,https://auth-portal.cf/gateway?url=http://bankofamerica-security-confirm.xyz/login&next=verify&token=60990,1
47.0,9.0,0.0,1.0,0.0,0.0,0.0,1.0,0.0,1.0,0.0213,2.9477,0.0,0.0,0.0,0.0,https://chase.com/documentation/api/v2/overview,0
57.0,25.0,0.0,1.0,2.0,5.0,0.0,1.0,2.0,6.0,0.1053,3.9737,1.0,0.0,0.0,1.0,https://dropbox-urgent-notice.xyz/login?auth_token=383031,1
87.0,39.0,3.0,4.0,0.0,5.0,0.0,0.0,4.0,5.0,0.0575,4.0353,1.0,0.0,1.0,0.0,http://netflix.verify.validation.servehttp.com/signin?session_id=51766&redirect=account,1
51.0,13.0,0.0,1.0,0.0,2.0,0.0,1.0,0.0,0.0,0.0,3.3347,0.0,0.0,0.0,0.0,https://kubernetes.io/user/profile/settings?lang=en,0
125.0,47.0,0.0,2.0,5.0,8.0,0.0,1.0,10.0,6.0,0.048,4.0679,0.0,0.0,0.0,0.0,https://security-binance-verification-portal-update.com/account/signin/authenticate/step1/verify-password.php?client_id=59958,1
58.0,27.0,0.0,1.0,2.0,5.0,0.0,0.0,2.0,6.0,0.1034,3.8562,0.0,0.0,0.0,0.0,http://metamask-urgent-notice.info/login?auth_token=855274,1
71.0,28.0,0.0,1.0,3.0,8.0,0.0,0.0,3.0,4.0,0.0563,3.709,1.0,0.0,0.0,1.0,http://linkedin-password-reset.rest/webscr?cmd=_login-run&dispatch=1359,1
104.0,15.0,0.0,2.0,4.0,10.0,0.0,1.0,6.0,5.0,0.0481,3.1899,0.0,0.0,2.0,1.0,https://auth-portal.top/gateway?url=http://adobe-sign-security-confirm.xyz/login&next=verify&token=52879,1
52.0,12.0,2.0,3.0,2.0,5.0,1.0,0.0,3.0,9.0,0.1731,2.6258,0.0,0.0,0.0,0.0,http://172.16.254.1/cgi-bin/webscr?cmd=_login-submit,1
129.0,52.0,0.0,2.0,6.0,9.0,0.0,0.0,10.0,6.0,0.0465,4.1939,1.0,0.0,0.0,0.0,http://security-dhl-tracking-verification-portal-update.com/account/signin/authenticate/step1/verify-password.php?client_id=95710,1
42.0,24.0,0.0,2.0,2.0,2.0,0.0,1.0,2.0,2.0,0.0476,3.4864,0.0,0.0,0.0,0.0,https://g00gle-account-center.cc/login.php,1
123.0,46.0,0.0,2.0,5.0,8.0,0.0,0.0,10.0,6.0,0.0488,4.0316,1.0,0.0,0.0,0.0,http://security-paypal-verification-portal-update.com/account/signin/authenticate/step1/verify-password.php?client_id=74915,1
41.0,11.0,0.0,1.0,0.0,0.0,0.0,1.0,0.0,0.0,0.0,3.0958,0.0,0.0,0.0,0.0,https://walmart.com/user/profile/settings,0
36.0,19.0,1.0,2.0,0.0,0.0,0.0,1.0,0.0,0.0,0.0,3.5766,0.0,0.0,0.0,0.0,https://news.craigslist.org/help/faq,0
84.0,36.0,3.0,4.0,0.0,5.0,0.0,0.0,4.0,5.0,0.0595,3.628,1.0,0.0,1.0,0.0,http://linkedin.secure.service.bounceme.net/signin?session_id=34485&redirect=account,1
50.0,33.0,0.0,2.0,3.0,3.0,0.0,0.0,3.0,1.0,0.02,3.8849,0.0,0.0,0.0,1.0,http://netf1ix-verify-account-center.top/login.php,1
28.0,20.0,1.0,2.0,0.0,0.0,0.0,1.0,0.0,0.0,0.0,3.5842,0.0,0.0,0.0,0.0,https://community.python.org,0
66.0,25.0,1.0,2.0,0.0,0.0,0.0,1.0,2.0,4.0,0.0606,3.8635,0.0,0.0,0.0,0.0,https://support.bankofamerica.com/community/discussions/topic/8821,0
34.0,10.0,0.0,1.0,0.0,2.0,0.0,1.0,0.0,0.0,0.0,3.1219,0.0,0.0,0.0,0.0,https://reddit.com/contact?lang=en,0
50.0,11.0,0.0,1.0,0.0,2.0,0.0,1.0,0.0,0.0,0.0,3.0958,0.0,0.0,0.0,0.0,https://mozilla.org/user/profile/settings?ref=home,0
67.0,27.0,0.0,2.0,3.0,3.0,0.0,1.0,4.0,3.0,0.0448,4.0323,0.0,0.0,0.0,1.0,https://office365-verify-account.tk/account/update-credentials.html,1
41.0,13.0,2.0,3.0,0.0,0.0,1.0,0.0,1.0,14.0,0.3415,2.4493,0.0,0.0,0.0,0.0,http://194.26.29.112/verification/id/5715,1
42.0,25.0,0.0,2.0,2.0,2.0,0.0,0.0,2.0,1.0,0.0238,3.5329,0.0,0.0,0.0,0.0,http://paypa1-account-center.net/login.php,1
55.0,15.0,1.0,2.0,2.0,2.0,0.0,1.0,1.0,4.0,0.0727,3.5069,0.0,0.0,0.0,0.0,https://news.python.org/news/2026/global-markets-update,0
71.0,27.0,0.0,1.0,3.0,8.0,0.0,1.0,4.0,4.0,0.0563,3.9582,0.0,0.0,0.0,1.0,https://coinbase-security-update.cf/webscr?cmd=_login-run&dispatch=9600,1
58.0,15.0,1.0,2.0,0.0,4.0,0.0,1.0,0.0,5.0,0.0862,3.5069,0.0,0.0,0.0,0.0,https://blog.reddit.com/item?id=49204&category=electronics,0
57.0,14.0,1.0,2.0,0.0,4.0,0.0,1.0,0.0,5.0,0.0877,3.5216,0.0,0.0,0.0,0.0,https://blog.azure.com/item?id=49204&category=electronics,0
53.0,13.0,0.0,2.0,1.0,1.0,0.0,1.0,0.0,3.0,0.0566,3.027,0.0,0.0,0.0,0.0,https://bloomberg.com/downloads/releases/version-3.13,0
30.0,13.0,0.0,1.0,0.0,0.0,0.0,1.0,1.0,0.0,0.0,3.027,0.0,0.0,0.0,0.0,https://microsoft.com/services,0
59.0,16.0,1.0,2.0,0.0,4.0,0.0,1.0,0.0,0.0,0.0,3.4528,0.0,0.0,0.0,0.0,https://blog.twitter.com/search?q=machine+learning+tutorial,0
103.0,19.0,0.0,2.0,3.0,9.0,0.0,0.0,6.0,5.0,0.0485,3.2866,1.0,0.0,2.0,1.0,http://account-center.rest/gateway?url=http://google-security-confirm.xyz/login&next=verify&token=28304,1
61.0,30.0,0.0,1.0,3.0,6.0,0.0,0.0,4.0,6.0,0.0984,3.8151,1.0,0.0,0.0,1.0,http://dhl-tracking-billing-alert.icu/login?auth_token=658358,1
59.0,17.0,1.0,2.0,3.0,3.0,0.0,1.0,0.0,0.0,0.0,3.4992,0.0,0.0,0.0,0.0,https://docs.vanguard.com/guide/getting-started-with-python,0
125.0,47.0,0.0,2.0,5.0,8.0,0.0,1.0,10.0,6.0,0.048,4.0462,0.0,0.0,0.0,0.0,https://security-outlook-verification-portal-update.com/account/signin/authenticate/step1/verify-password.php?client_id=69998,1
41.0,13.0,0.0,1.0,0.0,2.0,0.0,1.0,0.0,2.0,0.0488,3.3927,0.0,0.0,0.0,0.0,https://instagram.com/watch?v=dQw4w9WgXcQ,0
29.0,16.0,1.0,2.0,0.0,0.0,0.0,0.0,0.0,0.0,0.0,3.2028,0.0,0.0,0.0,0.0,http://app.facebook.com/about,0
35.0,19.0,1.0,2.0,0.0,0.0,0.0,0.0,1.0,0.0,0.0,3.6163,0.0,0.0,0.0,0.0,http://support.nytimes.com/help/faq,0
60.0,23.0,0.0,2.0,2.0,2.0,0.0,0.0,3.0,4.0,0.0667,3.5014,1.0,0.0,0.0,1.0,http://paypal-login-attempt.ga/verify/user/6157/security.php,1
79.0,31.0,3.0,4.0,0.0,5.0,0.0,0.0,4.0,5.0,0.0633,3.7844,0.0,0.0,1.0,0.0,http://binance.login.service.hopto.org/signin?session_id=32553&redirect=account,1
45.0,10.0,0.0,1.0,1.0,3.0,0.0,1.0,0.0,0.0,0.0,3.3219,0.0,0.0,0.0,0.0,https://fastly.com/privacy-policy?sort=recent,0
48.0,8.0,0.0,1.0,2.0,2.0,0.0,1.0,1.0,4.0,0.0833,3.0,0.0,0.0,0.0,0.0,https://etsy.com/news/2026/global-markets-update,0
29.0,13.0,0.0,1.0,0.0,0.0,0.0,0.0,0.0,0.0,0.0,3.027,0.0,0.0,0.0,0.0,http://bloomberg.com/help/faq,0
50.0,7.0,0.0,1.0,0.0,4.0,0.0,1.0,0.0,5.0,0.1,2.2359,0.0,0.0,0.0,0.0,https://cnn.com/item?id=49204&category=electronics,0
46.0,18.0,1.0,2.0,0.0,2.0,0.0,1.0,1.0,2.0,0.0435,3.3921,0.0,0.0,0.0,0.0,https://support.paypal.com/watch?v=dQw4w9WgXcQ,0
57.0,14.0,1.0,2.0,0.0,4.0,0.0,1.0,0.0,0.0,0.0,3.0391,0.0,0.0,0.0,0.0,https://aws.amazon.com/search?q=machine+learning+tutorial,0
47.0,13.0,2.0,4.0,1.0,1.0,1.0,0.0,3.0,10.0,0.2128,2.8151,0.0,0.0,0.0,0.0,http://198.51.100.42/secure/verify-account.html,1
55.0,22.0,0.0,2.0,0.0,0.0,0.0,1.0,0.0,10.0,0.1818,3.8797,0.0,0.0,0.0,1.0,https://n6eqv5y21id9vvn5x4.xyz/gate/auth/531/index.html,1
46.0,8.0,0.0,1.0,0.0,0.0,0.0,1.0,0.0,1.0,0.0217,3.0,0.0,0.0,0.0,0.0,https://etsy.com/documentation/api/v2/overview,0
56.0,25.0,0.0,1.0,2.0,5.0,0.0,0.0,3.0,6.0,0.1071,3.5395,0.0,0.0,0.0,1.0,http://binance-unlock-account.cf/login?auth_token=859490,1
50.0,10.0,0.0,1.0,2.0,2.0,0.0,1.0,1.0,4.0,0.08,2.9219,0.0,0.0,0.0,0.0,https://docker.com/news/2026/global-markets-update,0
80.0,32.0,3.0,4.0,0.0,5.0,0.0,0.0,3.0,5.0,0.0625,3.9917,1.0,0.0,1.0,0.0,http://amazon.verify.auth.servehttp.com/signin?session_id=92557&redirect=account,1
39.0,9.0,0.0,1.0,0.0,0.0,0.0,1.0,0.0,0.0,0.0,2.6416,0.0,0.0,0.0,0.0,https://yahoo.com/user/profile/settings,0
122.0,45.0,0.0,2.0,5.0,8.0,0.0,0.0,10.0,6.0,0.0492,4.0805,1.0,0.0,0.0,0.0,http://security-chase-verification-portal-update.com/account/signin/authenticate/step1/verify-password.php?client_id=61505,1
54.0,14.0,2.0,3.0,2.0,5.0,1.0,0.0,3.0,11.0,0.2037,2.4138,0.0,0.0,0.0,0.0,http://103.208.220.12/cgi-bin/webscr?cmd=_login-submit,1
49.0,32.0,0.0,2.0,3.0,3.0,0.0,0.0,3.0,1.0,0.0204,3.6556,0.0,0.0,0.0,0.0,http://app1e-security-account-center.cc/login.php,1
64.0,14.0,0.0,1.0,3.0,5.0,0.0,1.0,0.0,0.0,0.0,3.2359,0.0,0.0,0.0,0.0,https://craigslist.org/guide/getting-started-with-python?lang=en,0
49.0,19.0,2.0,3.0,0.0,0.0,0.0,1.0,0.0,0.0,0.0,3.1814,0.0,0.0,0.0,0.0,https://docs.aws.amazon.com/user/profile/settings,0
47.0,13.0,2.0,4.0,1.0,1.0,1.0,0.0,3.0,10.0,0.2128,2.4493,0.0,0.0,0.0,0.0,http://45.142.214.18/secure/verify-account.html,1
42.0,17.0,1.0,2.0,2.0,2.0,0.0,1.0,2.0,0.0,0.0,3.3816,0.0,0.0,0.0,0.0,https://support.vuejs.org/terms-of-service,0
64.0,32.0,0.0,1.0,2.0,5.0,0.0,1.0,5.0,6.0,0.0938,3.9528,1.0,0.0,0.0,1.0,https://bankofamerica-wallet-recovery.ml/login?auth_token=342069,1
62.0,15.0,1.0,2.0,1.0,1.0,0.0,1.0,1.0,4.0,0.0645,3.3232,0.0,0.0,0.0,0.0,https://blog.python.org/blog/article/2026/cybersecurity-trends,0
50.0,7.0,0.0,1.0,0.0,4.0,0.0,1.0,0.0,0.0,0.0,2.8074,0.0,0.0,0.0,0.0,https://nih.gov/search?q=machine+learning+tutorial,0
101.0,16.0,0.0,2.0,3.0,9.0,0.0,0.0,6.0,5.0,0.0495,3.5,0.0,0.0,2.0,1.0,http://auth-portal.work/gateway?url=http://outlook-security-confirm.xyz/login&next=verify&token=21109,1
43.0,25.0,0.0,2.0,2.0,2.0,0.0,1.0,2.0,1.0,0.0233,3.5329,0.0,0.0,0.0,0.0,https://paypa1-account-center.net/login.php,1
30.0,14.0,0.0,1.0,0.0,0.0,0.0,1.0,0.0,0.0,0.0,2.8963,0.0,0.0,0.0,0.0,https://duckduckgo.com/contact,0
54.0,7.0,0.0,2.0,1.0,3.0,0.0,1.0,0.0,4.0,0.0741,2.8074,0.0,0.0,0.0,0.0,https://nih.gov/downloads/releases/version-3.13?page=2,0
37.0,7.0,0.0,1.0,0.0,0.0,0.0,1.0,0.0,0.0,0.0,2.8074,0.0,0.0,0.0,0.0,https://nih.gov/user/profile/settings,0
82.0,34.0,3.0,4.0,0.0,5.0,0.0,0.0,4.0,5.0,0.061,3.8222,0.0,0.0,1.0,0.0,http://outlook.verify.validation.ddns.net/signin?session_id=32579&redirect=account,1
53.0,12.0,0.0,1.0,0.0,0.0,0.0,1.0,0.0,4.0,0.0755,3.4183,0.0,0.0,0.0,0.0,https://vanguard.com/community/discussions/topic/8821,0
59.0,16.0,0.0,1.0,0.0,4.0,0.0,1.0,0.0,0.0,0.0,3.5,0.0,0.0,0.0,0.0,https://digitalocean.com/search?q=machine+learning+tutorial,0
58.0,7.0,0.0,1.0,3.0,5.0,0.0,1.0,0.0,0.0,0.0,2.2359,0.0,0.0,0.0,0.0,https://cnn.com/guide/getting-started-with-python?ref=home,0
43.0,15.0,1.0,2.0,0.0,2.0,0.0,1.0,0.0,2.0,0.0465,3.3736,0.0,0.0,0.0,0.0,https://blog.target.com/watch?v=dQw4w9WgXcQ,0
54.0,16.0,0.0,1.0,0.0,0.0,0.0,1.0,0.0,1.0,0.0185,3.5,0.0,0.0,0.0,0.0,https://digitalocean.com/documentation/api/v2/overview,0
45.0,7.0,0.0,1.0,0.0,0.0,0.0,1.0,0.0,1.0,0.0222,2.5216,0.0,0.0,0.0,0.0,https://zoom.us/documentation/api/v2/overview,0
48.0,14.0,2.0,3.0,0.0,2.0,1.0,0.0,1.0,17.0,0.3542,2.7534,0.0,0.0,0.0,0.0,http://91.240.118.172/auth/signin?session=725278,1
67.0,18.0,1.0,3.0,1.0,3.0,0.0,1.0,0.0,3.0,0.0448,3.3921,0.0,0.0,0.0,0.0,https://blog.homedepot.com/downloads/releases/version-3.13?ref=home,0
46.0,13.0,0.0,1.0,1.0,3.0,0.0,1.0,0.0,0.0,0.0,3.3347,0.0,0.0,0.0,0.0,https://wikipedia.org/privacy-policy?mode=dark,0
35.0,10.0,0.0,1.0,2.0,2.0,0.0,1.0,1.0,0.0,0.0,3.1219,0.0,0.0,0.0,0.0,https://target.com/terms-of-service,0
39.0,9.0,0.0,1.0,0.0,0.0,0.0,1.0,0.0,0.0,0.0,2.7255,0.0,0.0,0.0,0.0,https://vimeo.com/user/profile/settings,0
53.0,14.0,0.0,1.0,0.0,0.0,0.0,1.0,0.0,0.0,0.0,3.2359,0.0,0.0,0.0,0.0,https://craigslist.org/categories/technology/software,0
43.0,13.0,2.0,4.0,0.0,2.0,1.0,0.0,1.0,10.0,0.2326,2.5074,1.0,0.0,0.0,0.0,http://185.220.101.5/login.php?ref=linkedin,1
65.0,33.0,0.0,2.0,0.0,0.0,0.0,0.0,0.0,11.0,0.1692,4.2256,0.0,0.0,0.0,1.0,http://3vcg8d2tn20vz9ly2skkftfytks1f.icu/gate/auth/881/index.html,1
30.0,7.0,0.0,1.0,1.0,1.0,0.0,1.0,0.0,0.0,0.0,2.2359,0.0,0.0,0.0,0.0,https://bbc.com/privacy-policy,0
67.0,35.0,0.0,2.0,0.0,0.0,0.0,0.0,0.0,13.0,0.194,4.3433,0.0,0.0,0.0,1.0,http://u6fotwftq9y69xfq1enngay37vg688.buzz/gate/auth/452/index.html,1
70.0,27.0,0.0,1.0,3.0,8.0,0.0,0.0,3.0,4.0,0.0571,3.8842,1.0,0.0,0.0,1.0,http://dropbox-confirm-identity.cf/webscr?cmd=_login-run&dispatch=6909,1
36.0,10.0,0.0,1.0,0.0,2.0,0.0,1.0,0.0,0.0,0.0,3.1219,0.0,0.0,0.0,0.0,https://airbnb.com/products?ref=home,0
64.0,17.0,1.0,2.0,1.0,1.0,0.0,1.0,2.0,4.0,0.0625,3.4548,0.0,0.0,0.0,0.0,https://support.vimeo.com/blog/article/2026/cybersecurity-trends,0
130.0,52.0,0.0,2.0,6.0,9.0,0.0,1.0,10.0,6.0,0.0462,4.1939,1.0,0.0,0.0,0.0,https://security-dhl-tracking-verification-portal-update.com/account/signin/authenticate/step1/verify-password.php?client_id=63421,1
56.0,13.0,0.0,1.0,0.0,4.0,0.0,1.0,0.0,6.0,0.1071,3.027,0.0,0.0,0.0,0.0,https://w3schools.com/item?id=49204&category=electronics,0
105.0,20.0,0.0,2.0,3.0,9.0,0.0,0.0,6.0,5.0,0.0476,3.8842,0.0,0.0,2.0,1.0,http://verification-hub.cam/gateway?url=http://outlook-security-confirm.xyz/login&next=verify&token=18324,1
42.0,18.0,1.0,2.0,0.0,2.0,0.0,1.0,0.0,0.0,0.0,3.6144,0.0,0.0,0.0,0.0,https://news.instagram.com/contact?lang=en,0
53.0,13.0,2.0,3.0,2.0,5.0,1.0,0.0,3.0,10.0,0.1887,2.5074,0.0,0.0,0.0,0.0,http://185.220.101.5/cgi-bin/webscr?cmd=_login-submit,1
57.0,8.0,0.0,1.0,0.0,2.0,0.0,1.0,0.0,0.0,0.0,3.0,0.0,0.0,0.0,0.0,https://lyft.com/categories/technology/software?mode=dark,0
48.0,14.0,2.0,4.0,1.0,1.0,1.0,0.0,3.0,11.0,0.2292,2.4138,0.0,0.0,0.0,0.0,http://103.208.220.12/secure/verify-account.html,1
89.0,40.0,3.0,4.0,1.0,6.0,0.0,1.0,4.0,5.0,0.0562,4.1153,0.0,0.0,1.0,0.0,https://adobe-sign.verify.validation.duckdns.org/signin?session_id=36812&redirect=account,1
66.0,16.0,0.0,2.0,1.0,3.0,0.0,1.0,0.0,3.0,0.0455,3.5,0.0,0.0,0.0,0.0,https://digitalocean.com/downloads/releases/version-3.13?mode=dark,0
49.0,8.0,0.0,1.0,3.0,3.0,0.0,0.0,0.0,0.0,0.0,3.0,0.0,0.0,0.0,0.0,http://lyft.com/guide/getting-started-with-python,0
76.0,39.0,0.0,2.0,3.0,3.0,0.0,0.0,2.0,4.0,0.0526,4.0385,1.0,0.0,0.0,1.0,http://fedex-delivery-suspicious-activity.club/verify/user/3713/security.php,1
44.0,18.0,1.0,2.0,0.0,2.0,0.0,1.0,2.0,0.0,0.0,3.3502,0.0,0.0,0.0,0.0,https://support.stripe.com/services?ref=home,0
53.0,10.0,0.0,1.0,0.0,4.0,0.0,1.0,0.0,0.0,0.0,3.1219,0.0,0.0,0.0,0.0,https://python.org/search?q=machine+learning+tutorial,0
29.0,13.0,0.0,1.0,0.0,0.0,0.0,1.0,0.0,0.0,0.0,3.027,0.0,0.0,0.0,0.0,https://microsoft.com/contact,0
41.0,13.0,2.0,3.0,0.0,0.0,1.0,0.0,1.0,14.0,0.3415,2.4493,0.0,0.0,0.0,0.0,http://45.142.214.18/verification/id/2359,1
53.0,11.0,0.0,1.0,3.0,3.0,0.0,1.0,0.0,0.0,0.0,3.0958,0.0,0.0,0.0,0.0,https://walmart.com/guide/getting-started-with-python,0
61.0,18.0,1.0,2.0,0.0,4.0,0.0,1.0,0.0,0.0,0.0,3.3502,0.0,0.0,0.0,0.0,https://community.etsy.com/search?q=machine+learning+tutorial,0
65.0,26.0,0.0,2.0,3.0,3.0,0.0,0.0,4.0,0.0,0.0,3.7483,0.0,0.0,0.0,1.0,http://coinbase-login-attempt.top/account/update-credentials.html,1
129.0,52.0,0.0,2.0,6.0,9.0,0.0,0.0,10.0,6.0,0.0465,4.1939,1.0,0.0,0.0,0.0,http://security-dhl-tracking-verification-portal-update.com/account/signin/authenticate/step1/verify-password.php?client_id=30066,1
59.0,18.0,1.0,2.0,0.0,0.0,0.0,1.0,1.0,4.0,0.0678,3.3921,0.0,0.0,0.0,0.0,https://support.paypal.com/community/discussions/topic/8821,0
103.0,18.0,0.0,2.0,3.0,9.0,0.0,1.0,6.0,5.0,0.0485,3.5724,1.0,0.0,2.0,1.0,https://account-center.xyz/gateway?url=http://amazon-security-confirm.xyz/login&next=verify&token=78082,1
28.0,11.0,0.0,1.0,0.0,0.0,0.0,1.0,0.0,0.0,0.0,3.0272,0.0,0.0,0.0,0.0,https://booking.com/help/faq,0
42.0,16.0,1.0,2.0,0.0,2.0,0.0,1.0,1.0,0.0,0.0,3.5,0.0,0.0,0.0,0.0,https://support.imdb.com/products?ref=home,0
56.0,15.0,1.0,2.0,0.0,0.0,0.0,1.0,0.0,4.0,0.0714,3.3736,0.0,0.0,0.0,0.0,https://blog.target.com/community/discussions/topic/8821,0
54.0,11.0,0.0,1.0,0.0,4.0,0.0,1.0,0.0,0.0,0.0,3.2776,0.0,0.0,0.0,0.0,https://nytimes.com/search?q=machine+learning+tutorial,0
41.0,13.0,2.0,3.0,0.0,0.0,1.0,0.0,1.0,14.0,0.3415,2.4493,0.0,0.0,0.0,0.0,http://194.26.29.112/verification/id/3486,1
48.0,10.0,0.0,1.0,0.0,0.0,0.0,1.0,0.0,1.0,0.0208,2.7219,0.0,0.0,0.0,0.0,https://amazon.com/documentation/api/v2/overview,0
54.0,22.0,0.0,2.0,0.0,0.0,0.0,0.0,0.0,9.0,0.1667,4.0049,0.0,0.0,0.0,1.0,http://nred6m42fq4t7phi0e.fit/gate/auth/820/index.html,1
99.0,15.0,0.0,2.0,3.0,9.0,0.0,0.0,6.0,5.0,0.0505,3.5069,1.0,0.0,2.0,0.0,http://auth-portal.com/gateway?url=http://google-security-confirm.xyz/login&next=verify&token=29209,1
67.0,35.0,0.0,2.0,0.0,0.0,0.0,0.0,0.0,6.0,0.0896,4.0576,0.0,0.0,0.0,1.0,http://layzhulickhhuz83yuxyp3hbrbjeqv.buzz/gate/auth/492/index.html,1
64.0,25.0,0.0,2.0,3.0,3.0,0.0,0.0,5.0,0.0,0.0,3.5239,1.0,0.0,0.0,0.0,http://google-signin-support.org/account/update-credentials.html,1
50.0,10.0,0.0,1.0,2.0,2.0,0.0,1.0,1.0,4.0,0.08,3.3219,0.0,0.0,0.0,0.0,https://fastly.com/news/2026/global-markets-update,0
104.0,20.0,0.0,2.0,3.0,9.0,0.0,0.0,6.0,5.0,0.0481,3.7219,1.0,0.0,2.0,1.0,http://verification-hub.icu/gateway?url=http://google-security-confirm.xyz/login&next=verify&token=99281,1
25.0,9.0,0.0,1.0,0.0,0.0,0.0,0.0,0.0,0.0,0.0,2.9477,0.0,0.0,0.0,0.0,http://slack.com/help/faq,0
47.0,17.0,0.0,1.0,0.0,0.0,0.0,1.0,0.0,0.0,0.0,3.6901,0.0,0.0,0.0,0.0,https://stackoverflow.com/user/profile/settings,0
46.0,12.0,2.0,3.0,0.0,2.0,1.0,0.0,1.0,15.0,0.3261,2.4591,0.0,0.0,0.0,0.0,http://203.0.113.19/auth/signin?session=799764,1
66.0,29.0,0.0,2.0,2.0,2.0,0.0,0.0,3.0,4.0,0.0606,3.6504,1.0,0.0,0.0,1.0,http://microsoft-confirm-identity.cf/verify/user/7597/security.php,1
52.0,12.0,2.0,3.0,2.0,5.0,1.0,0.0,3.0,9.0,0.1731,2.4591,0.0,0.0,0.0,0.0,http://203.0.113.19/cgi-bin/webscr?cmd=_login-submit,1
27.0,10.0,0.0,1.0,0.0,0.0,0.0,1.0,0.0,0.0,0.0,3.3219,0.0,0.0,0.0,0.0,https://stripe.com/products,0
48.0,8.0,0.0,2.0,1.0,1.0,0.0,1.0,0.0,3.0,0.0625,3.0,0.0,0.0,0.0,0.0,https://lyft.com/downloads/releases/version-3.13,0
45.0,28.0,0.0,2.0,2.0,2.0,0.0,0.0,2.0,1.0,0.0222,3.7804,0.0,0.0,0.0,1.0,http://micros0ft-account-center.top/login.php,1
65.0,14.0,0.0,1.0,0.0,2.0,0.0,1.0,0.0,0.0,0.0,2.8963,0.0,0.0,0.0,0.0,https://duckduckgo.com/categories/technology/software?sort=recent,0
66.0,29.0,0.0,2.0,2.0,2.0,0.0,0.0,2.0,4.0,0.0606,3.8144,1.0,0.0,0.0,1.0,http://google-suspicious-activity.cf/verify/user/1584/security.php,1
42.0,14.0,2.0,3.0,0.0,0.0,1.0,0.0,1.0,15.0,0.3571,2.7534,0.0,0.0,0.0,0.0,http://193.106.191.28/verification/id/9919,1
41.0,13.0,2.0,3.0,0.0,0.0,1.0,0.0,1.0,14.0,0.3415,2.4493,0.0,0.0,0.0,0.0,http://45.142.214.18/verification/id/1280,1
125.0,47.0,0.0,2.0,5.0,8.0,0.0,1.0,10.0,6.0,0.048,4.1027,1.0,0.0,0.0,0.0,https://security-netflix-verification-portal-update.com/account/signin/authenticate/step1/verify-password.php?client_id=34752,1
63.0,26.0,0.0,2.0,2.0,2.0,0.0,0.0,3.0,4.0,0.0635,3.5074,1.0,0.0,0.0,1.0,http://amazon-unlock-account.club/verify/user/6713/security.php,1
47.0,13.0,2.0,3.0,0.0,2.0,1.0,0.0,1.0,16.0,0.3404,2.4493,0.0,0.0,0.0,0.0,http://194.26.29.112/auth/signin?session=105181,1
46.0,28.0,0.0,2.0,2.0,2.0,0.0,1.0,2.0,1.0,0.0217,3.9947,0.0,0.0,0.0,1.0,https://micros0ft-account-center.xyz/login.php,1
72.0,29.0,0.0,1.0,3.0,8.0,0.0,0.0,3.0,4.0,0.0556,3.9094,0.0,0.0,0.0,0.0,http://coinbase-confirm-identity.org/webscr?cmd=_login-run&dispatch=9639,1
48.0,14.0,2.0,4.0,1.0,1.0,1.0,0.0,3.0,11.0,0.2292,2.7534,0.0,0.0,0.0,0.0,http://91.240.118.172/secure/verify-account.html,1
102.0,16.0,0.0,2.0,3.0,9.0,0.0,1.0,6.0,5.0,0.049,3.4528,1.0,0.0,2.0,1.0,https://auth-portal.rest/gateway?url=http://appleid-security-confirm.xyz/login&next=verify&token=88861,1
59.0,27.0,0.0,2.0,0.0,0.0,0.0,0.0,0.0,11.0,0.1864,4.2825,0.0,0.0,0.0,1.0,http://41mpw57gn79hmhvl66sajxx.xyz/gate/auth/144/index.html,1
30.0,16.0,1.0,2.0,0.0,0.0,0.0,1.0,0.0,0.0,0.0,3.125,0.0,0.0,0.0,0.0,https://blog.booking.com/about,0
78.0,35.0,0.0,1.0,4.0,9.0,0.0,0.0,3.0,4.0,0.0513,3.7427,1.0,0.0,0.0,0.0,http://fedex-delivery-confirm-identity.net/webscr?cmd=_login-run&dispatch=2633,1
84.0,36.0,3.0,4.0,1.0,6.0,0.0,0.0,4.0,5.0,0.0595,3.9959,1.0,0.0,1.0,0.0,http://dhl-tracking.login.service.hopto.org/signin?session_id=36607&redirect=account,1
52.0,11.0,0.0,1.0,0.0,0.0,0.0,1.0,0.0,4.0,0.0769,3.0958,0.0,0.0,0.0,0.0,https://mozilla.org/community/discussions/topic/8821,0
126.0,48.0,0.0,2.0,5.0,8.0,0.0,1.0,10.0,6.0,0.0476,4.0774,0.0,0.0,0.0,0.0,https://security-coinbase-verification-portal-update.com/account/signin/authenticate/step1/verify-password.php?client_id=33317,1
68.0,14.0,1.0,2.0,1.0,3.0,0.0,1.0,1.0,5.0,0.0735,3.3249,0.0,0.0,0.0,0.0,https://blog.quora.com/blog/article/2026/cybersecurity-trends?page=2,0
112.0,20.0,0.0,2.0,4.0,10.0,0.0,0.0,6.0,5.0,0.0446,3.8842,1.0,0.0,2.0,1.0,http://verification-hub.cam/gateway?url=http://fedex-delivery-security-confirm.xyz/login&next=verify&token=69133,1
27.0,10.0,0.0,1.0,0.0,0.0,0.0,1.0,0.0,0.0,0.0,3.1219,0.0,0.0,0.0,0.0,https://nodejs.org/help/faq,0
41.0,24.0,0.0,2.0,2.0,2.0,0.0,0.0,2.0,2.0,0.0488,3.4864,0.0,0.0,0.0,0.0,http://g00gle-account-center.cc/login.php,1
34.0,10.0,0.0,1.0,0.0,2.0,0.0,1.0,0.0,0.0,0.0,3.1219,0.0,0.0,0.0,0.0,https://angular.io/contact?lang=en,0
66.0,14.0,1.0,3.0,1.0,3.0,0.0,1.0,0.0,3.0,0.0455,3.6645,0.0,0.0,0.0,0.0,https://dev.github.com/downloads/releases/version-3.13?sort=recent,0
62.0,30.0,0.0,2.0,0.0,0.0,0.0,0.0,0.0,13.0,0.2097,4.5069,0.0,0.0,0.0,1.0,http://6u4pllgf309hsuwdkejp5k7917.cam/gate/auth/385/index.html,1
54.0,14.0,0.0,2.0,1.0,1.0,0.0,1.0,0.0,3.0,0.0556,3.5216,0.0,0.0,0.0,0.0,https://wellsfargo.com/downloads/releases/version-3.13,0
124.0,47.0,0.0,2.0,5.0,8.0,0.0,0.0,10.0,6.0,0.0484,4.1027,1.0,0.0,0.0,0.0,http://security-netflix-verification-portal-update.com/account/signin/authenticate/step1/verify-password.php?client_id=81188,1
57.0,14.0,1.0,2.0,0.0,4.0,0.0,1.0,0.0,0.0,0.0,2.8074,0.0,0.0,0.0,0.0,https://api.akamai.com/search?q=machine+learning+tutorial,0
126.0,49.0,0.0,2.0,5.0,8.0,0.0,0.0,10.0,6.0,0.0476,4.016,1.0,0.0,0.0,0.0,http://security-microsoft-verification-portal-update.com/account/signin/authenticate/step1/verify-password.php?client_id=82069,1
87.0,39.0,3.0,4.0,1.0,6.0,0.0,0.0,4.0,5.0,0.0575,3.9521,1.0,0.0,1.0,0.0,http://fedex-delivery.secure.service.zapto.org/signin?session_id=22793&redirect=account,1
32.0,9.0,0.0,1.0,1.0,1.0,0.0,1.0,0.0,0.0,0.0,2.9477,0.0,0.0,0.0,0.0,https://apple.com/privacy-policy,0
62.0,30.0,0.0,2.0,0.0,0.0,0.0,0.0,0.0,6.0,0.0968,4.4151,0.0,0.0,0.0,1.0,http://qbvnpy1ajkpqkbe0togtefr6m.club/gate/auth/805/index.html,1
41.0,13.0,2.0,3.0,0.0,0.0,1.0,0.0,1.0,14.0,0.3415,2.4493,0.0,0.0,0.0,0.0,http://45.142.214.18/verification/id/1925,1
53.0,10.0,0.0,1.0,0.0,4.0,0.0,1.0,0.0,5.0,0.0943,3.3219,0.0,0.0,0.0,0.0,https://stripe.com/item?id=49204&category=electronics,0
43.0,13.0,0.0,1.0,0.0,0.0,0.0,1.0,0.0,0.0,0.0,3.3927,0.0,0.0,0.0,0.0,https://instagram.com/user/profile/settings,0
41.0,14.0,0.0,1.0,0.0,2.0,0.0,1.0,0.0,0.0,0.0,3.3788,0.0,0.0,0.0,0.0,https://cloudflare.com/products?mode=dark,0
124.0,46.0,0.0,2.0,5.0,8.0,0.0,1.0,10.0,6.0,0.0484,4.0316,1.0,0.0,0.0,0.0,https://security-paypal-verification-portal-update.com/account/signin/authenticate/step1/verify-password.php?client_id=20962,1
36.0,11.0,1.0,2.0,0.0,2.0,0.0,1.0,0.0,0.0,0.0,3.0958,0.0,0.0,0.0,0.0,https://dev.zoom.us/help/faq?lang=en,0
64.0,27.0,0.0,2.0,2.0,2.0,0.0,0.0,3.0,4.0,0.0625,3.764,0.0,0.0,0.0,0.0,http://coinbase-unlock-account.org/verify/user/2426/security.php,1
83.0,35.0,3.0,4.0,0.0,5.0,0.0,0.0,4.0,5.0,0.0602,4.022,1.0,0.0,1.0,0.0,http://bankofamerica.verify.auth.hopto.org/signin?session_id=29884&redirect=account,1
72.0,29.0,0.0,1.0,4.0,9.0,0.0,0.0,3.0,4.0,0.0556,3.8144,0.0,0.0,0.0,0.0,http://adobe-sign-unlock-account.net/webscr?cmd=_login-run&dispatch=7302,1
48.0,10.0,0.0,1.0,0.0,0.0,0.0,1.0,0.0,1.0,0.0208,2.7219,0.0,0.0,0.0,0.0,https://amazon.com/documentation/api/v2/overview,0
49.0,9.0,0.0,2.0,1.0,1.0,0.0,1.0,0.0,3.0,0.0612,2.7255,0.0,0.0,0.0,0.0,https://vimeo.com/downloads/releases/version-3.13,0
72.0,32.0,0.0,2.0,4.0,4.0,0.0,1.0,3.0,0.0,0.0,3.8667,1.0,0.0,0.0,1.0,https://fedex-delivery-auth-session.rest/account/update-credentials.html,1
77.0,28.0,3.0,4.0,0.0,5.0,0.0,1.0,3.0,5.0,0.0649,3.7265,1.0,0.0,1.0,0.0,https://paypal.verify.auth.hopto.org/signin?session_id=28882&redirect=account,1
23.0,15.0,1.0,2.0,0.0,0.0,0.0,1.0,0.0,0.0,0.0,3.5069,0.0,0.0,0.0,0.0,https://news.reddit.com,0
103.0,18.0,0.0,2.0,3.0,9.0,0.0,1.0,6.0,5.0,0.0485,3.5724,1.0,0.0,2.0,1.0,https://account-center.xyz/gateway?url=http://paypal-security-confirm.xyz/login&next=verify&token=99795,1
42.0,25.0,0.0,2.0,2.0,2.0,0.0,0.0,2.0,1.0,0.0238,3.7835,0.0,0.0,0.0,1.0,http://paypa1-account-center.xyz/login.php,1
40.0,14.0,0.0,1.0,0.0,2.0,0.0,1.0,0.0,0.0,0.0,3.5216,0.0,0.0,0.0,0.0,https://cloudflare.net/products?ref=home,0
107.0,20.0,0.0,2.0,3.0,9.0,0.0,0.0,6.0,8.0,0.0748,3.8842,0.0,0.0,2.0,1.0,http://verification-hub.cam/gateway?url=http://office365-security-confirm.xyz/login&next=verify&token=86116,1
23.0,9.0,0.0,1.0,0.0,0.0,0.0,1.0,0.0,0.0,0.0,2.9477,0.0,0.0,0.0,0.0,https://chase.com/about,0
37.0,9.0,0.0,1.0,0.0,2.0,0.0,1.0,0.0,2.0,0.0541,2.6416,0.0,0.0,0.0,0.0,https://twitch.tv/watch?v=dQw4w9WgXcQ,0
26.0,9.0,0.0,1.0,0.0,0.0,0.0,1.0,0.0,0.0,0.0,2.6416,0.0,0.0,0.0,0.0,https://twitch.tv/help/faq,0
43.0,12.0,2.0,4.0,0.0,2.0,1.0,0.0,1.0,12.0,0.2791,2.4591,0.0,0.0,0.0,0.0,http://203.0.113.19/login.php?ref=office365,1
51.0,11.0,0.0,2.0,1.0,1.0,0.0,1.0,0.0,3.0,0.0588,3.0272,0.0,0.0,0.0,0.0,https://booking.com/downloads/releases/version-3.13,0
16.0,8.0,0.0,1.0,0.0,0.0,0.0,1.0,0.0,0.0,0.0,3.0,0.0,0.0,0.0,0.0,https://bing.com,0
126.0,49.0,0.0,2.0,5.0,8.0,0.0,0.0,10.0,6.0,0.0476,4.0822,1.0,0.0,0.0,0.0,http://security-instagram-verification-portal-update.com/account/signin/authenticate/step1/verify-password.php?client_id=30242,1
51.0,11.0,1.0,2.0,2.0,2.0,0.0,1.0,1.0,4.0,0.0784,2.914,0.0,0.0,0.0,0.0,https://api.bbc.com/news/2026/global-markets-update,0
19.0,11.0,0.0,1.0,0.0,0.0,0.0,1.0,0.0,0.0,0.0,3.0958,0.0,0.0,0.0,0.0,https://walmart.com,0
54.0,15.0,1.0,3.0,1.0,1.0,0.0,0.0,0.0,3.0,0.0556,3.4566,0.0,0.0,0.0,0.0,http://dev.booking.com/downloads/releases/version-3.13,0
64.0,9.0,0.0,1.0,1.0,3.0,0.0,1.0,1.0,4.0,0.0625,2.9477,0.0,0.0,0.0,0.0,https://react.dev/blog/article/2026/cybersecurity-trends?lang=en,0
37.0,9.0,2.0,3.0,0.0,0.0,1.0,0.0,1.0,10.0,0.2703,2.1133,0.0,0.0,0.0,0.0,http://10.0.0.45/verification/id/6545,1
47.0,13.0,2.0,3.0,0.0,2.0,1.0,0.0,1.0,16.0,0.3404,2.4493,0.0,0.0,0.0,0.0,http://45.142.214.18/auth/signin?session=444650,1
54.0,11.0,0.0,1.0,0.0,4.0,0.0,1.0,0.0,5.0,0.0926,3.0958,0.0,0.0,0.0,0.0,https://mozilla.org/item?id=49204&category=electronics,0
127.0,50.0,0.0,2.0,6.0,9.0,0.0,0.0,10.0,6.0,0.0472,4.1493,0.0,0.0,0.0,0.0,http://security-adobe-sign-verification-portal-update.com/account/signin/authenticate/step1/verify-password.php?client_id=84083,1
44.0,16.0,1.0,2.0,0.0,2.0,0.0,1.0,0.0,2.0,0.0455,3.125,0.0,0.0,0.0,0.0,https://docs.dropbox.com/watch?v=dQw4w9WgXcQ,0
87.0,39.0,3.0,4.0,0.0,5.0,0.0,0.0,4.0,5.0,0.0575,3.9579,1.0,0.0,1.0,0.0,http://wellsfargo.login.validation.duckdns.org/signin?session_id=19593&redirect=account,1
24.0,7.0,0.0,1.0,0.0,0.0,0.0,1.0,0.0,0.0,0.0,2.8074,0.0,0.0,0.0,0.0,https://mit.edu/help/faq,0
58.0,11.0,0.0,1.0,1.0,1.0,0.0,1.0,1.0,4.0,0.069,3.0958,0.0,0.0,0.0,0.0,https://youtube.com/blog/article/2026/cybersecurity-trends,0
35.0,10.0,0.0,1.0,2.0,2.0,0.0,1.0,1.0,0.0,0.0,3.1219,0.0,0.0,0.0,0.0,https://angular.io/terms-of-service,0
59.0,12.0,0.0,1.0,1.0,1.0,0.0,1.0,1.0,4.0,0.0678,3.2516,0.0,0.0,0.0,0.0,https://linkedin.com/blog/article/2026/cybersecurity-trends,0
124.0,47.0,0.0,2.0,5.0,8.0,0.0,0.0,10.0,6.0,0.0484,4.1027,1.0,0.0,0.0,0.0,http://security-netflix-verification-portal-update.com/account/signin/authenticate/step1/verify-password.php?client_id=61196,1
26.0,10.0,0.0,1.0,0.0,0.0,0.0,1.0,0.0,0.0,0.0,3.3219,0.0,0.0,0.0,0.0,https://gitlab.com/contact,0
50.0,33.0,0.0,2.0,3.0,3.0,0.0,0.0,3.0,1.0,0.02,3.7984,0.0,0.0,0.0,0.0,http://app1e-security-account-center.com/login.php,1
30.0,7.0,0.0,1.0,0.0,2.0,0.0,0.0,0.0,1.0,0.0333,2.8074,0.0,0.0,0.0,0.0,http://nih.gov/products?page=2,0
64.0,21.0,1.0,2.0,0.0,4.0,0.0,1.0,1.0,5.0,0.0781,3.6538,0.0,0.0,0.0,0.0,https://support.wikipedia.org/item?id=49204&category=electronics,0
17.0,9.0,0.0,1.0,0.0,0.0,0.0,1.0,0.0,0.0,0.0,2.9477,0.0,0.0,0.0,0.0,https://adobe.com,0
34.0,18.0,1.0,2.0,0.0,0.0,0.0,1.0,0.0,0.0,0.0,3.4613,0.0,0.0,0.0,0.0,https://news.microsoft.com/contact,0
124.0,47.0,0.0,2.0,5.0,8.0,0.0,0.0,10.0,6.0,0.0484,4.0253,1.0,0.0,0.0,0.0,http://security-appleid-verification-portal-update.com/account/signin/authenticate/step1/verify-password.php?client_id=77284,1
56.0,24.0,0.0,2.0,0.0,0.0,0.0,0.0,0.0,6.0,0.1071,3.9073,0.0,0.0,0.0,1.0,http://ggxp5cituf8cyotwg7nfd.cf/gate/auth/106/index.html,1
45.0,18.0,1.0,2.0,0.0,2.0,0.0,1.0,0.0,0.0,0.0,3.6144,0.0,0.0,0.0,0.0,https://news.instagram.com/products?mode=dark,0
25.0,8.0,0.0,1.0,0.0,0.0,0.0,1.0,0.0,0.0,0.0,3.0,0.0,0.0,0.0,0.0,https://uber.com/products,0
80.0,32.0,3.0,4.0,0.0,5.0,0.0,0.0,4.0,5.0,0.0625,3.8125,1.0,0.0,1.0,0.0,http://dropbox.secure.service.zapto.org/signin?session_id=80836&redirect=account,1
76.0,28.0,3.0,4.0,0.0,5.0,0.0,0.0,2.0,5.0,0.0658,3.5836,1.0,0.0,1.0,0.0,http://google.account.auth.ddns.net/signin?session_id=98694&redirect=account,1
57.0,17.0,0.0,2.0,1.0,1.0,0.0,1.0,0.0,3.0,0.0526,3.6901,0.0,0.0,0.0,0.0,https://stackoverflow.com/downloads/releases/version-3.13,0
131.0,54.0,0.0,2.0,6.0,9.0,0.0,0.0,10.0,6.0,0.0458,4.0903,1.0,0.0,0.0,0.0,http://security-fedex-delivery-verification-portal-update.com/account/signin/authenticate/step1/verify-password.php?client_id=18874,1
104.0,18.0,0.0,2.0,3.0,9.0,0.0,1.0,6.0,5.0,0.0481,3.281,1.0,0.0,2.0,1.0,https://account-center.icu/gateway?url=http://appleid-security-confirm.xyz/login&next=verify&token=69631,1
83.0,27.0,1.0,2.0,1.0,3.0,0.0,1.0,2.0,4.0,0.0482,3.708,0.0,0.0,0.0,0.0,https://community.bankofamerica.com/blog/article/2026/cybersecurity-trends?ref=home,0
53.0,13.0,2.0,3.0,2.0,5.0,1.0,0.0,3.0,10.0,0.1887,2.4493,0.0,0.0,0.0,0.0,http://45.142.214.18/cgi-bin/webscr?cmd=_login-submit,1
64.0,32.0,0.0,2.0,0.0,0.0,0.0,0.0,0.0,9.0,0.1406,4.4139,0.0,0.0,0.0,1.0,http://f2f3hycpesbda7xfizme02toxou0y.ml/gate/auth/331/index.html,1
77.0,34.0,0.0,1.0,3.0,8.0,0.0,0.0,5.0,4.0,0.0519,4.1385,1.0,0.0,0.0,1.0,http://bankofamerica-customer-service.xyz/webscr?cmd=_login-run&dispatch=6431,1
41.0,13.0,2.0,3.0,0.0,0.0,1.0,0.0,1.0,14.0,0.3415,2.4493,0.0,0.0,0.0,0.0,http://45.142.214.18/verification/id/4737,1
45.0,28.0,0.0,2.0,2.0,2.0,0.0,0.0,2.0,1.0,0.0222,3.9947,0.0,0.0,0.0,1.0,http://micros0ft-account-center.xyz/login.php,1
48.0,10.0,0.0,1.0,0.0,0.0,0.0,1.0,0.0,1.0,0.0208,2.6464,0.0,0.0,0.0,0.0,https://google.com/documentation/api/v2/overview,0
38.0,13.0,0.0,1.0,2.0,2.0,0.0,1.0,1.0,0.0,0.0,3.3927,0.0,0.0,0.0,0.0,https://pinterest.com/terms-of-service,0
85.0,36.0,3.0,4.0,0.0,5.0,0.0,1.0,3.0,5.0,0.0588,3.8638,1.0,0.0,1.0,0.0,https://bankofamerica.account.auth.zapto.org/signin?session_id=93453&redirect=account,1
105.0,20.0,0.0,2.0,3.0,9.0,0.0,1.0,6.0,5.0,0.0476,4.0842,1.0,0.0,2.0,1.0,https://verification-hub.xyz/gateway?url=http://paypal-security-confirm.xyz/login&next=verify&token=74011,1
40.0,15.0,1.0,2.0,2.0,2.0,0.0,1.0,1.0,0.0,0.0,3.2402,0.0,0.0,0.0,0.0,https://blog.paypal.com/terms-of-service,0
71.0,17.0,0.0,1.0,3.0,5.0,0.0,1.0,1.0,0.0,0.0,3.4548,0.0,0.0,0.0,0.0,https://bankofamerica.com/guide/getting-started-with-python?sort=recent,0
56.0,25.0,0.0,1.0,2.0,5.0,0.0,0.0,4.0,6.0,0.1071,3.6537,1.0,0.0,0.0,1.0,http://chase-customer-service.cf/login?auth_token=776772,1
46.0,28.0,0.0,2.0,2.0,2.0,0.0,1.0,2.0,1.0,0.0217,3.9947,0.0,0.0,0.0,1.0,https://micros0ft-account-center.xyz/login.php,1
39.0,14.0,1.0,2.0,2.0,2.0,0.0,1.0,1.0,0.0,0.0,3.0391,0.0,0.0,0.0,0.0,https://docs.chase.com/terms-of-service,0
52.0,11.0,0.0,1.0,0.0,0.0,0.0,1.0,0.0,4.0,0.0769,3.2776,0.0,0.0,0.0,0.0,https://weather.com/community/discussions/topic/8821,0
52.0,10.0,0.0,1.0,3.0,3.0,0.0,1.0,0.0,0.0,0.0,2.9219,0.0,0.0,0.0,0.0,https://docker.com/guide/getting-started-with-python,0
54.0,11.0,0.0,1.0,0.0,4.0,0.0,1.0,0.0,0.0,0.0,3.2776,0.0,0.0,0.0,0.0,https://nytimes.com/search?q=machine+learning+tutorial,0
123.0,46.0,0.0,2.0,5.0,8.0,0.0,0.0,10.0,6.0,0.0488,4.0316,1.0,0.0,0.0,0.0,http://security-paypal-verification-portal-update.com/account/signin/authenticate/step1/verify-password.php?client_id=30807,1
32.0,7.0,0.0,1.0,2.0,2.0,0.0,1.0,1.0,0.0,0.0,2.8074,0.0,0.0,0.0,0.0,https://nih.gov/terms-of-service,0
50.0,33.0,0.0,2.0,3.0,3.0,0.0,0.0,3.0,1.0,0.02,3.6771,0.0,0.0,0.0,0.0,http://app1e-security-account-center.net/login.php,1
131.0,53.0,0.0,2.0,5.0,8.0,0.0,1.0,11.0,6.0,0.0458,4.1219,1.0,0.0,0.0,0.0,https://security-bankofamerica-verification-portal-update.com/account/signin/authenticate/step1/verify-password.php?client_id=27284,1
64.0,15.0,1.0,3.0,1.0,3.0,0.0,1.0,0.0,3.0,0.0469,3.6402,0.0,0.0,0.0,0.0,https://api.netflix.com/downloads/releases/version-3.13?ref=home,0
51.0,33.0,0.0,2.0,3.0,3.0,0.0,1.0,3.0,1.0,0.0196,3.8849,0.0,0.0,0.0,1.0,https://netf1ix-verify-account-center.top/login.php,1
45.0,18.0,1.0,2.0,0.0,2.0,0.0,0.0,1.0,2.0,0.0444,3.6144,0.0,0.0,0.0,0.0,http://support.airbnb.com/watch?v=dQw4w9WgXcQ,0
126.0,49.0,0.0,2.0,5.0,8.0,0.0,0.0,10.0,6.0,0.0476,4.0822,1.0,0.0,0.0,0.0,http://security-instagram-verification-portal-update.com/account/signin/authenticate/step1/verify-password.php?client_id=31354,1
64.0,27.0,0.0,2.0,2.0,2.0,0.0,0.0,3.0,4.0,0.0625,3.9582,0.0,0.0,0.0,1.0,http://coinbase-verify-account.top/verify/user/5939/security.php,1
47.0,13.0,2.0,3.0,0.0,2.0,1.0,0.0,1.0,16.0,0.3404,2.7193,0.0,0.0,0.0,0.0,http://192.168.1.105/auth/signin?session=144957,1
123.0,46.0,0.0,2.0,5.0,8.0,0.0,0.0,10.0,6.0,0.0488,4.0915,1.0,0.0,0.0,0.0,http://security-google-verification-portal-update.com/account/signin/authenticate/step1/verify-password.php?client_id=74868,1
27.0,10.0,0.0,1.0,0.0,0.0,0.0,1.0,0.0,0.0,0.0,2.9219,0.0,0.0,0.0,0.0,https://docker.com/help/faq,0
111.0,19.0,0.0,2.0,4.0,10.0,0.0,0.0,6.0,5.0,0.045,3.2866,1.0,0.0,2.0,1.0,http://account-center.rest/gateway?url=http://fedex-delivery-security-confirm.xyz/login&next=verify&token=78809,1
82.0,34.0,3.0,4.0,0.0,5.0,0.0,0.0,4.0,5.0,0.061,3.7933,0.0,0.0,1.0,0.0,http://coinbase.login.portal.bounceme.net/signin?session_id=58952&redirect=account,1
32.0,18.0,1.0,2.0,0.0,0.0,0.0,1.0,0.0,0.0,0.0,3.1699,0.0,0.0,0.0,0.0,https://docs.homedepot.com/about,0
107.0,19.0,0.0,2.0,3.0,9.0,0.0,0.0,6.0,5.0,0.0467,3.4714,1.0,0.0,2.0,1.0,http://account-center.work/gateway?url=http://wellsfargo-security-confirm.xyz/login&next=verify&token=42150,1
51.0,33.0,0.0,2.0,3.0,3.0,0.0,1.0,3.0,1.0,0.0196,3.8849,0.0,0.0,0.0,1.0,https://netf1ix-verify-account-center.top/login.php,1
63.0,13.0,0.0,2.0,1.0,3.0,0.0,1.0,0.0,3.0,0.0476,3.3347,0.0,0.0,0.0,0.0,https://wikipedia.org/downloads/releases/version-3.13?mode=dark,0
47.0,13.0,2.0,4.0,1.0,1.0,1.0,0.0,3.0,10.0,0.2128,2.7193,0.0,0.0,0.0,0.0,http://192.168.1.105/secure/verify-account.html,1
51.0,33.0,0.0,2.0,3.0,3.0,0.0,1.0,3.0,1.0,0.0196,3.6771,0.0,0.0,0.0,0.0,https://app1e-security-account-center.net/login.php,1
125.0,48.0,0.0,2.0,5.0,8.0,0.0,0.0,10.0,6.0,0.048,4.0774,0.0,0.0,0.0,0.0,http://security-coinbase-verification-portal-update.com/account/signin/authenticate/step1/verify-password.php?client_id=87847,1
71.0,28.0,0.0,1.0,3.0,8.0,0.0,0.0,4.0,4.0,0.0563,3.7674,0.0,0.0,0.0,0.0,http://metamask-wallet-recovery.net/webscr?cmd=_login-run&dispatch=3947,1
37.0,10.0,0.0,1.0,0.0,2.0,0.0,1.0,0.0,0.0,0.0,3.1219,0.0,0.0,0.0,0.0,https://nodejs.org/products?mode=dark,0
36.0,11.0,0.0,1.0,2.0,2.0,0.0,1.0,1.0,0.0,0.0,3.0958,0.0,0.0,0.0,0.0,https://mozilla.org/terms-of-service,0
65.0,33.0,0.0,2.0,0.0,0.0,0.0,0.0,0.0,7.0,0.1077,4.0865,0.0,0.0,0.0,1.0,http://zhh3o5urtxuyucecjuis2gy9ytjuq.xyz/gate/auth/756/index.html,1
52.0,13.0,0.0,1.0,0.0,0.0,0.0,1.0,0.0,0.0,0.0,3.027,0.0,0.0,0.0,0.0,https://homedepot.com/categories/technology/software,0
45.0,28.0,0.0,2.0,2.0,2.0,0.0,0.0,2.0,1.0,0.0222,3.7804,0.0,0.0,0.0,1.0,http://micros0ft-account-center.top/login.php,1
61.0,29.0,0.0,2.0,0.0,0.0,0.0,0.0,0.0,11.0,0.1803,3.9523,0.0,0.0,0.0,1.0,http://752h70yb7radi5uujzr0fcybr.icu/gate/auth/576/index.html,1
17.0,9.0,0.0,1.0,0.0,0.0,0.0,1.0,0.0,0.0,0.0,2.9477,0.0,0.0,0.0,0.0,https://quora.com,0
53.0,14.0,0.0,1.0,0.0,0.0,0.0,1.0,0.0,0.0,0.0,3.2359,0.0,0.0,0.0,0.0,https://craigslist.org/categories/technology/software,0
22.0,8.0,0.0,1.0,0.0,0.0,0.0,1.0,0.0,0.0,0.0,3.0,0.0,0.0,0.0,0.0,https://bing.com/about,0
63.0,9.0,0.0,1.0,1.0,3.0,0.0,1.0,1.0,5.0,0.0794,2.9477,0.0,0.0,0.0,0.0,https://quora.com/blog/article/2026/cybersecurity-trends?page=2,0
61.0,30.0,0.0,1.0,2.0,5.0,0.0,0.0,5.0,6.0,0.0984,4.0029,1.0,0.0,0.0,1.0,http://bankofamerica-secure-portal.ga/login?auth_token=476536,1
41.0,24.0,0.0,2.0,2.0,2.0,0.0,0.0,2.0,1.0,0.0244,3.4864,0.0,0.0,0.0,0.0,http://paypa1-account-center.cc/login.php,1
62.0,31.0,0.0,1.0,2.0,5.0,0.0,0.0,2.0,6.0,0.0968,4.0181,1.0,0.0,0.0,1.0,http://instagram-renew-subscription.cf/login?auth_token=140833,1
53.0,13.0,0.0,1.0,2.0,2.0,0.0,1.0,1.0,4.0,0.0755,3.3927,0.0,0.0,0.0,0.0,https://pinterest.com/news/2026/global-markets-update,0
59.0,26.0,0.0,2.0,0.0,0.0,0.0,1.0,0.0,11.0,0.1864,4.2099,0.0,0.0,0.0,1.0,https://oun91fy6yo8dje7xqty6m79.ga/gate/auth/713/index.html,1
126.0,49.0,0.0,2.0,5.0,8.0,0.0,0.0,10.0,9.0,0.0714,4.1887,0.0,0.0,0.0,0.0,http://security-office365-verification-portal-update.com/account/signin/authenticate/step1/verify-password.php?client_id=23555,1
59.0,12.0,0.0,1.0,1.0,1.0,0.0,1.0,1.0,4.0,0.0678,3.0221,0.0,0.0,0.0,0.0,https://doordash.com/blog/article/2026/cybersecurity-trends,0
41.0,13.0,2.0,3.0,0.0,0.0,1.0,0.0,1.0,14.0,0.3415,2.5074,0.0,0.0,0.0,0.0,http://185.220.101.5/verification/id/5718,1
58.0,11.0,0.0,1.0,1.0,1.0,0.0,1.0,1.0,4.0,0.069,3.0272,0.0,0.0,0.0,0.0,https://dropbox.com/blog/article/2026/cybersecurity-trends,0
51.0,21.0,1.0,2.0,0.0,0.0,0.0,1.0,0.0,0.0,0.0,3.6538,0.0,0.0,0.0,0.0,https://community.mozilla.org/user/profile/settings,0
55.0,9.0,0.0,1.0,0.0,2.0,0.0,1.0,0.0,1.0,0.0182,3.1699,0.0,0.0,0.0,0.0,https://vuejs.org/categories/technology/software?page=2,0
65.0,34.0,0.0,1.0,2.0,5.0,0.0,0.0,2.0,6.0,0.0923,3.7941,1.0,0.0,0.0,1.0,http://instagram-suspicious-activity.rest/login?auth_token=776758,1
43.0,25.0,0.0,2.0,2.0,2.0,0.0,1.0,2.0,2.0,0.0465,3.6537,0.0,0.0,0.0,0.0,https://g00gle-account-center.com/login.php,1
132.0,54.0,0.0,2.0,6.0,9.0,0.0,1.0,10.0,6.0,0.0455,4.0903,1.0,0.0,0.0,0.0,https://security-fedex-delivery-verification-portal-update.com/account/signin/authenticate/step1/verify-password.php?client_id=40587,1
50.0,33.0,0.0,2.0,3.0,3.0,0.0,0.0,3.0,1.0,0.02,3.7377,0.0,0.0,0.0,0.0,http://netf1ix-verify-account-center.net/login.php,1
127.0,50.0,0.0,2.0,6.0,9.0,0.0,0.0,10.0,6.0,0.0472,4.1493,0.0,0.0,0.0,0.0,http://security-adobe-sign-verification-portal-update.com/account/signin/authenticate/step1/verify-password.php?client_id=98592,1
51.0,10.0,0.0,1.0,0.0,0.0,0.0,1.0,0.0,4.0,0.0784,3.1219,0.0,0.0,0.0,0.0,https://forbes.com/community/discussions/topic/8821,0
58.0,10.0,0.0,1.0,0.0,2.0,0.0,1.0,0.0,5.0,0.0862,2.6464,0.0,0.0,0.0,0.0,https://google.com/community/discussions/topic/8821?page=2,0
24.0,7.0,0.0,1.0,0.0,0.0,0.0,1.0,1.0,0.0,0.0,2.5216,0.0,0.0,0.0,0.0,https://cdc.gov/services,0
34.0,8.0,0.0,1.0,0.0,2.0,0.0,1.0,1.0,0.0,0.0,3.0,0.0,0.0,0.0,0.0,https://lyft.com/services?ref=home,0
66.0,14.0,0.0,2.0,1.0,3.0,0.0,1.0,0.0,3.0,0.0455,3.2359,0.0,0.0,0.0,0.0,https://salesforce.com/downloads/releases/version-3.13?sort=recent,0
52.0,9.0,0.0,1.0,0.0,4.0,0.0,1.0,0.0,0.0,0.0,2.9477,0.0,0.0,0.0,0.0,https://quora.com/search?q=machine+learning+tutorial,0
59.0,27.0,0.0,2.0,0.0,0.0,0.0,0.0,0.0,10.0,0.1695,4.1343,0.0,0.0,0.0,1.0,http://5rgoi9wm1sav9cng8tana6u4.ga/gate/auth/293/index.html,1
57.0,11.0,0.0,1.0,0.0,2.0,0.0,1.0,0.0,1.0,0.0175,3.4594,0.0,0.0,0.0,0.0,https://netflix.com/categories/technology/software?page=2,0
35.0,9.0,0.0,1.0,0.0,2.0,0.0,1.0,0.0,0.0,0.0,2.9477,0.0,0.0,0.0,0.0,https://apple.com/help/faq?ref=home,0
86.0,38.0,3.0,4.0,0.0,5.0,0.0,0.0,5.0,5.0,0.0581,4.0503,1.0,0.0,1.0,0.0,http://bankofamerica.login.portal.duckdns.org/signin?session_id=79016&redirect=account,1
42.0,25.0,0.0,2.0,2.0,2.0,0.0,0.0,2.0,1.0,0.0238,3.5329,0.0,0.0,0.0,0.0,http://paypa1-account-center.net/login.php,1
122.0,45.0,0.0,2.0,5.0,8.0,0.0,0.0,10.0,6.0,0.0492,4.0805,1.0,0.0,0.0,0.0,http://security-chase-verification-portal-update.com/account/signin/authenticate/step1/verify-password.php?client_id=87274,1
27.0,10.0,0.0,1.0,0.0,0.0,0.0,1.0,0.0,0.0,0.0,2.8464,0.0,0.0,0.0,0.0,https://medium.com/help/faq,0
59.0,26.0,0.0,2.0,0.0,0.0,0.0,1.0,0.0,10.0,0.1695,4.1039,0.0,0.0,0.0,1.0,https://lm8e49ite92srl3vzzxt9.club/gate/auth/375/index.html,1
126.0,48.0,0.0,2.0,5.0,8.0,0.0,1.0,10.0,6.0,0.0476,4.08,0.0,0.0,0.0,0.0,https://security-metamask-verification-portal-update.com/account/signin/authenticate/step1/verify-password.php?client_id=86216,1
45.0,28.0,0.0,2.0,2.0,2.0,0.0,0.0,2.0,1.0,0.0222,3.682,0.0,0.0,0.0,0.0,http://micros0ft-account-center.net/login.php,1
72.0,32.0,0.0,2.0,4.0,4.0,0.0,1.0,3.0,0.0,0.0,4.0778,1.0,0.0,0.0,1.0,https://fedex-delivery-unlock-account.ga/account/update-credentials.html,1
45.0,28.0,0.0,2.0,2.0,2.0,0.0,0.0,2.0,1.0,0.0222,3.7804,0.0,0.0,0.0,1.0,http://micros0ft-account-center.top/login.php,1
107.0,19.0,0.0,2.0,3.0,9.0,0.0,0.0,6.0,5.0,0.0467,3.8924,1.0,0.0,2.0,1.0,http://verification-hub.tk/gateway?url=http://wellsfargo-security-confirm.xyz/login&next=verify&token=63191,1
104.0,18.0,0.0,2.0,3.0,9.0,0.0,0.0,6.0,5.0,0.0481,3.4194,0.0,0.0,2.0,1.0,http://account-center.fit/gateway?url=http://coinbase-security-confirm.xyz/login&next=verify&token=97802,1
40.0,12.0,0.0,1.0,0.0,2.0,0.0,1.0,0.0,2.0,0.05,3.4183,0.0,0.0,0.0,0.0,https://fidelity.com/watch?v=dQw4w9WgXcQ,0
105.0,14.0,0.0,2.0,3.0,9.0,0.0,0.0,7.0,5.0,0.0476,3.3249,1.0,0.0,2.0,1.0,http://auth-portal.ga/gateway?url=http://bankofamerica-security-confirm.xyz/login&next=verify&token=46204,1
50.0,7.0,0.0,1.0,0.0,4.0,0.0,1.0,0.0,0.0,0.0,2.5216,0.0,0.0,0.0,0.0,https://cdc.gov/search?q=machine+learning+tutorial,0
26.0,10.0,0.0,1.0,0.0,0.0,0.0,1.0,0.0,0.0,0.0,2.9219,0.0,0.0,0.0,0.0,https://paypal.com/contact,0
65.0,26.0,1.0,2.0,0.0,0.0,0.0,1.0,0.0,0.0,0.0,3.6612,0.0,0.0,0.0,0.0,https://community.digitalocean.com/categories/technology/software,0
59.0,28.0,0.0,1.0,2.0,5.0,0.0,0.0,4.0,6.0,0.1017,3.709,1.0,0.0,0.0,1.0,http://linkedin-signin-support.rest/login?auth_token=631747,1
105.0,20.0,0.0,2.0,3.0,9.0,0.0,0.0,6.0,5.0,0.0476,3.8842,1.0,0.0,2.0,1.0,http://verification-hub.cam/gateway?url=http://dropbox-security-confirm.xyz/login&next=verify&token=97155,1
48.0,14.0,2.0,4.0,1.0,1.0,1.0,0.0,3.0,11.0,0.2292,2.7534,0.0,0.0,0.0,0.0,http://91.240.118.172/secure/verify-account.html,1
107.0,20.0,0.0,2.0,3.0,9.0,0.0,0.0,6.0,8.0,0.0748,3.7219,0.0,0.0,2.0,1.0,http://verification-hub.fit/gateway?url=http://office365-security-confirm.xyz/login&next=verify&token=60344,1
81.0,33.0,3.0,4.0,0.0,5.0,0.0,0.0,3.0,5.0,0.0617,3.8849,1.0,0.0,1.0,0.0,http://appleid.account.service.hopto.org/signin?session_id=41709&redirect=account,1
111.0,20.0,0.0,2.0,3.0,9.0,0.0,0.0,7.0,5.0,0.045,3.8842,1.0,0.0,2.0,1.0,http://verification-hub.top/gateway?url=http://bankofamerica-security-confirm.xyz/login&next=verify&token=46849,1
51.0,10.0,0.0,1.0,3.0,3.0,0.0,0.0,0.0,0.0,0.0,2.7219,0.0,0.0,0.0,0.0,http://amazon.com/guide/getting-started-with-python,0
65.0,26.0,0.0,2.0,3.0,3.0,0.0,0.0,4.0,0.0,0.0,3.7381,1.0,0.0,0.0,1.0,http://appleid-password-reset.cam/account/update-credentials.html,1
86.0,38.0,3.0,4.0,0.0,5.0,0.0,0.0,4.0,8.0,0.093,3.8457,0.0,0.0,1.0,0.0,http://office365.verify.service.servehttp.com/signin?session_id=71254&redirect=account,1
51.0,9.0,0.0,1.0,3.0,3.0,0.0,1.0,0.0,0.0,0.0,2.9477,0.0,0.0,0.0,0.0,https://chase.com/guide/getting-started-with-python,0
61.0,14.0,0.0,1.0,1.0,1.0,0.0,1.0,1.0,4.0,0.0656,3.3788,0.0,0.0,0.0,0.0,https://cloudflare.com/blog/article/2026/cybersecurity-trends,0
23.0,7.0,0.0,1.0,0.0,0.0,0.0,1.0,0.0,0.0,0.0,2.8074,0.0,0.0,0.0,0.0,https://mit.edu/contact,0
36.0,11.0,0.0,1.0,2.0,2.0,0.0,1.0,1.0,0.0,0.0,3.0272,0.0,0.0,0.0,0.0,https://twitter.com/terms-of-service,0
63.0,20.0,1.0,2.0,0.0,4.0,0.0,1.0,0.0,0.0,0.0,3.6219,0.0,0.0,0.0,0.0,https://community.angular.io/search?q=machine+learning+tutorial,0
30.0,14.0,0.0,1.0,0.0,0.0,0.0,1.0,0.0,0.0,0.0,3.2359,0.0,0.0,0.0,0.0,https://craigslist.org/contact,0
105.0,20.0,0.0,2.0,3.0,9.0,0.0,1.0,6.0,5.0,0.0476,3.8842,1.0,0.0,2.0,1.0,https://verification-hub.cam/gateway?url=http://google-security-confirm.xyz/login&next=verify&token=39009,1
61.0,11.0,1.0,2.0,3.0,5.0,0.0,1.0,0.0,0.0,0.0,2.914,0.0,0.0,0.0,0.0,https://api.bbc.com/guide/getting-started-with-python?lang=en,0
49.0,8.0,0.0,1.0,0.0,0.0,0.0,1.0,0.0,4.0,0.0816,3.0,0.0,0.0,0.0,0.0,https://etsy.com/community/discussions/topic/8821,0
57.0,25.0,0.0,2.0,0.0,0.0,0.0,0.0,0.0,7.0,0.1228,4.1639,0.0,0.0,0.0,1.0,http://w7opidlaxahhxkwb5o1r9.fit/gate/auth/649/index.html,1
21.0,13.0,0.0,1.0,0.0,0.0,0.0,1.0,0.0,0.0,0.0,3.027,0.0,0.0,0.0,0.0,https://bloomberg.com,0
53.0,14.0,0.0,1.0,0.0,0.0,0.0,1.0,0.0,0.0,0.0,3.5216,0.0,0.0,0.0,0.0,https://wellsfargo.com/categories/technology/software,0
39.0,9.0,0.0,1.0,0.0,0.0,0.0,1.0,0.0,0.0,0.0,3.1699,0.0,0.0,0.0,0.0,https://vuejs.org/user/profile/settings,0
51.0,33.0,0.0,2.0,3.0,3.0,0.0,1.0,3.0,1.0,0.0196,3.7259,0.0,0.0,0.0,1.0,https://app1e-security-account-center.top/login.php,1
57.0,18.0,1.0,2.0,0.0,0.0,0.0,1.0,0.0,0.0,0.0,3.5724,0.0,0.0,0.0,0.0,https://dev.cloudflare.net/categories/technology/software,0
52.0,12.0,1.0,2.0,0.0,0.0,0.0,0.0,0.0,4.0,0.0769,3.085,0.0,0.0,0.0,0.0,http://news.bbc.com/community/discussions/topic/8821,0
59.0,11.0,0.0,1.0,0.0,2.0,0.0,1.0,0.0,0.0,0.0,3.2776,0.0,0.0,0.0,0.0,https://nytimes.com/categories/technology/software?ref=home,0
55.0,14.0,0.0,1.0,0.0,0.0,0.0,1.0,0.0,4.0,0.0727,3.3788,0.0,0.0,0.0,0.0,https://cloudflare.com/community/discussions/topic/8821,0
126.0,48.0,0.0,2.0,5.0,8.0,0.0,1.0,10.0,6.0,0.0476,4.0774,0.0,0.0,0.0,0.0,https://security-coinbase-verification-portal-update.com/account/signin/authenticate/step1/verify-password.php?client_id=26920,1
28.0,11.0,0.0,1.0,0.0,0.0,0.0,1.0,0.0,0.0,0.0,2.914,0.0,0.0,0.0,0.0,https://harvard.edu/help/faq,0
89.0,41.0,3.0,4.0,1.0,6.0,0.0,0.0,4.0,5.0,0.0562,3.8085,1.0,0.0,1.0,0.0,http://fedex-delivery.secure.service.duckdns.org/signin?session_id=77541&redirect=account,1
38.0,13.0,0.0,1.0,2.0,2.0,0.0,1.0,1.0,0.0,0.0,3.3927,0.0,0.0,0.0,0.0,https://instagram.com/terms-of-service,0
33.0,8.0,0.0,1.0,0.0,2.0,0.0,1.0,0.0,0.0,0.0,3.0,0.0,0.0,0.0,0.0,https://ebay.com/products?lang=en,0
126.0,49.0,0.0,2.0,5.0,8.0,0.0,0.0,10.0,6.0,0.0476,4.0822,1.0,0.0,0.0,0.0,http://security-instagram-verification-portal-update.com/account/signin/authenticate/step1/verify-password.php?client_id=28753,1
85.0,36.0,3.0,4.0,0.0,5.0,0.0,1.0,5.0,5.0,0.0588,3.9613,1.0,0.0,1.0,0.0,https://bankofamerica.secure.portal.ddns.net/signin?session_id=20408&redirect=account,1
87.0,38.0,3.0,4.0,0.0,5.0,0.0,1.0,4.0,5.0,0.0575,4.0503,1.0,0.0,1.0,0.0,https://dropbox.verify.validation.bounceme.net/signin?session_id=70852&redirect=account,1
54.0,14.0,2.0,3.0,2.0,5.0,1.0,0.0,3.0,11.0,0.2037,2.7534,0.0,0.0,0.0,0.0,http://91.240.118.172/cgi-bin/webscr?cmd=_login-submit,1
67.0,24.0,0.0,1.0,3.0,8.0,0.0,0.0,2.0,4.0,0.0597,3.6887,0.0,0.0,0.0,1.0,http://binance-auth-session.top/webscr?cmd=_login-run&dispatch=5012,1
103.0,17.0,0.0,2.0,3.0,9.0,0.0,1.0,6.0,5.0,0.0485,3.4548,1.0,0.0,2.0,1.0,https://account-center.gq/gateway?url=http://dropbox-security-confirm.xyz/login&next=verify&token=76702,1
19.0,11.0,0.0,1.0,0.0,0.0,0.0,1.0,0.0,0.0,0.0,3.0958,0.0,0.0,0.0,0.0,https://youtube.com,0
38.0,10.0,0.0,1.0,0.0,2.0,0.0,1.0,0.0,2.0,0.0526,3.3219,0.0,0.0,0.0,0.0,https://stripe.com/watch?v=dQw4w9WgXcQ,0
73.0,30.0,0.0,1.0,3.0,8.0,0.0,0.0,3.0,4.0,0.0548,3.9199,1.0,0.0,0.0,1.0,http://linkedin-confirm-identity.buzz/webscr?cmd=_login-run&dispatch=9058,1
42.0,25.0,0.0,2.0,2.0,2.0,0.0,0.0,2.0,1.0,0.0238,3.6537,0.0,0.0,0.0,0.0,http://paypa1-account-center.com/login.php,1
34.0,17.0,0.0,1.0,0.0,0.0,0.0,1.0,0.0,0.0,0.0,3.6901,0.0,0.0,0.0,0.0,https://stackoverflow.com/help/faq,0
55.0,9.0,0.0,1.0,0.0,2.0,0.0,1.0,0.0,1.0,0.0182,2.6416,0.0,0.0,0.0,0.0,https://yahoo.com/categories/technology/software?page=2,0
80.0,32.0,3.0,4.0,1.0,6.0,0.0,0.0,3.0,5.0,0.0625,4.0625,0.0,0.0,1.0,0.0,http://adobe-sign.verify.auth.hopto.org/signin?session_id=54974&redirect=account,1
36.0,14.0,0.0,1.0,0.0,2.0,0.0,1.0,0.0,0.0,0.0,3.5216,0.0,0.0,0.0,0.0,https://cloudflare.net/about?lang=en,0
84.0,35.0,3.0,4.0,0.0,5.0,0.0,1.0,4.0,5.0,0.0595,3.8973,1.0,0.0,1.0,0.0,https://netflix.login.service.servehttp.com/signin?session_id=16682&redirect=account,1
60.0,28.0,0.0,2.0,0.0,0.0,0.0,0.0,0.0,8.0,0.1333,4.2804,0.0,0.0,0.0,1.0,http://7ammpq0hzyjb48wumh9nklybw.ga/gate/auth/739/index.html,1
35.0,10.0,0.0,1.0,2.0,2.0,0.0,1.0,1.0,0.0,0.0,3.1219,0.0,0.0,0.0,0.0,https://reddit.com/terms-of-service,0
64.0,15.0,1.0,2.0,0.0,2.0,0.0,1.0,0.0,0.0,0.0,3.3232,0.0,0.0,0.0,0.0,https://news.akamai.com/categories/technology/software?mode=dark,0
26.0,10.0,0.0,1.0,0.0,0.0,0.0,1.0,0.0,0.0,0.0,3.1219,0.0,0.0,0.0,0.0,https://angular.io/contact,0
46.0,12.0,0.0,1.0,2.0,4.0,0.0,1.0,1.0,0.0,0.0,3.4183,0.0,0.0,0.0,0.0,https://stanford.edu/terms-of-service?ref=home,0
125.0,48.0,0.0,2.0,5.0,8.0,0.0,0.0,10.0,6.0,0.048,4.0774,0.0,0.0,0.0,0.0,http://security-coinbase-verification-portal-update.com/account/signin/authenticate/step1/verify-password.php?client_id=93471,1
28.0,12.0,0.0,1.0,0.0,0.0,0.0,1.0,0.0,0.0,0.0,3.2516,0.0,0.0,0.0,0.0,https://linkedin.com/contact,0
51.0,10.0,0.0,1.0,0.0,0.0,0.0,1.0,0.0,4.0,0.0784,3.1219,0.0,0.0,0.0,0.0,https://reddit.com/community/discussions/topic/8821,0
54.0,7.0,0.0,1.0,1.0,1.0,0.0,1.0,1.0,4.0,0.0741,2.2359,0.0,0.0,0.0,0.0,https://bbc.com/blog/article/2026/cybersecurity-trends,0
126.0,48.0,0.0,2.0,5.0,8.0,0.0,1.0,10.0,6.0,0.0476,4.08,0.0,0.0,0.0,0.0,https://security-metamask-verification-portal-update.com/account/signin/authenticate/step1/verify-password.php?client_id=67361,1
41.0,10.0,0.0,1.0,1.0,3.0,0.0,0.0,0.0,0.0,0.0,3.3219,0.0,0.0,0.0,0.0,http://fastly.com/privacy-policy?ref=home,0
52.0,14.0,1.0,2.0,0.0,0.0,0.0,1.0,0.0,1.0,0.0192,3.0391,0.0,0.0,0.0,0.0,https://aws.amazon.com/documentation/api/v2/overview,0
85.0,36.0,3.0,4.0,1.0,6.0,0.0,1.0,3.0,5.0,0.0588,3.9722,1.0,0.0,1.0,0.0,https://fedex-delivery.verify.auth.hopto.org/signin?session_id=90790&redirect=account,1
43.0,25.0,0.0,2.0,2.0,2.0,0.0,1.0,2.0,1.0,0.0233,3.7835,0.0,0.0,0.0,1.0,https://paypa1-account-center.xyz/login.php,1
83.0,35.0,3.0,4.0,0.0,5.0,0.0,0.0,3.0,5.0,0.0602,3.783,1.0,0.0,1.0,0.0,http://google.account.portal.servehttp.com/signin?session_id=38757&redirect=account,1
104.0,18.0,0.0,2.0,3.0,9.0,0.0,0.0,6.0,5.0,0.0481,3.5724,1.0,0.0,2.0,1.0,http://account-center.xyz/gateway?url=http://linkedin-security-confirm.xyz/login&next=verify&token=80185,1
52.0,14.0,1.0,2.0,0.0,0.0,0.0,1.0,0.0,1.0,0.0192,3.3788,0.0,0.0,0.0,0.0,https://docs.vuejs.org/documentation/api/v2/overview,0
48.0,9.0,0.0,1.0,0.0,0.0,0.0,1.0,0.0,0.0,0.0,2.9477,0.0,0.0,0.0,0.0,https://chase.com/categories/technology/software,0
65.0,33.0,0.0,2.0,0.0,0.0,0.0,0.0,0.0,11.0,0.1692,4.4155,0.0,0.0,0.0,1.0,http://x16f1kyntl2ug05wh23gxrirjutf.buzz/gate/auth/173/index.html,1
60.0,13.0,0.0,2.0,1.0,3.0,0.0,1.0,0.0,4.0,0.0667,3.3927,0.0,0.0,0.0,0.0,https://pinterest.com/downloads/releases/version-3.13?page=2,0
35.0,12.0,1.0,2.0,1.0,1.0,0.0,1.0,0.0,0.0,0.0,3.4183,0.0,0.0,0.0,0.0,https://api.uber.com/privacy-policy,0
29.0,13.0,0.0,1.0,0.0,0.0,0.0,1.0,0.0,1.0,0.0345,3.027,0.0,0.0,0.0,0.0,https://w3schools.com/contact,0
60.0,17.0,1.0,2.0,0.0,4.0,0.0,1.0,0.0,0.0,0.0,3.4992,0.0,0.0,0.0,0.0,https://docs.fidelity.com/search?q=machine+learning+tutorial,0
37.0,9.0,0.0,1.0,0.0,2.0,0.0,1.0,0.0,2.0,0.0541,2.9477,0.0,0.0,0.0,0.0,https://react.dev/watch?v=dQw4w9WgXcQ,0
124.0,46.0,0.0,2.0,5.0,8.0,0.0,1.0,10.0,6.0,0.0484,4.0316,1.0,0.0,0.0,0.0,https://security-paypal-verification-portal-update.com/account/signin/authenticate/step1/verify-password.php?client_id=39057,1
104.0,19.0,0.0,2.0,3.0,9.0,0.0,0.0,6.0,5.0,0.0481,3.8924,1.0,0.0,2.0,1.0,http://verification-hub.tk/gateway?url=http://dropbox-security-confirm.xyz/login&next=verify&token=49959,1
65.0,25.0,0.0,2.0,3.0,3.0,0.0,1.0,3.0,3.0,0.0462,4.0537,0.0,0.0,0.0,1.0,https://office365-auth-session.gq/account/update-credentials.html,1
83.0,35.0,3.0,4.0,0.0,5.0,0.0,0.0,3.0,5.0,0.0602,3.7427,1.0,0.0,1.0,0.0,http://wellsfargo.account.portal.hopto.org/signin?session_id=12592&redirect=account,1
54.0,14.0,2.0,3.0,2.0,5.0,1.0,0.0,3.0,11.0,0.2037,2.7534,0.0,0.0,0.0,0.0,http://193.106.191.28/cgi-bin/webscr?cmd=_login-submit,1
56.0,24.0,0.0,2.0,0.0,0.0,0.0,0.0,0.0,9.0,0.1607,4.1683,0.0,0.0,0.0,1.0,http://cywe3dks4f6apfxi5n53e.ga/gate/auth/212/index.html,1
57.0,14.0,0.0,1.0,0.0,4.0,0.0,1.0,0.0,5.0,0.0877,3.5216,0.0,0.0,0.0,0.0,https://wellsfargo.com/item?id=49204&category=electronics,0
63.0,16.0,1.0,2.0,1.0,1.0,0.0,1.0,1.0,4.0,0.0635,3.5778,0.0,0.0,0.0,0.0,https://blog.spotify.com/blog/article/2026/cybersecurity-trends,0
56.0,9.0,0.0,1.0,1.0,1.0,0.0,1.0,1.0,4.0,0.0714,2.9477,0.0,0.0,0.0,0.0,https://quora.com/blog/article/2026/cybersecurity-trends,0
53.0,10.0,0.0,1.0,0.0,4.0,0.0,1.0,0.0,0.0,0.0,2.6464,0.0,0.0,0.0,0.0,https://akamai.com/search?q=machine+learning+tutorial,0
50.0,10.0,0.0,2.0,1.0,1.0,0.0,1.0,0.0,3.0,0.06,2.6464,0.0,0.0,0.0,0.0,https://google.com/downloads/releases/version-3.13,0
60.0,27.0,0.0,2.0,0.0,0.0,0.0,1.0,0.0,6.0,0.1,4.3845,0.0,0.0,0.0,1.0,https://bptpdwr1xfhsj0bi6atqgkr.cam/gate/auth/663/index.html,1
54.0,13.0,0.0,1.0,0.0,0.0,0.0,1.0,0.0,4.0,0.0741,3.027,0.0,0.0,0.0,0.0,https://bloomberg.com/community/discussions/topic/8821,0
46.0,18.0,1.0,2.0,0.0,2.0,0.0,1.0,0.0,0.0,0.0,3.5724,0.0,0.0,0.0,0.0,https://blog.kubernetes.io/contact?sort=recent,0
42.0,25.0,0.0,2.0,2.0,2.0,0.0,0.0,2.0,1.0,0.0238,3.7835,0.0,0.0,0.0,1.0,http://paypa1-account-center.xyz/login.php,1
57.0,25.0,0.0,1.0,2.0,5.0,0.0,1.0,4.0,6.0,0.1053,3.6839,0.0,0.0,0.0,1.0,https://outlook-signin-support.ga/login?auth_token=934184,1
85.0,37.0,3.0,4.0,0.0,5.0,0.0,0.0,3.0,5.0,0.0588,3.8278,1.0,0.0,1.0,0.0,http://amazon.account.validation.duckdns.org/signin?session_id=18542&redirect=account,1
85.0,37.0,3.0,4.0,0.0,5.0,0.0,0.0,4.0,5.0,0.0588,3.8846,1.0,0.0,1.0,0.0,http://instagram.login.service.servehttp.com/signin?session_id=24047&redirect=account,1
84.0,36.0,3.0,4.0,0.0,5.0,0.0,0.0,4.0,5.0,0.0595,3.7845,1.0,0.0,1.0,0.0,http://microsoft.secure.portal.bounceme.net/signin?session_id=28185&redirect=account,1
125.0,47.0,0.0,2.0,5.0,8.0,0.0,1.0,10.0,6.0,0.048,4.0679,0.0,0.0,0.0,0.0,https://security-binance-verification-portal-update.com/account/signin/authenticate/step1/verify-password.php?client_id=21751,1
27.0,10.0,0.0,1.0,0.0,0.0,0.0,1.0,1.0,0.0,0.0,3.1219,0.0,0.0,0.0,0.0,https://python.org/services,0
64.0,32.0,0.0,2.0,0.0,0.0,0.0,0.0,0.0,8.0,0.125,4.0389,0.0,0.0,0.0,1.0,http://6ocjpztc09zgnx3vpf9pavcedtcx.top/gate/auth/441/index.html,1
49.0,32.0,0.0,2.0,3.0,3.0,0.0,0.0,3.0,1.0,0.0204,3.6556,0.0,0.0,0.0,0.0,http://app1e-security-account-center.cc/login.php,1
52.0,14.0,0.0,1.0,0.0,0.0,0.0,1.0,0.0,1.0,0.0192,3.2359,0.0,0.0,0.0,0.0,https://salesforce.com/documentation/api/v2/overview,0
65.0,15.0,1.0,2.0,2.0,4.0,0.0,1.0,1.0,4.0,0.0615,3.3736,0.0,0.0,0.0,0.0,https://blog.github.com/news/2026/global-markets-update?mode=dark,0
41.0,13.0,2.0,3.0,0.0,0.0,1.0,0.0,1.0,14.0,0.3415,2.4493,0.0,0.0,0.0,0.0,http://194.26.29.112/verification/id/4951,1
64.0,32.0,0.0,2.0,0.0,0.0,0.0,0.0,0.0,12.0,0.1875,4.0778,0.0,0.0,0.0,1.0,http://d7d7gdlwagawq57ly7500lnkkuo4j.cf/gate/auth/281/index.html,1
54.0,14.0,2.0,3.0,2.0,5.0,1.0,0.0,3.0,11.0,0.2037,2.7534,0.0,0.0,0.0,0.0,http://91.240.118.172/cgi-bin/webscr?cmd=_login-submit,1
82.0,33.0,3.0,4.0,0.0,5.0,0.0,1.0,4.0,5.0,0.061,3.8391,1.0,0.0,1.0,0.0,https://instagram.login.service.zapto.org/signin?session_id=33086&redirect=account,1
65.0,33.0,0.0,2.0,0.0,0.0,0.0,0.0,0.0,5.0,0.0769,4.173,0.0,0.0,0.0,1.0,http://bnbpavajimmnstouifjilxn32nbzwb.cf/gate/auth/346/index.html,1
62.0,29.0,0.0,2.0,0.0,0.0,0.0,1.0,0.0,11.0,0.1774,4.3492,0.0,0.0,0.0,1.0,https://3er9om3p9m7qntfpkxywz76dd4.ml/gate/auth/765/index.html,1
42.0,14.0,0.0,1.0,0.0,2.0,0.0,1.0,0.0,2.0,0.0476,2.8963,0.0,0.0,0.0,0.0,https://duckduckgo.com/watch?v=dQw4w9WgXcQ,0
19.0,11.0,0.0,1.0,0.0,0.0,0.0,1.0,0.0,0.0,0.0,3.2776,0.0,0.0,0.0,0.0,https://weather.com,0
103.0,15.0,0.0,2.0,4.0,10.0,0.0,0.0,6.0,5.0,0.0485,3.6402,0.0,0.0,2.0,1.0,http://auth-portal.xyz/gateway?url=http://adobe-sign-security-confirm.xyz/login&next=verify&token=35725,1
41.0,13.0,2.0,3.0,0.0,0.0,1.0,0.0,1.0,14.0,0.3415,2.7193,0.0,0.0,0.0,0.0,http://192.168.1.105/verification/id/2478,1
35.0,10.0,0.0,1.0,2.0,2.0,0.0,1.0,1.0,0.0,0.0,2.9219,0.0,0.0,0.0,0.0,https://docker.com/terms-of-service,0
54.0,11.0,0.0,1.0,0.0,4.0,0.0,1.0,0.0,0.0,0.0,3.2776,0.0,0.0,0.0,0.0,https://weather.com/search?q=machine+learning+tutorial,0
55.0,12.0,0.0,1.0,0.0,4.0,0.0,1.0,0.0,5.0,0.0909,3.0221,0.0,0.0,0.0,0.0,https://doordash.com/item?id=49204&category=electronics,0
58.0,10.0,0.0,1.0,0.0,2.0,0.0,1.0,0.0,5.0,0.0862,3.3219,0.0,0.0,0.0,0.0,https://github.com/community/discussions/topic/8821?page=2,0
61.0,29.0,0.0,1.0,2.0,5.0,0.0,1.0,4.0,6.0,0.0984,3.9783,1.0,0.0,0.0,1.0,https://wellsfargo-signin-support.icu/login?auth_token=898868,1
58.0,26.0,0.0,2.0,0.0,0.0,0.0,0.0,0.0,9.0,0.1552,3.9501,0.0,0.0,0.0,1.0,http://kjeitkx7je5b99hexw8l8.work/gate/auth/370/index.html,1
43.0,9.0,2.0,4.0,1.0,1.0,1.0,0.0,3.0,6.0,0.1395,2.1133,0.0,0.0,0.0,0.0,http://10.0.0.45/secure/verify-account.html,1
33.0,8.0,0.0,1.0,2.0,2.0,0.0,1.0,1.0,0.0,0.0,3.0,0.0,0.0,0.0,0.0,https://bing.com/terms-of-service,0
56.0,25.0,0.0,1.0,2.0,5.0,0.0,0.0,2.0,6.0,0.1071,3.5933,1.0,0.0,0.0,1.0,http://linkedin-urgent-notice.tk/login?auth_token=842820,1
62.0,13.0,0.0,1.0,0.0,2.0,0.0,1.0,0.0,0.0,0.0,3.027,0.0,0.0,0.0,0.0,https://homedepot.com/categories/technology/software?mode=dark,0
27.0,11.0,0.0,1.0,0.0,0.0,0.0,1.0,0.0,0.0,0.0,3.2776,0.0,0.0,0.0,0.0,https://bestbuy.com/contact,0
50.0,11.0,0.0,1.0,0.0,0.0,0.0,1.0,0.0,0.0,0.0,3.0272,0.0,0.0,0.0,0.0,https://twitter.com/categories/technology/software,0
36.0,13.0,0.0,1.0,1.0,1.0,0.0,1.0,0.0,0.0,0.0,3.3347,0.0,0.0,0.0,0.0,https://wikipedia.org/privacy-policy,0
38.0,10.0,0.0,1.0,0.0,2.0,0.0,1.0,0.0,2.0,0.0526,3.1219,0.0,0.0,0.0,0.0,https://nodejs.org/watch?v=dQw4w9WgXcQ,0
60.0,17.0,1.0,2.0,0.0,4.0,0.0,1.0,0.0,5.0,0.0833,3.4548,0.0,0.0,0.0,0.0,https://app.pinterest.com/item?id=49204&category=electronics,0
51.0,10.0,0.0,1.0,0.0,0.0,0.0,1.0,0.0,4.0,0.0784,3.1219,0.0,0.0,0.0,0.0,https://forbes.com/community/discussions/topic/8821,0
69.0,30.0,0.0,2.0,3.0,3.0,0.0,0.0,5.0,0.0,0.0,3.7777,1.0,0.0,0.0,1.0,http://linkedin-customer-service.rest/account/update-credentials.html,1
50.0,33.0,0.0,2.0,3.0,3.0,0.0,0.0,3.0,1.0,0.02,3.8849,0.0,0.0,0.0,0.0,http://netf1ix-verify-account-center.com/login.php,1
101.0,14.0,0.0,2.0,3.0,9.0,0.0,0.0,6.0,5.0,0.0495,3.3249,1.0,0.0,2.0,1.0,http://auth-portal.tk/gateway?url=http://microsoft-security-confirm.xyz/login&next=verify&token=78103,1
102.0,14.0,0.0,2.0,4.0,10.0,0.0,0.0,6.0,5.0,0.049,3.5216,0.0,0.0,2.0,1.0,http://auth-portal.gq/gateway?url=http://adobe-sign-security-confirm.xyz/login&next=verify&token=44115,1
59.0,11.0,0.0,1.0,2.0,4.0,0.0,1.0,1.0,4.0,0.0678,3.0958,0.0,0.0,0.0,0.0,https://mozilla.org/news/2026/global-markets-update?lang=en,0
27.0,10.0,0.0,1.0,0.0,0.0,0.0,1.0,1.0,0.0,0.0,3.1219,0.0,0.0,0.0,0.0,https://airbnb.com/services,0
48.0,14.0,2.0,4.0,1.0,1.0,1.0,0.0,3.0,11.0,0.2292,2.7534,0.0,0.0,0.0,0.0,http://91.240.118.172/secure/verify-account.html,1
33.0,16.0,0.0,1.0,0.0,0.0,0.0,1.0,0.0,0.0,0.0,3.5,0.0,0.0,0.0,0.0,https://digitalocean.com/products,0
25.0,8.0,0.0,1.0,0.0,0.0,0.0,1.0,1.0,0.0,0.0,3.0,0.0,0.0,0.0,0.0,https://ebay.com/services,0
30.0,13.0,0.0,1.0,0.0,0.0,0.0,1.0,0.0,1.0,0.0333,3.027,0.0,0.0,0.0,0.0,https://w3schools.com/help/faq,0
60.0,28.0,0.0,1.0,2.0,5.0,0.0,1.0,4.0,6.0,0.1,3.9233,1.0,0.0,0.0,0.0,https://appleid-customer-service.org/login?auth_token=403114,1
69.0,32.0,0.0,2.0,2.0,2.0,0.0,0.0,3.0,4.0,0.058,3.9681,1.0,0.0,0.0,1.0,http://bankofamerica-urgent-notice.club/verify/user/9409/security.php,1
30.0,13.0,1.0,2.0,0.0,0.0,0.0,1.0,0.0,0.0,0.0,3.2389,0.0,0.0,0.0,0.0,https://docs.lyft.com/help/faq,0
30.0,14.0,0.0,1.0,0.0,0.0,0.0,1.0,0.0,0.0,0.0,3.2359,0.0,0.0,0.0,0.0,https://salesforce.com/contact,0
90.0,42.0,3.0,4.0,1.0,6.0,0.0,0.0,3.0,5.0,0.0556,4.043,1.0,0.0,1.0,0.0,http://fedex-delivery.account.portal.bounceme.net/signin?session_id=13463&redirect=account,1
47.0,13.0,2.0,4.0,1.0,1.0,1.0,0.0,3.0,10.0,0.2128,2.8151,0.0,0.0,0.0,0.0,http://198.51.100.42/secure/verify-account.html,1
51.0,33.0,0.0,2.0,3.0,3.0,0.0,1.0,3.0,1.0,0.0196,3.8849,0.0,0.0,0.0,1.0,https://netf1ix-verify-account-center.top/login.php,1
51.0,13.0,0.0,1.0,0.0,2.0,0.0,1.0,0.0,0.0,0.0,3.3927,0.0,0.0,0.0,0.0,https://instagram.com/user/profile/settings?lang=en,0
65.0,26.0,0.0,2.0,3.0,3.0,0.0,0.0,4.0,0.0,0.0,4.0081,1.0,0.0,0.0,1.0,http://dropbox-verify-account.top/account/update-credentials.html,1
24.0,7.0,0.0,1.0,0.0,0.0,0.0,1.0,0.0,0.0,0.0,2.2359,0.0,0.0,0.0,0.0,https://bbc.com/help/faq,0
43.0,25.0,0.0,2.0,2.0,2.0,0.0,1.0,2.0,1.0,0.0233,3.5329,0.0,0.0,0.0,0.0,https://paypa1-account-center.net/login.php,1
59.0,27.0,0.0,2.0,0.0,0.0,0.0,0.0,0.0,13.0,0.2203,4.0323,0.0,0.0,0.0,1.0,http://5rgsg6a8mlik22xmq66442si.cf/gate/auth/472/index.html,1
127.0,50.0,0.0,2.0,5.0,8.0,0.0,0.0,10.0,6.0,0.0472,4.1737,1.0,0.0,0.0,0.0,http://security-wellsfargo-verification-portal-update.com/account/signin/authenticate/step1/verify-password.php?client_id=66629,1
54.0,14.0,1.0,2.0,2.0,2.0,0.0,1.0,1.0,4.0,0.0741,3.3788,0.0,0.0,0.0,0.0,https://news.adobe.com/news/2026/global-markets-update,0
39.0,11.0,0.0,1.0,0.0,2.0,0.0,1.0,0.0,2.0,0.0513,3.2776,0.0,0.0,0.0,0.0,https://spotify.com/watch?v=dQw4w9WgXcQ,0
81.0,33.0,3.0,4.0,0.0,5.0,0.0,0.0,2.0,5.0,0.0617,3.7179,1.0,0.0,1.0,0.0,http://dropbox.account.auth.bounceme.net/signin?session_id=26414&redirect=account,1
54.0,14.0,0.0,2.0,1.0,1.0,0.0,1.0,0.0,3.0,0.0556,3.5216,0.0,0.0,0.0,0.0,https://wellsfargo.com/downloads/releases/version-3.13,0
59.0,10.0,0.0,2.0,1.0,3.0,0.0,1.0,0.0,3.0,0.0508,3.3219,0.0,0.0,0.0,0.0,https://fastly.com/downloads/releases/version-3.13?ref=home,0
24.0,7.0,0.0,1.0,0.0,0.0,0.0,1.0,0.0,0.0,0.0,2.5216,0.0,0.0,0.0,0.0,https://cdc.gov/products,0
42.0,25.0,0.0,2.0,2.0,2.0,0.0,0.0,2.0,1.0,0.0238,3.5329,0.0,0.0,0.0,0.0,http://paypa1-account-center.net/login.php,1
64.0,11.0,0.0,1.0,0.0,2.0,0.0,1.0,0.0,4.0,0.0625,3.0958,0.0,0.0,0.0,0.0,https://walmart.com/community/discussions/topic/8821?sort=recent,0
47.0,17.0,1.0,2.0,0.0,0.0,0.0,1.0,0.0,0.0,0.0,3.4548,0.0,0.0,0.0,0.0,https://news.doordash.com/user/profile/settings,0
37.0,9.0,2.0,3.0,0.0,0.0,1.0,0.0,1.0,10.0,0.2703,2.1133,0.0,0.0,0.0,0.0,http://10.0.0.45/verification/id/7130,1
59.0,7.0,0.0,1.0,2.0,4.0,0.0,1.0,1.0,4.0,0.0678,2.5216,0.0,0.0,0.0,0.0,https://cdc.gov/news/2026/global-markets-update?sort=recent,0
37.0,13.0,0.0,1.0,0.0,2.0,0.0,1.0,0.0,1.0,0.027,3.027,0.0,0.0,0.0,0.0,https://microsoft.com/help/faq?page=2,0
60.0,28.0,0.0,1.0,2.0,5.0,0.0,1.0,4.0,6.0,0.1,3.8693,1.0,0.0,0.0,1.0,https://wellsfargo-secure-portal.icu/login?auth_token=562139,1
84.0,35.0,3.0,4.0,0.0,5.0,0.0,1.0,3.0,5.0,0.0595,3.9433,1.0,0.0,1.0,0.0,https://dropbox.account.service.duckdns.org/signin?session_id=25571&redirect=account,1
23.0,15.0,1.0,2.0,0.0,0.0,0.0,1.0,0.0,0.0,0.0,3.3232,0.0,0.0,0.0,0.0,https://blog.docker.com,0
40.0,10.0,0.0,1.0,0.0,0.0,0.0,1.0,0.0,0.0,0.0,3.1219,0.0,0.0,0.0,0.0,https://target.com/user/profile/settings,0
83.0,34.0,3.0,4.0,0.0,5.0,0.0,1.0,4.0,5.0,0.0602,3.9842,1.0,0.0,1.0,0.0,https://netflix.verify.service.duckdns.org/signin?session_id=50789&redirect=account,1
37.0,10.0,0.0,1.0,0.0,2.0,0.0,1.0,0.0,0.0,0.0,3.1219,0.0,0.0,0.0,0.0,https://airbnb.com/help/faq?mode=dark,0
55.0,8.0,0.0,1.0,1.0,1.0,0.0,1.0,1.0,4.0,0.0727,3.0,0.0,0.0,0.0,0.0,https://bing.com/blog/article/2026/cybersecurity-trends,0
50.0,32.0,0.0,2.0,3.0,3.0,0.0,1.0,3.0,1.0,0.02,3.7539,0.0,0.0,0.0,0.0,https://netf1ix-verify-account-center.cc/login.php,1
50.0,33.0,0.0,2.0,3.0,3.0,0.0,0.0,3.0,1.0,0.02,3.9226,0.0,0.0,0.0,1.0,http://netf1ix-verify-account-center.xyz/login.php,1
50.0,7.0,0.0,1.0,0.0,4.0,0.0,1.0,0.0,5.0,0.1,2.8074,0.0,0.0,0.0,0.0,https://nih.gov/item?id=49204&category=electronics,0
41.0,13.0,2.0,3.0,0.0,0.0,1.0,0.0,1.0,14.0,0.3415,2.7193,0.0,0.0,0.0,0.0,http://192.168.1.105/verification/id/4009,1
27.0,10.0,0.0,1.0,0.0,0.0,0.0,1.0,0.0,0.0,0.0,3.1219,0.0,0.0,0.0,0.0,https://reddit.com/products,0
56.0,13.0,0.0,1.0,0.0,4.0,0.0,1.0,0.0,0.0,0.0,3.027,0.0,0.0,0.0,0.0,https://bloomberg.com/search?q=machine+learning+tutorial,0
55.0,15.0,1.0,3.0,1.0,1.0,0.0,1.0,0.0,3.0,0.0545,3.3232,0.0,0.0,0.0,0.0,https://api.twitter.com/downloads/releases/version-3.13,0
44.0,27.0,0.0,2.0,2.0,2.0,0.0,0.0,2.0,1.0,0.0227,3.634,0.0,0.0,0.0,0.0,http://micros0ft-account-center.cc/login.php,1
64.0,31.0,0.0,2.0,0.0,0.0,0.0,1.0,0.0,17.0,0.2656,4.309,0.0,0.0,0.0,1.0,https://33h8g8t922d0nx5wt3hju31fi0n6.ml/gate/auth/607/index.html,1
58.0,26.0,0.0,1.0,2.0,5.0,0.0,1.0,4.0,6.0,0.1034,3.9022,1.0,0.0,0.0,1.0,https://paypal-customer-service.ml/login?auth_token=327882,1
32.0,15.0,0.0,1.0,0.0,0.0,0.0,1.0,1.0,0.0,0.0,3.5069,0.0,0.0,0.0,0.0,https://tripadvisor.com/services,0
36.0,8.0,0.0,1.0,0.0,2.0,0.0,1.0,0.0,2.0,0.0556,3.0,0.0,0.0,0.0,0.0,https://ebay.com/watch?v=dQw4w9WgXcQ,0
51.0,33.0,0.0,2.0,3.0,3.0,0.0,1.0,3.0,1.0,0.0196,3.7259,0.0,0.0,0.0,1.0,https://app1e-security-account-center.top/login.php,1
26.0,10.0,0.0,1.0,0.0,0.0,0.0,1.0,0.0,0.0,0.0,2.9219,0.0,0.0,0.0,0.0,https://docker.com/contact,0
64.0,25.0,0.0,2.0,3.0,3.0,0.0,0.0,4.0,0.0,0.0,4.0235,1.0,0.0,0.0,1.0,http://dropbox-login-attempt.xyz/account/update-credentials.html,1
87.0,39.0,3.0,4.0,0.0,5.0,0.0,0.0,4.0,5.0,0.0575,4.0898,1.0,0.0,1.0,0.0,http://facebook.login.validation.servehttp.com/signin?session_id=40516&redirect=account,1
23.0,7.0,0.0,1.0,0.0,0.0,0.0,1.0,0.0,0.0,0.0,2.5216,0.0,0.0,0.0,0.0,https://cdc.gov/contact,0
57.0,14.0,1.0,2.0,0.0,4.0,0.0,1.0,0.0,0.0,0.0,3.0391,0.0,0.0,0.0,0.0,https://aws.amazon.com/search?q=machine+learning+tutorial,0
24.0,10.0,0.0,1.0,0.0,0.0,0.0,1.0,0.0,0.0,0.0,2.9219,0.0,0.0,0.0,0.0,https://zillow.com/about,0
67.0,34.0,0.0,2.0,0.0,0.0,0.0,1.0,0.0,11.0,0.1642,4.0912,0.0,0.0,0.0,1.0,https://pzemjgkcqy2656ae1igcuidc00m6cu.icu/gate/auth/571/index.html,1
86.0,38.0,3.0,4.0,0.0,5.0,0.0,0.0,4.0,5.0,0.0581,3.7378,0.0,0.0,1.0,0.0,http://binance.secure.validation.bounceme.net/signin?session_id=15380&redirect=account,1
64.0,31.0,0.0,2.0,0.0,0.0,0.0,1.0,0.0,6.0,0.0938,4.2202,0.0,0.0,0.0,1.0,https://iyfrwskp6rfe64skbcbdpdxujjcs.ml/gate/auth/858/index.html,1
32.0,15.0,0.0,1.0,0.0,0.0,0.0,1.0,0.0,0.0,0.0,3.5069,0.0,0.0,0.0,0.0,https://tripadvisor.com/help/faq,0
126.0,48.0,0.0,2.0,5.0,8.0,0.0,1.0,10.0,6.0,0.0476,4.119,1.0,0.0,0.0,0.0,https://security-facebook-verification-portal-update.com/account/signin/authenticate/step1/verify-password.php?client_id=54204,1
51.0,9.0,0.0,1.0,3.0,3.0,0.0,1.0,0.0,0.0,0.0,2.9477,0.0,0.0,0.0,0.0,https://slack.com/guide/getting-started-with-python,0
36.0,8.0,0.0,1.0,0.0,2.0,0.0,1.0,0.0,2.0,0.0556,3.0,0.0,0.0,0.0,0.0,https://bing.com/watch?v=dQw4w9WgXcQ,0
71.0,21.0,1.0,3.0,1.0,3.0,0.0,1.0,0.0,3.0,0.0423,3.8802,0.0,0.0,0.0,0.0,https://api.stackoverflow.com/downloads/releases/version-3.13?mode=dark,0
25.0,9.0,0.0,1.0,0.0,0.0,0.0,1.0,0.0,0.0,0.0,2.9477,0.0,0.0,0.0,0.0,https://react.dev/contact,0
124.0,47.0,0.0,2.0,5.0,8.0,0.0,0.0,10.0,6.0,0.0484,4.1369,1.0,0.0,0.0,0.0,http://security-dropbox-verification-portal-update.com/account/signin/authenticate/step1/verify-password.php?client_id=27837,1
36.0,19.0,1.0,2.0,0.0,0.0,0.0,1.0,0.0,0.0,0.0,3.5369,0.0,0.0,0.0,0.0,https://community.adobe.com/products,0
29.0,12.0,1.0,2.0,0.0,0.0,0.0,1.0,0.0,0.0,0.0,3.085,0.0,0.0,0.0,0.0,https://blog.nih.gov/help/faq,0
58.0,18.0,1.0,3.0,1.0,1.0,0.0,1.0,0.0,3.0,0.0517,3.0169,0.0,0.0,0.0,0.0,https://blog.bloomberg.com/downloads/releases/version-3.13,0
53.0,11.0,0.0,1.0,0.0,4.0,0.0,0.0,0.0,5.0,0.0943,3.0272,0.0,0.0,0.0,0.0,http://booking.com/item?id=49204&category=electronics,0
125.0,47.0,0.0,2.0,5.0,8.0,0.0,1.0,10.0,6.0,0.048,4.0253,1.0,0.0,0.0,0.0,https://security-appleid-verification-portal-update.com/account/signin/authenticate/step1/verify-password.php?client_id=44212,1
47.0,13.0,2.0,3.0,0.0,2.0,1.0,0.0,1.0,16.0,0.3404,2.8151,0.0,0.0,0.0,0.0,http://198.51.100.42/auth/signin?session=817606,1
62.0,19.0,1.0,2.0,0.0,4.0,0.0,1.0,1.0,5.0,0.0806,3.4316,0.0,0.0,0.0,0.0,https://support.youtube.com/item?id=49204&category=electronics,0
46.0,8.0,0.0,1.0,0.0,0.0,0.0,1.0,0.0,1.0,0.0217,3.0,0.0,0.0,0.0,0.0,https://yelp.com/documentation/api/v2/overview,0
35.0,11.0,0.0,1.0,0.0,2.0,0.0,1.0,0.0,0.0,0.0,3.2776,0.0,0.0,0.0,0.0,https://bestbuy.com/about?mode=dark,0
71.0,15.0,1.0,2.0,1.0,3.0,0.0,1.0,1.0,4.0,0.0563,3.0566,0.0,0.0,0.0,0.0,https://docs.akamai.com/blog/article/2026/cybersecurity-trends?ref=home,0
86.0,38.0,3.0,4.0,0.0,5.0,0.0,0.0,3.0,5.0,0.0581,3.7878,0.0,0.0,1.0,0.0,http://coinbase.account.service.servehttp.com/signin?session_id=20959&redirect=account,1
88.0,40.0,3.0,4.0,0.0,5.0,0.0,0.0,3.0,5.0,0.0568,4.0439,1.0,0.0,1.0,0.0,http://dropbox.account.validation.servehttp.com/signin?session_id=89408&redirect=account,1
33.0,8.0,0.0,1.0,2.0,2.0,0.0,1.0,1.0,0.0,0.0,3.0,0.0,0.0,0.0,0.0,https://uber.com/terms-of-service,0
62.0,10.0,0.0,2.0,1.0,3.0,0.0,1.0,0.0,3.0,0.0484,3.3219,0.0,0.0,0.0,0.0,https://fastly.com/downloads/releases/version-3.13?sort=recent,0
63.0,31.0,0.0,2.0,0.0,0.0,0.0,0.0,0.0,7.0,0.1111,4.3492,0.0,0.0,0.0,1.0,http://myyokeaea84hxxpw2gkqraffz8q.icu/gate/auth/560/index.html,1
17.0,10.0,0.0,1.0,0.0,0.0,0.0,0.0,0.0,0.0,0.0,3.3219,0.0,0.0,0.0,0.0,http://gitlab.com,0
37.0,21.0,1.0,2.0,0.0,0.0,0.0,1.0,1.0,0.0,0.0,3.5352,0.0,0.0,0.0,0.0,https://app.bankofamerica.com/contact,0
64.0,33.0,0.0,1.0,2.0,5.0,0.0,0.0,5.0,6.0,0.0938,4.0061,1.0,0.0,0.0,1.0,http://bankofamerica-verify-account.work/login?auth_token=369950,1
102.0,17.0,0.0,2.0,3.0,9.0,0.0,0.0,6.0,5.0,0.049,3.2639,1.0,0.0,2.0,1.0,http://account-center.cf/gateway?url=http://appleid-security-confirm.xyz/login&next=verify&token=83303,1
41.0,18.0,1.0,2.0,1.0,1.0,0.0,1.0,0.0,0.0,0.0,3.3921,0.0,0.0,0.0,0.0,https://app.craigslist.org/privacy-policy,0
58.0,11.0,0.0,1.0,1.0,1.0,0.0,1.0,1.0,4.0,0.069,3.2776,0.0,0.0,0.0,0.0,https://nytimes.com/blog/article/2026/cybersecurity-trends,0
58.0,9.0,0.0,1.0,0.0,2.0,0.0,1.0,0.0,4.0,0.069,2.6416,0.0,0.0,0.0,0.0,https://twitch.tv/community/discussions/topic/8821?lang=en,0
60.0,28.0,0.0,2.0,0.0,0.0,0.0,0.0,0.0,12.0,0.2,4.182,0.0,0.0,0.0,1.0,http://cb0ixryli172d50n97cjb0pn.cam/gate/auth/960/index.html,1
37.0,13.0,0.0,1.0,0.0,2.0,0.0,1.0,1.0,1.0,0.027,3.027,0.0,0.0,0.0,0.0,https://bloomberg.com/services?page=2,0
47.0,8.0,0.0,1.0,0.0,0.0,0.0,1.0,0.0,0.0,0.0,3.0,0.0,0.0,0.0,0.0,https://uber.com/categories/technology/software,0
63.0,26.0,0.0,2.0,2.0,2.0,0.0,0.0,3.0,4.0,0.0635,3.7672,1.0,0.0,0.0,1.0,http://facebook-password-reset.cf/verify/user/3842/security.php,1
43.0,8.0,0.0,1.0,1.0,3.0,0.0,1.0,0.0,0.0,0.0,2.75,0.0,0.0,0.0,0.0,https://imdb.com/privacy-policy?sort=recent,0
18.0,10.0,0.0,1.0,0.0,0.0,0.0,1.0,0.0,0.0,0.0,3.1219,0.0,0.0,0.0,0.0,https://python.org,0
85.0,37.0,3.0,4.0,0.0,5.0,0.0,0.0,3.0,5.0,0.0588,3.8846,1.0,0.0,1.0,0.0,http://instagram.account.service.duckdns.org/signin?session_id=68854&redirect=account,1
82.0,34.0,3.0,4.0,0.0,5.0,0.0,0.0,4.0,8.0,0.0976,3.8444,0.0,0.0,1.0,0.0,http://office365.verify.service.hopto.org/signin?session_id=73941&redirect=account,1
62.0,8.0,0.0,1.0,1.0,3.0,0.0,1.0,1.0,5.0,0.0806,3.0,0.0,0.0,0.0,0.0,https://bing.com/blog/article/2026/cybersecurity-trends?page=2,0
28.0,11.0,0.0,1.0,0.0,0.0,0.0,1.0,0.0,0.0,0.0,3.0272,0.0,0.0,0.0,0.0,https://booking.com/products,0
58.0,10.0,0.0,1.0,0.0,2.0,0.0,1.0,0.0,5.0,0.0862,3.1219,0.0,0.0,0.0,0.0,https://angular.io/community/discussions/topic/8821?page=2,0
60.0,12.0,0.0,1.0,0.0,2.0,0.0,1.0,0.0,5.0,0.0833,3.2516,0.0,0.0,0.0,0.0,https://linkedin.com/community/discussions/topic/8821?page=2,0
60.0,13.0,1.0,2.0,1.0,1.0,0.0,1.0,1.0,4.0,0.0667,3.0851,0.0,0.0,0.0,0.0,https://app.quora.com/blog/article/2026/cybersecurity-trends,0
57.0,26.0,0.0,1.0,2.0,5.0,0.0,0.0,4.0,6.0,0.1053,3.8441,1.0,0.0,0.0,1.0,http://appleid-secure-portal.work/login?auth_token=716814,1
47.0,13.0,2.0,4.0,1.0,1.0,1.0,0.0,3.0,10.0,0.2128,2.7193,0.0,0.0,0.0,0.0,http://192.168.1.105/secure/verify-account.html,1
62.0,11.0,1.0,2.0,3.0,5.0,0.0,1.0,0.0,0.0,0.0,2.914,0.0,0.0,0.0,0.0,https://app.zoom.us/guide/getting-started-with-python?ref=home,0
30.0,14.0,1.0,2.0,0.0,0.0,0.0,1.0,0.0,0.0,0.0,3.5216,0.0,0.0,0.0,0.0,https://dev.angular.io/contact,0
60.0,28.0,0.0,2.0,0.0,0.0,0.0,0.0,0.0,14.0,0.2333,4.0931,0.0,0.0,0.0,1.0,http://18utyiwt258e7428yi4pzzj8x.gq/gate/auth/720/index.html,1
106.0,19.0,0.0,2.0,3.0,9.0,0.0,1.0,6.0,5.0,0.0472,3.8924,0.0,0.0,2.0,1.0,https://verification-hub.tk/gateway?url=http://coinbase-security-confirm.xyz/login&next=verify&token=87150,1
36.0,14.0,0.0,1.0,0.0,2.0,0.0,0.0,0.0,0.0,0.0,3.2359,0.0,0.0,0.0,0.0,http://salesforce.com/about?ref=home,0
42.0,14.0,2.0,3.0,0.0,0.0,1.0,0.0,1.0,15.0,0.3571,2.7534,0.0,0.0,0.0,0.0,http://193.106.191.28/verification/id/1263,1
46.0,17.0,1.0,2.0,0.0,2.0,0.0,1.0,0.0,1.0,0.0217,3.3372,0.0,0.0,0.0,0.0,https://app.w3schools.com/products?sort=recent,0
61.0,29.0,0.0,2.0,0.0,0.0,0.0,0.0,0.0,11.0,0.1803,4.1852,0.0,0.0,0.0,1.0,http://nl7ha752a97pnfircvcz8p5aie.gq/gate/auth/643/index.html,1
54.0,15.0,1.0,2.0,0.0,0.0,0.0,1.0,0.0,0.0,0.0,3.3232,0.0,0.0,0.0,0.0,https://app.twitter.com/categories/technology/software,0
24.0,8.0,0.0,1.0,0.0,0.0,0.0,1.0,0.0,0.0,0.0,3.0,0.0,0.0,0.0,0.0,https://yelp.com/contact,0
72.0,28.0,0.0,1.0,4.0,9.0,0.0,1.0,3.0,4.0,0.0556,3.8249,0.0,0.0,0.0,1.0,https://adobe-sign-password-reset.gq/webscr?cmd=_login-run&dispatch=4144,1
77.0,29.0,3.0,4.0,0.0,5.0,0.0,0.0,4.0,5.0,0.0649,3.3837,1.0,0.0,1.0,0.0,http://paypal.login.portal.zapto.org/signin?session_id=46905&redirect=account,1
18.0,10.0,0.0,1.0,0.0,0.0,0.0,1.0,0.0,0.0,0.0,2.7219,0.0,0.0,0.0,0.0,https://amazon.com,0
15.0,7.0,0.0,1.0,0.0,0.0,0.0,1.0,0.0,0.0,0.0,2.2359,0.0,0.0,0.0,0.0,https://cnn.com,0
60.0,27.0,0.0,2.0,0.0,0.0,0.0,1.0,0.0,10.0,0.1667,4.2084,0.0,0.0,0.0,1.0,https://5i6ltdmo8rc64skte02bip.rest/gate/auth/564/index.html,1
82.0,34.0,3.0,4.0,0.0,5.0,0.0,0.0,4.0,5.0,0.061,3.8222,0.0,0.0,1.0,0.0,http://outlook.verify.validation.ddns.net/signin?session_id=89494&redirect=account,1
40.0,10.0,0.0,1.0,0.0,0.0,0.0,1.0,0.0,0.0,0.0,2.9219,0.0,0.0,0.0,0.0,https://zillow.com/user/profile/settings,0
35.0,10.0,0.0,1.0,2.0,2.0,0.0,1.0,1.0,0.0,0.0,2.6464,0.0,0.0,0.0,0.0,https://google.com/terms-of-service,0
65.0,25.0,0.0,2.0,3.0,3.0,0.0,1.0,5.0,0.0,0.0,3.7337,0.0,0.0,0.0,0.0,https://binance-secure-portal.net/account/update-credentials.html,1
33.0,10.0,0.0,1.0,0.0,2.0,0.0,1.0,0.0,1.0,0.0303,3.3219,0.0,0.0,0.0,0.0,https://fastly.com/contact?page=2,0
93.0,44.0,3.0,4.0,1.0,6.0,0.0,1.0,4.0,5.0,0.0538,4.0792,1.0,0.0,1.0,0.0,https://fedex-delivery.verify.validation.duckdns.org/signin?session_id=88323&redirect=account,1
38.0,10.0,0.0,1.0,0.0,2.0,0.0,1.0,0.0,2.0,0.0526,2.8464,0.0,0.0,0.0,0.0,https://medium.com/watch?v=dQw4w9WgXcQ,0
98.0,14.0,0.0,2.0,3.0,9.0,0.0,0.0,6.0,5.0,0.051,3.3249,1.0,0.0,2.0,1.0,http://auth-portal.tk/gateway?url=http://google-security-confirm.xyz/login&next=verify&token=11776,1
62.0,31.0,0.0,1.0,3.0,6.0,0.0,0.0,3.0,6.0,0.0968,4.236,1.0,0.0,0.0,1.0,http://dhl-tracking-password-reset.xyz/login?auth_token=908435,1
41.0,24.0,0.0,2.0,2.0,2.0,0.0,0.0,2.0,2.0,0.0488,3.4864,0.0,0.0,0.0,0.0,http://g00gle-account-center.cc/login.php,1
29.0,13.0,0.0,1.0,0.0,0.0,0.0,1.0,0.0,0.0,0.0,3.3927,0.0,0.0,0.0,0.0,https://pinterest.com/contact,0
44.0,27.0,0.0,2.0,2.0,2.0,0.0,0.0,2.0,1.0,0.0227,3.634,0.0,0.0,0.0,0.0,http://micros0ft-account-center.cc/login.php,1
66.0,33.0,0.0,2.0,0.0,0.0,0.0,1.0,0.0,10.0,0.1515,4.332,0.0,0.0,0.0,1.0,https://llu1a7boxfqj3hxj3apnu02wpjcf0.fit/gate/auth/707/index.html,1
48.0,14.0,2.0,4.0,1.0,1.0,1.0,0.0,3.0,11.0,0.2292,2.7534,0.0,0.0,0.0,0.0,http://23.227.198.203/secure/verify-account.html,1
55.0,7.0,0.0,1.0,0.0,2.0,0.0,1.0,0.0,1.0,0.0182,2.5216,0.0,0.0,0.0,0.0,https://cdc.gov/documentation/api/v2/overview?mode=dark,0
58.0,15.0,1.0,2.0,0.0,4.0,0.0,1.0,0.0,0.0,0.0,3.5069,0.0,0.0,0.0,0.0,https://news.python.org/search?q=machine+learning+tutorial,0
131.0,54.0,0.0,2.0,6.0,9.0,0.0,0.0,10.0,6.0,0.0458,4.0903,1.0,0.0,0.0,0.0,http://security-fedex-delivery-verification-portal-update.com/account/signin/authenticate/step1/verify-password.php?client_id=63778,1
39.0,9.0,0.0,1.0,0.0,0.0,0.0,1.0,0.0,0.0,0.0,3.1699,0.0,0.0,0.0,0.0,https://azure.com/user/profile/settings,0
34.0,18.0,1.0,2.0,0.0,0.0,0.0,1.0,0.0,0.0,0.0,3.6144,0.0,0.0,0.0,0.0,https://app.cloudflare.net/contact,0
31.0,7.0,0.0,1.0,2.0,2.0,0.0,0.0,1.0,0.0,0.0,2.5216,0.0,0.0,0.0,0.0,http://cdc.gov/terms-of-service,0
27.0,10.0,0.0,1.0,0.0,0.0,0.0,1.0,0.0,0.0,0.0,2.9219,0.0,0.0,0.0,0.0,https://zillow.com/products,0
63.0,30.0,0.0,2.0,0.0,0.0,0.0,1.0,0.0,9.0,0.1429,4.2151,0.0,0.0,0.0,1.0,https://z01sosr2hvnkvonnlhapwf520xk.cf/gate/auth/245/index.html,1
48.0,14.0,2.0,3.0,0.0,2.0,1.0,0.0,1.0,17.0,0.3542,2.7534,0.0,0.0,0.0,0.0,http://193.106.191.28/auth/signin?session=633595,1
67.0,21.0,1.0,2.0,0.0,2.0,0.0,1.0,0.0,1.0,0.0149,3.5945,0.0,0.0,0.0,0.0,https://community.dropbox.com/categories/technology/software?page=2,0
45.0,28.0,0.0,2.0,2.0,2.0,0.0,0.0,2.0,1.0,0.0222,3.9947,0.0,0.0,0.0,1.0,http://micros0ft-account-center.xyz/login.php,1
104.0,17.0,0.0,2.0,3.0,9.0,0.0,1.0,6.0,5.0,0.0481,3.4548,1.0,0.0,2.0,1.0,https://account-center.gq/gateway?url=http://facebook-security-confirm.xyz/login&next=verify&token=84473,1
83.0,35.0,3.0,4.0,1.0,6.0,0.0,0.0,2.0,5.0,0.0602,3.9142,0.0,0.0,1.0,0.0,http://adobe-sign.account.auth.duckdns.org/signin?session_id=91841&redirect=account,1
53.0,15.0,0.0,1.0,0.0,0.0,0.0,1.0,0.0,1.0,0.0189,3.5069,0.0,0.0,0.0,0.0,https://tripadvisor.com/documentation/api/v2/overview,0
27.0,10.0,0.0,1.0,0.0,0.0,0.0,1.0,0.0,0.0,0.0,3.1219,0.0,0.0,0.0,0.0,https://forbes.com/products,0
39.0,22.0,1.0,2.0,0.0,0.0,0.0,1.0,1.0,0.0,0.0,3.5383,0.0,0.0,0.0,0.0,https://community.linkedin.com/services,0
84.0,36.0,3.0,4.0,0.0,5.0,0.0,0.0,3.0,5.0,0.0595,3.8191,0.0,0.0,1.0,0.0,http://coinbase.account.service.duckdns.org/signin?session_id=93633&redirect=account,1
20.0,12.0,0.0,1.0,0.0,0.0,0.0,1.0,0.0,0.0,0.0,3.4183,0.0,0.0,0.0,0.0,https://vanguard.com,0
86.0,37.0,3.0,4.0,0.0,5.0,0.0,1.0,4.0,5.0,0.0581,3.8377,1.0,0.0,1.0,0.0,https://microsoft.verify.portal.servehttp.com/signin?session_id=63205&redirect=account,1
45.0,28.0,0.0,2.0,2.0,2.0,0.0,0.0,2.0,1.0,0.0222,3.9947,0.0,0.0,0.0,1.0,http://micros0ft-account-center.xyz/login.php,1
82.0,34.0,3.0,4.0,0.0,5.0,0.0,0.0,3.0,5.0,0.061,3.881,0.0,0.0,1.0,0.0,http://metamask.account.service.hopto.org/signin?session_id=88509&redirect=account,1
45.0,17.0,1.0,2.0,0.0,2.0,0.0,1.0,0.0,2.0,0.0444,3.3372,0.0,0.0,0.0,0.0,https://app.microsoft.com/watch?v=dQw4w9WgXcQ,0
98.0,14.0,0.0,2.0,3.0,9.0,0.0,0.0,6.0,5.0,0.051,3.3249,1.0,0.0,2.0,1.0,http://auth-portal.tk/gateway?url=http://paypal-security-confirm.xyz/login&next=verify&token=59811,1
45.0,28.0,0.0,2.0,2.0,2.0,0.0,0.0,2.0,1.0,0.0222,3.7804,0.0,0.0,0.0,1.0,http://micros0ft-account-center.top/login.php,1
109.0,19.0,0.0,2.0,4.0,10.0,0.0,0.0,6.0,5.0,0.0459,3.7871,1.0,0.0,2.0,1.0,http://verification-hub.cf/gateway?url=http://dhl-tracking-security-confirm.xyz/login&next=verify&token=39082,1
32.0,18.0,1.0,2.0,0.0,0.0,0.0,1.0,1.0,0.0,0.0,3.7255,0.0,0.0,0.0,0.0,https://support.gitlab.com/about,0
68.0,31.0,0.0,2.0,2.0,2.0,0.0,0.0,5.0,4.0,0.0588,4.1069,1.0,0.0,0.0,1.0,http://bankofamerica-signin-support.ml/verify/user/4588/security.php,1
64.0,17.0,0.0,1.0,1.0,1.0,0.0,1.0,2.0,4.0,0.0625,3.4548,0.0,0.0,0.0,0.0,https://bankofamerica.com/blog/article/2026/cybersecurity-trends,0
16.0,8.0,0.0,1.0,0.0,0.0,0.0,1.0,0.0,0.0,0.0,3.0,0.0,0.0,0.0,0.0,https://lyft.com,0
59.0,27.0,0.0,1.0,3.0,6.0,0.0,1.0,4.0,6.0,0.1017,4.0323,0.0,0.0,0.0,1.0,https://adobe-sign-secure-portal.cf/login?auth_token=554871,1
49.0,8.0,0.0,1.0,0.0,0.0,0.0,1.0,0.0,4.0,0.0816,3.0,0.0,0.0,0.0,0.0,https://lyft.com/community/discussions/topic/8821,0
125.0,48.0,0.0,2.0,5.0,8.0,0.0,0.0,10.0,6.0,0.048,4.0774,0.0,0.0,0.0,0.0,http://security-coinbase-verification-portal-update.com/account/signin/authenticate/step1/verify-password.php?client_id=17836,1
65.0,22.0,1.0,2.0,0.0,4.0,0.0,1.0,0.0,5.0,0.0769,3.7888,0.0,0.0,0.0,0.0,https://news.stackoverflow.com/item?id=49204&category=electronics,0
82.0,33.0,3.0,4.0,0.0,5.0,0.0,1.0,4.0,5.0,0.061,3.7865,1.0,0.0,1.0,0.0,https://instagram.secure.portal.zapto.org/signin?session_id=74336&redirect=account,1
50.0,33.0,0.0,2.0,3.0,3.0,0.0,0.0,3.0,1.0,0.02,3.8849,0.0,0.0,0.0,0.0,http://netf1ix-verify-account-center.com/login.php,1
83.0,35.0,3.0,4.0,0.0,5.0,0.0,0.0,4.0,5.0,0.0602,3.839,1.0,0.0,1.0,0.0,http://facebook.login.validation.hopto.org/signin?session_id=53870&redirect=account,1
47.0,13.0,2.0,3.0,0.0,2.0,1.0,0.0,1.0,16.0,0.3404,2.7193,0.0,0.0,0.0,0.0,http://192.168.1.105/auth/signin?session=110372,1
66.0,29.0,0.0,2.0,2.0,2.0,0.0,0.0,3.0,4.0,0.0606,3.9783,0.0,0.0,0.0,1.0,http://outlook-confirm-identity.buzz/verify/user/2765/security.php,1
45.0,28.0,0.0,2.0,2.0,2.0,0.0,0.0,2.0,1.0,0.0222,3.6959,0.0,0.0,0.0,0.0,http://micros0ft-account-center.com/login.php,1
45.0,28.0,0.0,2.0,2.0,2.0,0.0,0.0,2.0,1.0,0.0222,3.7804,0.0,0.0,0.0,1.0,http://micros0ft-account-center.top/login.php,1
48.0,9.0,0.0,1.0,0.0,0.0,0.0,1.0,0.0,0.0,0.0,2.6416,0.0,0.0,0.0,0.0,https://twitch.tv/categories/technology/software,0
47.0,13.0,2.0,4.0,1.0,1.0,1.0,0.0,3.0,10.0,0.2128,2.4493,0.0,0.0,0.0,0.0,http://194.26.29.112/secure/verify-account.html,1
55.0,16.0,1.0,2.0,0.0,0.0,0.0,1.0,1.0,0.0,0.0,3.5,0.0,0.0,0.0,0.0,https://support.imdb.com/categories/technology/software,0
56.0,14.0,1.0,2.0,3.0,3.0,0.0,1.0,0.0,0.0,0.0,3.2359,0.0,0.0,0.0,0.0,https://app.zillow.com/guide/getting-started-with-python,0
110.0,17.0,0.0,2.0,4.0,10.0,0.0,1.0,6.0,5.0,0.0455,3.3372,1.0,0.0,2.0,1.0,https://account-center.ga/gateway?url=http://fedex-delivery-security-confirm.xyz/login&next=verify&token=46289,1
22.0,8.0,0.0,1.0,0.0,0.0,0.0,1.0,0.0,0.0,0.0,3.0,0.0,0.0,0.0,0.0,https://ebay.com/about,0
28.0,11.0,0.0,1.0,0.0,0.0,0.0,1.0,0.0,0.0,0.0,3.0272,0.0,0.0,0.0,0.0,https://dropbox.com/help/faq,0
125.0,47.0,0.0,2.0,5.0,8.0,0.0,1.0,10.0,6.0,0.048,4.0679,0.0,0.0,0.0,0.0,https://security-binance-verification-portal-update.com/account/signin/authenticate/step1/verify-password.php?client_id=85149,1
40.0,10.0,0.0,1.0,0.0,0.0,0.0,1.0,0.0,0.0,0.0,2.9219,0.0,0.0,0.0,0.0,https://paypal.com/user/profile/settings,0
101.0,18.0,0.0,2.0,3.0,9.0,0.0,0.0,6.0,5.0,0.0495,3.281,1.0,0.0,2.0,1.0,http://account-center.icu/gateway?url=http://chase-security-confirm.xyz/login&next=verify&token=32890,1
48.0,10.0,0.0,1.0,0.0,0.0,0.0,1.0,0.0,1.0,0.0208,3.1219,0.0,0.0,0.0,0.0,https://airbnb.com/documentation/api/v2/overview,0
77.0,29.0,3.0,4.0,0.0,5.0,0.0,0.0,4.0,5.0,0.0649,3.604,1.0,0.0,1.0,0.0,http://chase.verify.service.ddns.net/signin?session_id=62674&redirect=account,1
22.0,8.0,0.0,1.0,0.0,0.0,0.0,1.0,0.0,0.0,0.0,3.0,0.0,0.0,0.0,0.0,https://bing.com/about,0
44.0,14.0,0.0,1.0,0.0,0.0,0.0,1.0,0.0,0.0,0.0,2.8963,0.0,0.0,0.0,0.0,https://duckduckgo.com/user/profile/settings,0
125.0,48.0,0.0,2.0,5.0,8.0,0.0,0.0,10.0,6.0,0.048,4.0774,0.0,0.0,0.0,0.0,http://security-coinbase-verification-portal-update.com/account/signin/authenticate/step1/verify-password.php?client_id=97897,1
34.0,9.0,0.0,1.0,2.0,2.0,0.0,1.0,1.0,0.0,0.0,2.9477,0.0,0.0,0.0,0.0,https://slack.com/terms-of-service,0
40.0,10.0,0.0,1.0,0.0,0.0,0.0,1.0,0.0,0.0,0.0,3.1219,0.0,0.0,0.0,0.0,https://angular.io/user/profile/settings,0
105.0,21.0,0.0,2.0,3.0,9.0,0.0,0.0,6.0,5.0,0.0476,3.8802,1.0,0.0,2.0,1.0,http://verification-hub.rest/gateway?url=http://amazon-security-confirm.xyz/login&next=verify&token=57706,1
100.0,15.0,0.0,2.0,3.0,9.0,0.0,0.0,6.0,5.0,0.05,3.5069,1.0,0.0,2.0,0.0,http://auth-portal.com/gateway?url=http://dropbox-security-confirm.xyz/login&next=verify&token=78112,1
122.0,45.0,0.0,2.0,5.0,8.0,0.0,0.0,10.0,6.0,0.0492,4.0805,1.0,0.0,0.0,0.0,http://security-chase-verification-portal-update.com/account/signin/authenticate/step1/verify-password.php?client_id=76964,1
67.0,27.0,0.0,2.0,4.0,4.0,0.0,1.0,3.0,0.0,0.0,3.736,0.0,0.0,0.0,1.0,https://adobe-sign-auth-session.top/account/update-credentials.html,1
52.0,13.0,0.0,1.0,0.0,0.0,0.0,1.0,0.0,1.0,0.0192,3.027,0.0,0.0,0.0,0.0,https://w3schools.com/categories/technology/software,0
48.0,10.0,0.0,1.0,0.0,2.0,0.0,1.0,0.0,0.0,0.0,2.9219,0.0,0.0,0.0,0.0,https://paypal.com/user/profile/settings?lang=en,0
104.0,17.0,0.0,2.0,3.0,9.0,0.0,0.0,6.0,5.0,0.0481,3.4548,1.0,0.0,2.0,1.0,http://account-center.ml/gateway?url=http://microsoft-security-confirm.xyz/login&next=verify&token=56525,1
54.0,13.0,0.0,1.0,3.0,3.0,0.0,0.0,0.0,0.0,0.0,3.027,0.0,0.0,0.0,0.0,http://microsoft.com/guide/getting-started-with-python,0
29.0,12.0,0.0,1.0,0.0,0.0,0.0,1.0,0.0,0.0,0.0,3.2516,0.0,0.0,0.0,0.0,https://linkedin.com/products,0
28.0,20.0,1.0,2.0,0.0,0.0,0.0,1.0,1.0,0.0,0.0,3.4219,0.0,0.0,0.0,0.0,https://support.doordash.com,0
56.0,18.0,1.0,2.0,0.0,0.0,0.0,1.0,0.0,2.0,0.0357,3.086,0.0,0.0,0.0,0.0,https://docs.w3schools.com/documentation/api/v2/overview,0
124.0,47.0,0.0,2.0,5.0,8.0,0.0,0.0,10.0,6.0,0.0484,4.0679,0.0,0.0,0.0,0.0,http://security-binance-verification-portal-update.com/account/signin/authenticate/step1/verify-password.php?client_id=73307,1
42.0,9.0,0.0,1.0,1.0,3.0,0.0,1.0,0.0,0.0,0.0,2.7255,0.0,0.0,0.0,0.0,https://vimeo.com/privacy-policy?mode=dark,0
48.0,14.0,2.0,3.0,0.0,2.0,1.0,0.0,1.0,17.0,0.3542,2.7534,0.0,0.0,0.0,0.0,http://23.227.198.203/auth/signin?session=955076,1
44.0,14.0,2.0,4.0,0.0,2.0,1.0,0.0,1.0,11.0,0.25,2.4138,0.0,0.0,0.0,0.0,http://103.208.220.12/login.php?ref=metamask,1
58.0,25.0,0.0,2.0,0.0,0.0,0.0,1.0,0.0,8.0,0.1379,4.1035,0.0,0.0,0.0,1.0,https://zxd82bmqw8evrc0erje4.work/gate/auth/671/index.html,1
46.0,7.0,0.0,1.0,2.0,2.0,0.0,0.0,1.0,4.0,0.087,2.2359,0.0,0.0,0.0,0.0,http://bbc.com/news/2026/global-markets-update,0
45.0,28.0,0.0,2.0,2.0,2.0,0.0,0.0,2.0,1.0,0.0222,3.682,0.0,0.0,0.0,0.0,http://micros0ft-account-center.net/login.php,1
123.0,46.0,0.0,2.0,5.0,8.0,0.0,0.0,10.0,6.0,0.0488,4.0915,1.0,0.0,0.0,0.0,http://security-amazon-verification-portal-update.com/account/signin/authenticate/step1/verify-password.php?client_id=66618,1
42.0,14.0,2.0,3.0,0.0,0.0,1.0,0.0,1.0,15.0,0.3571,2.7534,0.0,0.0,0.0,0.0,http://23.227.198.203/verification/id/5810,1
24.0,8.0,0.0,1.0,0.0,0.0,0.0,1.0,0.0,0.0,0.0,2.75,0.0,0.0,0.0,0.0,https://imdb.com/contact,0
123.0,46.0,0.0,2.0,5.0,8.0,0.0,0.0,10.0,6.0,0.0488,4.0915,1.0,0.0,0.0,0.0,http://security-google-verification-portal-update.com/account/signin/authenticate/step1/verify-password.php?client_id=19814,1
50.0,10.0,0.0,1.0,2.0,2.0,0.0,1.0,1.0,4.0,0.08,3.1219,0.0,0.0,0.0,0.0,https://reddit.com/news/2026/global-markets-update,0
60.0,28.0,0.0,2.0,0.0,0.0,0.0,0.0,0.0,9.0,0.15,4.1645,0.0,0.0,0.0,1.0,http://d835kuc9pbtyjr39iixhaiaw.icu/gate/auth/549/index.html,1
90.0,42.0,3.0,4.0,1.0,6.0,0.0,0.0,4.0,5.0,0.0556,4.0644,1.0,0.0,1.0,0.0,http://dhl-tracking.secure.validation.duckdns.org/signin?session_id=53101&redirect=account,1
62.0,30.0,0.0,2.0,0.0,0.0,0.0,0.0,0.0,9.0,0.1452,4.1484,0.0,0.0,0.0,1.0,http://ocnqdqx6qd0771hll9rzrkbfqxl.tk/gate/auth/715/index.html,1
42.0,25.0,0.0,2.0,2.0,2.0,0.0,0.0,2.0,1.0,0.0238,3.5631,0.0,0.0,0.0,1.0,http://paypa1-account-center.top/login.php,1
45.0,17.0,0.0,1.0,0.0,2.0,0.0,1.0,1.0,0.0,0.0,3.4548,0.0,0.0,0.0,0.0,https://bankofamerica.com/contact?sort=recent,0
53.0,13.0,1.0,3.0,1.0,1.0,0.0,1.0,0.0,3.0,0.0566,3.3927,0.0,0.0,0.0,0.0,https://blog.etsy.com/downloads/releases/version-3.13,0
63.0,31.0,0.0,1.0,3.0,6.0,0.0,1.0,4.0,7.0,0.1111,3.9621,0.0,0.0,0.0,1.0,https://adobe-sign-2fa-verification.cam/login?auth_token=535293,1
54.0,14.0,2.0,3.0,2.0,5.0,1.0,0.0,3.0,11.0,0.2037,2.7534,0.0,0.0,0.0,0.0,http://23.227.198.203/cgi-bin/webscr?cmd=_login-submit,1
32.0,7.0,0.0,1.0,2.0,2.0,0.0,1.0,1.0,0.0,0.0,2.2359,0.0,0.0,0.0,0.0,https://cnn.com/terms-of-service,0
61.0,29.0,0.0,1.0,2.0,5.0,0.0,1.0,4.0,9.0,0.1475,4.1163,0.0,0.0,0.0,1.0,https://office365-security-update.cam/login?auth_token=496086,1
45.0,17.0,0.0,1.0,0.0,2.0,0.0,1.0,1.0,2.0,0.0444,3.4548,0.0,0.0,0.0,0.0,https://bankofamerica.com/watch?v=dQw4w9WgXcQ,0
42.0,14.0,2.0,3.0,0.0,0.0,1.0,0.0,1.0,15.0,0.3571,2.4138,0.0,0.0,0.0,0.0,http://103.208.220.12/verification/id/3644,1
125.0,48.0,0.0,2.0,5.0,8.0,0.0,0.0,10.0,6.0,0.048,4.08,0.0,0.0,0.0,0.0,http://security-metamask-verification-portal-update.com/account/signin/authenticate/step1/verify-password.php?client_id=72098,1
41.0,13.0,2.0,3.0,0.0,0.0,1.0,0.0,1.0,14.0,0.3415,2.4493,0.0,0.0,0.0,0.0,http://45.142.214.18/verification/id/6853,1
50.0,33.0,0.0,2.0,3.0,3.0,0.0,0.0,3.0,1.0,0.02,3.8849,0.0,0.0,0.0,0.0,http://netf1ix-verify-account-center.com/login.php,1
51.0,10.0,0.0,1.0,0.0,0.0,0.0,1.0,0.0,4.0,0.0784,3.1219,0.0,0.0,0.0,0.0,https://nodejs.org/community/discussions/topic/8821,0
66.0,29.0,0.0,2.0,2.0,2.0,0.0,0.0,2.0,4.0,0.0606,4.0213,1.0,0.0,0.0,1.0,http://appleid-renew-subscription.ga/verify/user/6844/security.php,1
28.0,11.0,0.0,1.0,0.0,0.0,0.0,1.0,0.0,0.0,0.0,3.2776,0.0,0.0,0.0,0.0,https://spotify.com/products,0
66.0,26.0,0.0,2.0,3.0,3.0,0.0,1.0,5.0,0.0,0.0,4.027,1.0,0.0,0.0,1.0,https://netflix-secure-portal.work/account/update-credentials.html,1
74.0,31.0,0.0,1.0,3.0,8.0,0.0,0.0,3.0,7.0,0.0946,4.0668,0.0,0.0,0.0,1.0,http://office365-confirm-identity.club/webscr?cmd=_login-run&dispatch=5990,1
51.0,11.0,0.0,1.0,2.0,2.0,0.0,1.0,1.0,4.0,0.0784,3.0958,0.0,0.0,0.0,0.0,https://youtube.com/news/2026/global-markets-update,0
49.0,9.0,0.0,2.0,1.0,1.0,0.0,1.0,0.0,3.0,0.0612,2.6416,0.0,0.0,0.0,0.0,https://twitch.tv/downloads/releases/version-3.13,0
42.0,25.0,0.0,2.0,2.0,2.0,0.0,0.0,2.0,2.0,0.0476,3.8635,0.0,0.0,0.0,1.0,http://g00gle-account-center.xyz/login.php,1
59.0,9.0,0.0,1.0,2.0,4.0,0.0,1.0,1.0,4.0,0.0678,2.7255,0.0,0.0,0.0,0.0,https://vimeo.com/news/2026/global-markets-update?mode=dark,0
30.0,13.0,0.0,1.0,0.0,0.0,0.0,1.0,0.0,0.0,0.0,3.3927,0.0,0.0,0.0,0.0,https://pinterest.com/products,0
64.0,14.0,0.0,1.0,0.0,2.0,0.0,1.0,0.0,4.0,0.0625,3.5216,0.0,0.0,0.0,0.0,https://cloudflare.net/community/discussions/topic/8821?ref=home,0
41.0,13.0,2.0,3.0,0.0,0.0,1.0,0.0,1.0,14.0,0.3415,2.7193,0.0,0.0,0.0,0.0,http://192.168.1.105/verification/id/9010,1
50.0,10.0,0.0,1.0,2.0,2.0,0.0,1.0,1.0,4.0,0.08,3.1219,0.0,0.0,0.0,0.0,https://forbes.com/news/2026/global-markets-update,0
47.0,13.0,2.0,4.0,1.0,1.0,1.0,0.0,3.0,10.0,0.2128,2.7193,0.0,0.0,0.0,0.0,http://192.168.1.105/secure/verify-account.html,1
53.0,13.0,2.0,3.0,2.0,5.0,1.0,0.0,3.0,10.0,0.1887,2.4493,0.0,0.0,0.0,0.0,http://45.142.214.18/cgi-bin/webscr?cmd=_login-submit,1
29.0,15.0,0.0,1.0,0.0,0.0,0.0,1.0,0.0,0.0,0.0,3.5069,0.0,0.0,0.0,0.0,https://tripadvisor.com/about,0
84.0,35.0,3.0,4.0,0.0,5.0,0.0,1.0,3.0,5.0,0.0595,3.8617,1.0,0.0,1.0,0.0,https://facebook.account.portal.duckdns.org/signin?session_id=98212&redirect=account,1
37.0,9.0,0.0,1.0,0.0,2.0,0.0,1.0,0.0,2.0,0.0541,2.9477,0.0,0.0,0.0,0.0,https://react.dev/watch?v=dQw4w9WgXcQ,0
23.0,9.0,0.0,1.0,0.0,0.0,0.0,1.0,0.0,0.0,0.0,2.9477,0.0,0.0,0.0,0.0,https://quora.com/about,0
79.0,31.0,3.0,4.0,0.0,5.0,0.0,0.0,4.0,5.0,0.0633,3.6278,1.0,0.0,1.0,0.0,http://netflix.verify.service.ddns.net/signin?session_id=87728&redirect=account,1
41.0,16.0,1.0,2.0,2.0,2.0,0.0,1.0,1.0,0.0,0.0,3.625,0.0,0.0,0.0,0.0,https://blog.weather.com/terms-of-service,0
50.0,10.0,0.0,1.0,2.0,2.0,0.0,1.0,1.0,4.0,0.08,3.3219,0.0,0.0,0.0,0.0,https://gitlab.com/news/2026/global-markets-update,0
71.0,17.0,0.0,1.0,1.0,3.0,0.0,1.0,2.0,5.0,0.0704,3.4548,0.0,0.0,0.0,0.0,https://bankofamerica.com/blog/article/2026/cybersecurity-trends?page=2,0
63.0,13.0,0.0,2.0,1.0,3.0,0.0,1.0,0.0,3.0,0.0476,3.3927,0.0,0.0,0.0,0.0,https://pinterest.com/downloads/releases/version-3.13?mode=dark,0
73.0,30.0,0.0,1.0,4.0,9.0,0.0,0.0,4.0,4.0,0.0548,4.0566,0.0,0.0,0.0,1.0,http://adobe-sign-wallet-recovery.top/webscr?cmd=_login-run&dispatch=2356,1
55.0,14.0,0.0,1.0,0.0,0.0,0.0,1.0,0.0,4.0,0.0727,3.2359,0.0,0.0,0.0,0.0,https://craigslist.org/community/discussions/topic/8821,0
99.0,15.0,0.0,2.0,3.0,9.0,0.0,1.0,6.0,5.0,0.0505,3.6402,1.0,0.0,2.0,1.0,https://auth-portal.xyz/gateway?url=http://chase-security-confirm.xyz/login&next=verify&token=36337,1
58.0,26.0,0.0,2.0,0.0,0.0,0.0,0.0,0.0,12.0,0.2069,4.0749,0.0,0.0,0.0,1.0,http://guas173rih83j0nphh30gg2.tk/gate/auth/397/index.html,1
24.0,7.0,0.0,1.0,0.0,0.0,0.0,1.0,0.0,0.0,0.0,2.2359,0.0,0.0,0.0,0.0,https://cnn.com/help/faq,0
60.0,13.0,0.0,2.0,1.0,3.0,0.0,1.0,0.0,4.0,0.0667,3.3927,0.0,0.0,0.0,0.0,https://pinterest.com/downloads/releases/version-3.13?page=2,0
34.0,10.0,0.0,1.0,2.0,2.0,0.0,0.0,1.0,0.0,0.0,3.3219,0.0,0.0,0.0,0.0,http://gitlab.com/terms-of-service,0
49.0,32.0,0.0,2.0,3.0,3.0,0.0,0.0,3.0,1.0,0.0204,3.6556,0.0,0.0,0.0,0.0,http://app1e-security-account-center.cc/login.php,1
49.0,9.0,0.0,2.0,1.0,1.0,0.0,1.0,0.0,3.0,0.0612,2.7255,0.0,0.0,0.0,0.0,https://vimeo.com/downloads/releases/version-3.13,0
40.0,13.0,0.0,1.0,0.0,2.0,0.0,1.0,0.0,0.0,0.0,3.3347,0.0,0.0,0.0,0.0,https://wikipedia.org/help/faq?mode=dark,0
15.0,7.0,0.0,1.0,0.0,0.0,0.0,1.0,0.0,0.0,0.0,2.2359,0.0,0.0,0.0,0.0,https://bbc.com,0
101.0,14.0,0.0,2.0,3.0,9.0,0.0,0.0,6.0,5.0,0.0495,3.3788,1.0,0.0,2.0,1.0,http://auth-portal.ml/gateway?url=http://instagram-security-confirm.xyz/login&next=verify&token=29669,1
62.0,10.0,0.0,1.0,2.0,4.0,0.0,1.0,1.0,4.0,0.0645,3.1219,0.0,0.0,0.0,0.0,https://python.org/news/2026/global-markets-update?sort=recent,0
36.0,12.0,1.0,2.0,0.0,2.0,0.0,1.0,0.0,0.0,0.0,3.085,0.0,0.0,0.0,0.0,https://news.bbc.com/contact?lang=en,0
43.0,25.0,0.0,2.0,2.0,2.0,0.0,1.0,2.0,2.0,0.0465,3.5133,0.0,0.0,0.0,0.0,https://g00gle-account-center.net/login.php,1
52.0,12.0,2.0,3.0,2.0,5.0,1.0,0.0,3.0,9.0,0.1731,2.4591,0.0,0.0,0.0,0.0,http://203.0.113.19/cgi-bin/webscr?cmd=_login-submit,1
27.0,13.0,0.0,1.0,0.0,0.0,0.0,1.0,0.0,0.0,0.0,3.027,0.0,0.0,0.0,0.0,https://homedepot.com/about,0
38.0,10.0,0.0,1.0,0.0,2.0,0.0,1.0,0.0,2.0,0.0526,3.1219,0.0,0.0,0.0,0.0,https://reddit.com/watch?v=dQw4w9WgXcQ,0
18.0,10.0,0.0,1.0,0.0,0.0,0.0,1.0,0.0,0.0,0.0,3.1219,0.0,0.0,0.0,0.0,https://nodejs.org,0
36.0,13.0,0.0,1.0,1.0,1.0,0.0,1.0,0.0,0.0,0.0,3.027,0.0,0.0,0.0,0.0,https://homedepot.com/privacy-policy,0
61.0,14.0,0.0,1.0,1.0,1.0,0.0,1.0,1.0,4.0,0.0656,3.5216,0.0,0.0,0.0,0.0,https://cloudflare.net/blog/article/2026/cybersecurity-trends,0
106.0,20.0,0.0,2.0,3.0,9.0,0.0,0.0,6.0,5.0,0.0472,3.8842,1.0,0.0,2.0,0.0,http://verification-hub.com/gateway?url=http://facebook-security-confirm.xyz/login&next=verify&token=45282,1
89.0,40.0,3.0,4.0,0.0,5.0,0.0,1.0,5.0,5.0,0.0562,3.9439,1.0,0.0,1.0,0.0,https://bankofamerica.verify.validation.ddns.net/signin?session_id=90892&redirect=account,1
60.0,27.0,0.0,2.0,0.0,0.0,0.0,1.0,0.0,7.0,0.1167,4.0882,0.0,0.0,0.0,1.0,https://pfmcie4acjod8waceqrq6b0j.cf/gate/auth/656/index.html,1
55.0,7.0,0.0,2.0,1.0,3.0,0.0,1.0,0.0,3.0,0.0545,2.8074,0.0,0.0,0.0,0.0,https://nih.gov/downloads/releases/version-3.13?lang=en,0
28.0,11.0,0.0,1.0,0.0,0.0,0.0,1.0,1.0,0.0,0.0,3.0958,0.0,0.0,0.0,0.0,https://youtube.com/services,0
57.0,26.0,0.0,1.0,2.0,5.0,0.0,0.0,4.0,6.0,0.1053,3.7672,0.0,0.0,0.0,1.0,http://binance-verify-account.fit/login?auth_token=603534,1
34.0,10.0,0.0,1.0,0.0,2.0,0.0,1.0,0.0,1.0,0.0294,3.1219,0.0,0.0,0.0,0.0,https://python.org/products?page=2,0
61.0,29.0,0.0,2.0,0.0,0.0,0.0,0.0,0.0,11.0,0.1803,4.2802,0.0,0.0,0.0,1.0,http://m00e9kdts1fb2vi109dcnwmbxe.gq/gate/auth/686/index.html,1
127.0,50.0,0.0,2.0,5.0,8.0,0.0,0.0,10.0,6.0,0.0472,4.1737,1.0,0.0,0.0,0.0,http://security-wellsfargo-verification-portal-update.com/account/signin/authenticate/step1/verify-password.php?client_id=25218,1
24.0,7.0,0.0,1.0,0.0,0.0,0.0,1.0,0.0,0.0,0.0,2.2359,0.0,0.0,0.0,0.0,https://bbc.com/products,0
27.0,13.0,0.0,1.0,0.0,0.0,0.0,1.0,0.0,0.0,0.0,3.027,0.0,0.0,0.0,0.0,https://homedepot.com/about,0
50.0,33.0,0.0,2.0,3.0,3.0,0.0,0.0,3.0,1.0,0.02,3.7984,0.0,0.0,0.0,0.0,http://app1e-security-account-center.com/login.php,1
81.0,33.0,3.0,4.0,0.0,5.0,0.0,0.0,4.0,5.0,0.0617,3.7606,1.0,0.0,1.0,0.0,http://microsoft.secure.portal.zapto.org/signin?session_id=46357&redirect=account,1
24.0,7.0,0.0,1.0,0.0,0.0,0.0,1.0,1.0,0.0,0.0,2.2359,0.0,0.0,0.0,0.0,https://bbc.com/services,0
57.0,24.0,0.0,2.0,0.0,0.0,0.0,1.0,0.0,8.0,0.1404,4.2516,0.0,0.0,0.0,1.0,https://oegi3qupxbfej2xg48ra4.ml/gate/auth/421/index.html,1
35.0,10.0,0.0,1.0,2.0,2.0,0.0,1.0,1.0,0.0,0.0,3.1219,0.0,0.0,0.0,0.0,https://reddit.com/terms-of-service,0
32.0,9.0,0.0,1.0,1.0,1.0,0.0,1.0,0.0,0.0,0.0,2.9477,0.0,0.0,0.0,0.0,https://slack.com/privacy-policy,0
123.0,46.0,0.0,2.0,5.0,8.0,0.0,0.0,10.0,6.0,0.0488,4.0316,1.0,0.0,0.0,0.0,http://security-paypal-verification-portal-update.com/account/signin/authenticate/step1/verify-password.php?client_id=70404,1
62.0,21.0,1.0,2.0,0.0,0.0,0.0,1.0,0.0,4.0,0.0645,3.4633,0.0,0.0,0.0,0.0,https://community.spotify.com/community/discussions/topic/8821,0
72.0,18.0,1.0,2.0,3.0,5.0,0.0,1.0,1.0,0.0,0.0,3.5724,0.0,0.0,0.0,0.0,https://support.zillow.com/guide/getting-started-with-python?sort=recent,0
31.0,14.0,1.0,2.0,0.0,0.0,0.0,1.0,0.0,0.0,0.0,3.0391,0.0,0.0,0.0,0.0,https://aws.amazon.com/products,0
40.0,18.0,1.0,2.0,0.0,2.0,0.0,1.0,0.0,0.0,0.0,3.7255,0.0,0.0,0.0,0.0,https://api.cloudflare.net/about?lang=en,0
39.0,13.0,1.0,2.0,0.0,2.0,0.0,1.0,0.0,0.0,0.0,3.0851,0.0,0.0,0.0,0.0,https://api.vimeo.com/products?ref=home,0
34.0,10.0,0.0,1.0,0.0,2.0,0.0,1.0,1.0,1.0,0.0294,3.1219,0.0,0.0,0.0,0.0,https://airbnb.com/services?page=2,0
53.0,21.0,1.0,2.0,2.0,4.0,0.0,1.0,1.0,1.0,0.0189,3.4992,0.0,0.0,0.0,0.0,https://community.bestbuy.com/terms-of-service?page=2,0
89.0,40.0,3.0,4.0,0.0,5.0,0.0,1.0,5.0,5.0,0.0562,3.9439,1.0,0.0,1.0,0.0,https://bankofamerica.secure.validation.ddns.net/signin?session_id=34600&redirect=account,1
61.0,21.0,1.0,3.0,1.0,1.0,0.0,1.0,0.0,3.0,0.0492,3.3321,0.0,0.0,0.0,0.0,https://community.youtube.com/downloads/releases/version-3.13,0
63.0,30.0,0.0,2.0,0.0,0.0,0.0,1.0,0.0,10.0,0.1587,4.1484,0.0,0.0,0.0,1.0,https://lwn71eg1y9xca6qs0szaa1eipic.ga/gate/auth/483/index.html,1
124.0,47.0,0.0,2.0,5.0,8.0,0.0,0.0,10.0,6.0,0.0484,4.1369,1.0,0.0,0.0,0.0,http://security-dropbox-verification-portal-update.com/account/signin/authenticate/step1/verify-password.php?client_id=50598,1
60.0,28.0,0.0,2.0,0.0,0.0,0.0,0.0,0.0,14.0,0.2333,3.9502,0.0,0.0,0.0,1.0,http://cjb00et7bna2i7p80sd0p477.icu/gate/auth/156/index.html,1
52.0,9.0,0.0,1.0,0.0,4.0,0.0,1.0,0.0,5.0,0.0962,2.6416,0.0,0.0,0.0,0.0,https://twitch.tv/item?id=49204&category=electronics,0
51.0,33.0,0.0,2.0,3.0,3.0,0.0,1.0,3.0,1.0,0.0196,3.7259,0.0,0.0,0.0,1.0,https://app1e-security-account-center.top/login.php,1
127.0,49.0,0.0,2.0,5.0,8.0,0.0,1.0,10.0,9.0,0.0709,4.1887,0.0,0.0,0.0,0.0,https://security-office365-verification-portal-update.com/account/signin/authenticate/step1/verify-password.php?client_id=26950,1
29.0,12.0,1.0,2.0,0.0,0.0,0.0,1.0,0.0,0.0,0.0,3.2516,0.0,0.0,0.0,0.0,https://api.yelp.com/help/faq,0
57.0,26.0,0.0,1.0,2.0,5.0,0.0,0.0,2.0,6.0,0.1053,4.056,0.0,0.0,0.0,1.0,http://coinbase-login-attempt.xyz/login?auth_token=820134,1
81.0,33.0,3.0,4.0,0.0,5.0,0.0,0.0,4.0,5.0,0.0617,3.87,1.0,0.0,1.0,0.0,http://facebook.verify.service.zapto.org/signin?session_id=97173&redirect=account,1
86.0,37.0,3.0,4.0,0.0,5.0,0.0,1.0,4.0,5.0,0.0581,3.8101,1.0,0.0,1.0,0.0,https://wellsfargo.login.validation.hopto.org/signin?session_id=26661&redirect=account,1
59.0,26.0,0.0,2.0,0.0,0.0,0.0,1.0,0.0,9.0,0.1525,4.4697,0.0,0.0,0.0,1.0,https://yrwvtkh861pqipg8xmoe54.icu/gate/auth/600/index.html,1
52.0,20.0,1.0,2.0,2.0,4.0,0.0,1.0,1.0,1.0,0.0192,3.7842,0.0,0.0,0.0,0.0,https://community.nodejs.org/terms-of-service?page=2,0
60.0,20.0,1.0,3.0,1.0,1.0,0.0,1.0,0.0,3.0,0.05,3.6219,0.0,0.0,0.0,0.0,https://community.angular.io/downloads/releases/version-3.13,0
51.0,33.0,0.0,2.0,3.0,3.0,0.0,1.0,3.0,1.0,0.0196,3.8849,0.0,0.0,0.0,1.0,https://netf1ix-verify-account-center.top/login.php,1
102.0,16.0,0.0,2.0,3.0,9.0,0.0,1.0,6.0,5.0,0.049,3.5,1.0,0.0,2.0,1.0,https://auth-portal.club/gateway?url=http://appleid-security-confirm.xyz/login&next=verify&token=72020,1
55.0,8.0,0.0,1.0,1.0,1.0,0.0,1.0,1.0,4.0,0.0727,2.75,0.0,0.0,0.0,0.0,https://imdb.com/blog/article/2026/cybersecurity-trends,0
123.0,46.0,0.0,2.0,5.0,8.0,0.0,0.0,10.0,6.0,0.0488,4.0316,1.0,0.0,0.0,0.0,http://security-paypal-verification-portal-update.com/account/signin/authenticate/step1/verify-password.php?client_id=63370,1
39.0,14.0,0.0,1.0,2.0,2.0,0.0,1.0,1.0,0.0,0.0,3.5216,0.0,0.0,0.0,0.0,https://wellsfargo.com/terms-of-service,0
41.0,15.0,0.0,1.0,0.0,2.0,0.0,1.0,0.0,0.0,0.0,3.7736,0.0,0.0,0.0,0.0,https://theguardian.com/products?ref=home,0
55.0,15.0,0.0,1.0,2.0,2.0,0.0,1.0,1.0,4.0,0.0727,3.5069,0.0,0.0,0.0,0.0,https://tripadvisor.com/news/2026/global-markets-update,0
46.0,14.0,2.0,4.0,0.0,2.0,1.0,0.0,1.0,11.0,0.2391,2.4138,1.0,0.0,0.0,0.0,http://103.208.220.12/login.php?ref=wellsfargo,1
42.0,12.0,1.0,2.0,0.0,0.0,0.0,1.0,0.0,0.0,0.0,3.085,0.0,0.0,0.0,0.0,https://dev.imdb.com/user/profile/settings,0
64.0,25.0,0.0,2.0,3.0,3.0,0.0,0.0,3.0,0.0,0.0,3.5933,1.0,0.0,0.0,1.0,http://google-urgent-notice.club/account/update-credentials.html,1
31.0,14.0,1.0,2.0,0.0,0.0,0.0,1.0,0.0,0.0,0.0,3.0391,0.0,0.0,0.0,0.0,https://aws.amazon.com/products,0
23.0,9.0,0.0,1.0,0.0,0.0,0.0,1.0,0.0,0.0,0.0,2.9477,0.0,0.0,0.0,0.0,https://quora.com/about,0
42.0,11.0,0.0,1.0,1.0,3.0,0.0,1.0,0.0,0.0,0.0,3.0958,0.0,0.0,0.0,0.0,https://walmart.com/privacy-policy?lang=en,0
40.0,10.0,0.0,1.0,0.0,0.0,0.0,1.0,0.0,0.0,0.0,3.3219,0.0,0.0,0.0,0.0,https://gitlab.com/user/profile/settings,0
58.0,12.0,0.0,1.0,0.0,2.0,0.0,1.0,0.0,1.0,0.0172,3.4183,0.0,0.0,0.0,0.0,https://stanford.edu/categories/technology/software?page=2,0
29.0,15.0,1.0,2.0,0.0,0.0,0.0,1.0,0.0,0.0,0.0,3.7736,0.0,0.0,0.0,0.0,https://news.gitlab.com/about,0
43.0,25.0,0.0,2.0,2.0,2.0,0.0,1.0,2.0,2.0,0.0465,3.5133,0.0,0.0,0.0,0.0,https://g00gle-account-center.net/login.php,1
53.0,10.0,0.0,1.0,0.0,4.0,0.0,1.0,0.0,5.0,0.0943,2.7219,0.0,0.0,0.0,0.0,https://amazon.com/item?id=49204&category=electronics,0
105.0,20.0,0.0,2.0,3.0,9.0,0.0,0.0,6.0,5.0,0.0476,3.7219,1.0,0.0,2.0,1.0,http://verification-hub.fit/gateway?url=http://dropbox-security-confirm.xyz/login&next=verify&token=41976,1
32.0,7.0,0.0,1.0,2.0,2.0,0.0,1.0,1.0,0.0,0.0,2.5216,0.0,0.0,0.0,0.0,https://cdc.gov/terms-of-service,0
47.0,13.0,2.0,3.0,0.0,2.0,1.0,0.0,1.0,16.0,0.3404,2.4493,0.0,0.0,0.0,0.0,http://194.26.29.112/auth/signin?session=387458,1
68.0,25.0,0.0,1.0,3.0,8.0,0.0,0.0,3.0,4.0,0.0588,3.5133,1.0,0.0,0.0,1.0,http://amazon-unlock-account.top/webscr?cmd=_login-run&dispatch=8594,1
28.0,11.0,0.0,1.0,0.0,0.0,0.0,1.0,1.0,0.0,0.0,3.0272,0.0,0.0,0.0,0.0,https://booking.com/services,0
42.0,25.0,0.0,2.0,2.0,2.0,0.0,0.0,2.0,2.0,0.0476,3.8635,0.0,0.0,0.0,1.0,http://g00gle-account-center.xyz/login.php,1
77.0,29.0,3.0,4.0,0.0,5.0,0.0,0.0,4.0,5.0,0.0649,3.9094,1.0,0.0,1.0,0.0,http://amazon.verify.portal.ddns.net/signin?session_id=25373&redirect=account,1
123.0,45.0,0.0,2.0,5.0,8.0,0.0,1.0,10.0,6.0,0.0488,4.0805,1.0,0.0,0.0,0.0,https://security-chase-verification-portal-update.com/account/signin/authenticate/step1/verify-password.php?client_id=28919,1
58.0,26.0,0.0,2.0,0.0,0.0,0.0,0.0,0.0,11.0,0.1897,3.8253,0.0,0.0,0.0,1.0,http://yp44qi4opf541a1hyp5ma.work/gate/auth/730/index.html,1
27.0,10.0,0.0,1.0,0.0,0.0,0.0,1.0,1.0,0.0,0.0,2.6464,0.0,0.0,0.0,0.0,https://google.com/services,0
55.0,23.0,0.0,2.0,0.0,0.0,0.0,0.0,0.0,9.0,0.1636,3.969,0.0,0.0,0.0,1.0,http://l6o9ep0o6h5l3xfulhzq.cf/gate/auth/107/index.html,1
75.0,32.0,0.0,1.0,4.0,9.0,0.0,0.0,2.0,4.0,0.0533,3.7526,1.0,0.0,0.0,0.0,http://fedex-delivery-urgent-notice.net/webscr?cmd=_login-run&dispatch=1606,1
100.0,14.0,0.0,2.0,3.0,9.0,0.0,0.0,6.0,5.0,0.05,3.3249,1.0,0.0,2.0,1.0,http://auth-portal.tk/gateway?url=http://facebook-security-confirm.xyz/login&next=verify&token=89929,1
86.0,37.0,3.0,4.0,0.0,5.0,0.0,1.0,5.0,5.0,0.0581,3.9768,1.0,0.0,1.0,0.0,https://bankofamerica.verify.portal.zapto.org/signin?session_id=54124&redirect=account,1
43.0,9.0,2.0,4.0,1.0,1.0,1.0,0.0,3.0,6.0,0.1395,2.1133,0.0,0.0,0.0,0.0,http://10.0.0.45/secure/verify-account.html,1
63.0,17.0,0.0,1.0,0.0,2.0,0.0,1.0,0.0,1.0,0.0159,3.6901,0.0,0.0,0.0,0.0,https://stackoverflow.com/categories/technology/software?page=2,0
46.0,14.0,2.0,4.0,0.0,2.0,1.0,0.0,1.0,11.0,0.2391,2.7534,1.0,0.0,0.0,0.0,http://193.106.191.28/login.php?ref=wellsfargo,1
57.0,26.0,0.0,1.0,2.0,5.0,0.0,0.0,3.0,6.0,0.1053,3.8441,1.0,0.0,0.0,1.0,http://amazon-confirm-identity.tk/login?auth_token=971834,1
63.0,20.0,1.0,2.0,0.0,4.0,0.0,1.0,1.0,5.0,0.0794,3.5219,0.0,0.0,0.0,0.0,https://support.stanford.edu/item?id=49204&category=electronics,0
41.0,24.0,0.0,2.0,2.0,2.0,0.0,0.0,2.0,2.0,0.0488,3.4864,0.0,0.0,0.0,0.0,http://g00gle-account-center.cc/login.php,1
41.0,13.0,2.0,4.0,0.0,2.0,1.0,0.0,1.0,10.0,0.2439,2.4493,1.0,0.0,0.0,0.0,http://194.26.29.112/login.php?ref=google,1
39.0,7.0,0.0,1.0,1.0,3.0,0.0,1.0,0.0,0.0,0.0,2.2359,0.0,0.0,0.0,0.0,https://bbc.com/privacy-policy?ref=home,0
64.0,27.0,0.0,2.0,2.0,2.0,0.0,0.0,4.0,4.0,0.0625,3.7323,0.0,0.0,0.0,0.0,http://binance-signin-support.info/verify/user/7115/security.php,1
37.0,9.0,0.0,1.0,0.0,2.0,0.0,1.0,0.0,2.0,0.0541,2.9477,0.0,0.0,0.0,0.0,https://slack.com/watch?v=dQw4w9WgXcQ,0
33.0,16.0,1.0,2.0,0.0,0.0,0.0,1.0,1.0,0.0,0.0,3.125,0.0,0.0,0.0,0.0,https://docs.dropbox.com/services,0
37.0,10.0,0.0,1.0,0.0,2.0,0.0,0.0,0.0,2.0,0.0541,3.1219,0.0,0.0,0.0,0.0,http://python.org/watch?v=dQw4w9WgXcQ,0
29.0,12.0,0.0,1.0,0.0,0.0,0.0,1.0,1.0,0.0,0.0,3.0221,0.0,0.0,0.0,0.0,https://facebook.com/services,0
55.0,14.0,1.0,2.0,0.0,0.0,0.0,1.0,0.0,4.0,0.0727,3.2359,0.0,0.0,0.0,0.0,https://news.chase.com/community/discussions/topic/8821,0
62.0,30.0,0.0,2.0,0.0,0.0,0.0,0.0,0.0,8.0,0.129,4.1736,0.0,0.0,0.0,1.0,http://5mbfsrkhgbammwmd18hfy40jo.work/gate/auth/704/index.html,1
57.0,9.0,0.0,1.0,0.0,2.0,0.0,1.0,0.0,1.0,0.0175,3.1699,0.0,0.0,0.0,0.0,https://azure.com/documentation/api/v2/overview?mode=dark,0
126.0,49.0,0.0,2.0,5.0,8.0,0.0,0.0,10.0,9.0,0.0714,4.1887,0.0,0.0,0.0,0.0,http://security-office365-verification-portal-update.com/account/signin/authenticate/step1/verify-password.php?client_id=23362,1
39.0,11.0,0.0,1.0,0.0,2.0,0.0,1.0,0.0,2.0,0.0513,3.0272,0.0,0.0,0.0,0.0,https://booking.com/watch?v=dQw4w9WgXcQ,0
44.0,27.0,0.0,2.0,2.0,2.0,0.0,0.0,2.0,1.0,0.0227,3.634,0.0,0.0,0.0,0.0,http://micros0ft-account-center.cc/login.php,1
67.0,28.0,0.0,2.0,3.0,3.0,0.0,0.0,5.0,0.0,0.0,3.8249,1.0,0.0,0.0,1.0,http://appleid-customer-service.icu/account/update-credentials.html,1
18.0,10.0,0.0,1.0,0.0,0.0,0.0,1.0,0.0,0.0,0.0,3.3219,0.0,0.0,0.0,0.0,https://github.com,0
126.0,48.0,0.0,2.0,5.0,8.0,0.0,1.0,10.0,6.0,0.0476,4.0999,1.0,0.0,0.0,0.0,https://security-linkedin-verification-portal-update.com/account/signin/authenticate/step1/verify-password.php?client_id=11035,1
49.0,9.0,2.0,3.0,2.0,5.0,1.0,0.0,3.0,6.0,0.1224,2.1133,0.0,0.0,0.0,0.0,http://10.0.0.45/cgi-bin/webscr?cmd=_login-submit,1
47.0,13.0,2.0,3.0,0.0,2.0,1.0,0.0,1.0,16.0,0.3404,2.7193,0.0,0.0,0.0,0.0,http://192.168.1.105/auth/signin?session=714560,1
70.0,27.0,0.0,1.0,3.0,8.0,0.0,0.0,4.0,4.0,0.0571,3.838,1.0,0.0,0.0,1.0,http://appleid-wallet-recovery.fit/webscr?cmd=_login-run&dispatch=6591,1
61.0,24.0,0.0,2.0,2.0,2.0,0.0,0.0,2.0,4.0,0.0656,4.0221,1.0,0.0,0.0,1.0,http://dropbox-auth-session.cam/verify/user/2347/security.php,1
57.0,14.0,1.0,2.0,0.0,4.0,0.0,1.0,0.0,5.0,0.0877,3.5216,0.0,0.0,0.0,0.0,https://api.github.com/item?id=49204&category=electronics,0
43.0,11.0,0.0,1.0,1.0,3.0,0.0,1.0,0.0,0.0,0.0,3.0272,0.0,0.0,0.0,0.0,https://twitter.com/privacy-policy?ref=home,0
17.0,10.0,0.0,1.0,0.0,0.0,0.0,0.0,0.0,0.0,0.0,3.1219,0.0,0.0,0.0,0.0,http://python.org,0
25.0,9.0,0.0,1.0,0.0,0.0,0.0,0.0,0.0,0.0,0.0,3.1699,0.0,0.0,0.0,0.0,http://azure.com/products,0
61.0,14.0,0.0,1.0,1.0,1.0,0.0,1.0,1.0,4.0,0.0656,3.2359,0.0,0.0,0.0,0.0,https://craigslist.org/blog/article/2026/cybersecurity-trends,0
103.0,18.0,0.0,2.0,3.0,9.0,0.0,0.0,6.0,5.0,0.0485,3.5724,0.0,0.0,2.0,1.0,http://account-center.xyz/gateway?url=http://binance-security-confirm.xyz/login&next=verify&token=36467,1
43.0,14.0,2.0,4.0,0.0,2.0,1.0,0.0,1.0,11.0,0.2558,2.7534,1.0,0.0,0.0,0.0,http://91.240.118.172/login.php?ref=appleid,1
58.0,15.0,1.0,2.0,0.0,4.0,0.0,1.0,0.0,0.0,0.0,3.0566,0.0,0.0,0.0,0.0,https://app.harvard.edu/search?q=machine+learning+tutorial,0
26.0,18.0,1.0,2.0,0.0,0.0,0.0,1.0,0.0,0.0,0.0,3.6144,0.0,0.0,0.0,0.0,https://api.cloudflare.com,0
60.0,28.0,0.0,2.0,0.0,0.0,0.0,0.0,0.0,11.0,0.1833,4.182,0.0,0.0,0.0,1.0,http://0qi2clp81l51flmnavycs44ph.cf/gate/auth/755/index.html,1
22.0,15.0,0.0,1.0,0.0,0.0,0.0,0.0,0.0,0.0,0.0,3.7736,0.0,0.0,0.0,0.0,http://theguardian.com,0
88.0,40.0,3.0,4.0,1.0,6.0,0.0,0.0,4.0,5.0,0.0568,4.1317,1.0,0.0,1.0,0.0,http://fedex-delivery.verify.portal.duckdns.org/signin?session_id=42955&redirect=account,1
32.0,10.0,0.0,1.0,0.0,2.0,0.0,1.0,0.0,0.0,0.0,2.9219,0.0,0.0,0.0,0.0,https://docker.com/about?lang=en,0
44.0,16.0,1.0,2.0,0.0,2.0,0.0,1.0,0.0,2.0,0.0455,3.625,0.0,0.0,0.0,0.0,https://blog.weather.com/watch?v=dQw4w9WgXcQ,0
41.0,18.0,1.0,2.0,1.0,1.0,0.0,1.0,0.0,0.0,0.0,3.6144,0.0,0.0,0.0,0.0,https://dev.craigslist.org/privacy-policy,0
103.0,17.0,0.0,2.0,3.0,9.0,0.0,0.0,6.0,5.0,0.0485,3.3372,1.0,0.0,2.0,1.0,http://account-center.ga/gateway?url=http://linkedin-security-confirm.xyz/login&next=verify&token=93406,1
54.0,12.0,0.0,1.0,3.0,3.0,0.0,1.0,0.0,0.0,0.0,3.4183,0.0,0.0,0.0,0.0,https://vanguard.com/guide/getting-started-with-python,0
58.0,13.0,0.0,1.0,0.0,2.0,0.0,1.0,0.0,2.0,0.0345,3.027,0.0,0.0,0.0,0.0,https://microsoft.com/documentation/api/v2/overview?page=2,0
33.0,8.0,0.0,1.0,2.0,2.0,0.0,1.0,1.0,0.0,0.0,3.0,0.0,0.0,0.0,0.0,https://bing.com/terms-of-service,0
54.0,14.0,0.0,1.0,2.0,2.0,0.0,1.0,1.0,4.0,0.0741,3.5216,0.0,0.0,0.0,0.0,https://wellsfargo.com/news/2026/global-markets-update,0
83.0,35.0,3.0,4.0,0.0,5.0,0.0,0.0,4.0,5.0,0.0602,3.7072,0.0,0.0,1.0,0.0,http://metamask.secure.portal.bounceme.net/signin?session_id=35733&redirect=account,1
43.0,25.0,0.0,2.0,2.0,2.0,0.0,1.0,2.0,2.0,0.0465,3.6537,0.0,0.0,0.0,0.0,https://g00gle-account-center.com/login.php,1
50.0,9.0,0.0,1.0,0.0,0.0,0.0,1.0,0.0,4.0,0.08,2.9477,0.0,0.0,0.0,0.0,https://quora.com/community/discussions/topic/8821,0
130.0,52.0,0.0,2.0,6.0,9.0,0.0,1.0,10.0,6.0,0.0462,4.1939,1.0,0.0,0.0,0.0,https://security-dhl-tracking-verification-portal-update.com/account/signin/authenticate/step1/verify-password.php?client_id=86042,1
93.0,44.0,3.0,4.0,1.0,6.0,0.0,1.0,4.0,5.0,0.0538,4.209,1.0,0.0,1.0,0.0,https://dhl-tracking.verify.validation.servehttp.com/signin?session_id=50345&redirect=account,1
31.0,14.0,1.0,2.0,0.0,0.0,0.0,1.0,0.0,0.0,0.0,3.0391,0.0,0.0,0.0,0.0,https://aws.amazon.com/help/faq,0
59.0,26.0,0.0,2.0,0.0,0.0,0.0,1.0,0.0,10.0,0.1695,4.056,0.0,0.0,0.0,1.0,https://l66ya6ba24s0lgupuowob7.xyz/gate/auth/231/index.html,1
122.0,45.0,0.0,2.0,5.0,8.0,0.0,0.0,10.0,6.0,0.0492,4.0805,1.0,0.0,0.0,0.0,http://security-chase-verification-portal-update.com/account/signin/authenticate/step1/verify-password.php?client_id=76682,1
54.0,15.0,0.0,1.0,0.0,0.0,0.0,1.0,0.0,0.0,0.0,3.5069,0.0,0.0,0.0,0.0,https://tripadvisor.com/categories/technology/software,0
46.0,13.0,0.0,1.0,1.0,3.0,0.0,1.0,0.0,0.0,0.0,3.027,0.0,0.0,0.0,0.0,https://microsoft.com/privacy-policy?mode=dark,0
101.0,16.0,0.0,2.0,3.0,9.0,0.0,0.0,6.0,5.0,0.0495,3.4528,1.0,0.0,2.0,1.0,http://auth-portal.rest/gateway?url=http://appleid-security-confirm.xyz/login&next=verify&token=53758,1
35.0,8.0,0.0,1.0,0.0,2.0,0.0,1.0,0.0,0.0,0.0,3.0,0.0,0.0,0.0,0.0,https://ebay.com/products?mode=dark,0
25.0,10.0,0.0,1.0,0.0,0.0,0.0,0.0,0.0,0.0,0.0,2.6464,0.0,0.0,0.0,0.0,http://akamai.com/contact,0
46.0,28.0,0.0,2.0,2.0,2.0,0.0,1.0,2.0,1.0,0.0217,3.682,0.0,0.0,0.0,0.0,https://micros0ft-account-center.net/login.php,1
55.0,22.0,0.0,2.0,0.0,0.0,0.0,1.0,0.0,10.0,0.1818,4.1524,0.0,0.0,0.0,1.0,https://g6w04ygyflq8xpa95g1.tk/gate/auth/708/index.html,1
48.0,14.0,2.0,3.0,0.0,2.0,1.0,0.0,1.0,17.0,0.3542,2.7534,0.0,0.0,0.0,0.0,http://91.240.118.172/auth/signin?session=344296,1
44.0,13.0,2.0,4.0,0.0,2.0,1.0,0.0,1.0,13.0,0.2955,2.5074,0.0,0.0,0.0,0.0,http://185.220.101.5/login.php?ref=office365,1
54.0,14.0,2.0,3.0,2.0,5.0,1.0,0.0,3.0,11.0,0.2037,2.7534,0.0,0.0,0.0,0.0,http://91.240.118.172/cgi-bin/webscr?cmd=_login-submit,1
57.0,8.0,0.0,1.0,3.0,5.0,0.0,1.0,0.0,1.0,0.0175,3.0,0.0,0.0,0.0,0.0,https://ebay.com/guide/getting-started-with-python?page=2,0
36.0,7.0,0.0,1.0,0.0,2.0,0.0,1.0,0.0,0.0,0.0,2.8074,0.0,0.0,0.0,0.0,https://nih.gov/products?sort=recent,0
52.0,12.0,0.0,2.0,1.0,1.0,0.0,1.0,0.0,3.0,0.0577,3.4183,0.0,0.0,0.0,0.0,https://stanford.edu/downloads/releases/version-3.13,0
42.0,13.0,2.0,4.0,0.0,2.0,1.0,0.0,1.0,10.0,0.2381,2.7193,0.0,0.0,0.0,0.0,http://192.168.1.105/login.php?ref=outlook,1
47.0,7.0,0.0,1.0,0.0,0.0,0.0,0.0,0.0,4.0,0.0851,2.2359,0.0,0.0,0.0,0.0,http://bbc.com/community/discussions/topic/8821,0
72.0,29.0,0.0,1.0,3.0,8.0,0.0,0.0,3.0,4.0,0.0556,3.7714,0.0,0.0,0.0,1.0,http://binance-confirm-identity.rest/webscr?cmd=_login-run&dispatch=4417,1
39.0,15.0,1.0,2.0,0.0,2.0,0.0,1.0,0.0,1.0,0.0256,3.2402,0.0,0.0,0.0,0.0,https://blog.gitlab.com/help/faq?page=2,0
27.0,10.0,0.0,1.0,0.0,0.0,0.0,1.0,0.0,0.0,0.0,2.8464,0.0,0.0,0.0,0.0,https://medium.com/help/faq,0
36.0,8.0,0.0,1.0,0.0,2.0,0.0,1.0,0.0,2.0,0.0556,3.0,0.0,0.0,0.0,0.0,https://ebay.com/watch?v=dQw4w9WgXcQ,0
47.0,13.0,2.0,4.0,1.0,1.0,1.0,0.0,3.0,10.0,0.2128,2.4493,0.0,0.0,0.0,0.0,http://194.26.29.112/secure/verify-account.html,1
43.0,9.0,2.0,3.0,0.0,2.0,1.0,0.0,1.0,12.0,0.2791,2.1133,0.0,0.0,0.0,0.0,http://10.0.0.45/auth/signin?session=324479,1
57.0,25.0,0.0,2.0,0.0,0.0,0.0,0.0,0.0,9.0,0.1579,3.7533,0.0,0.0,0.0,1.0,http://ggsj6vv8suoc1y5ayyov84.ga/gate/auth/129/index.html,1
60.0,22.0,1.0,2.0,0.0,0.0,0.0,1.0,1.0,1.0,0.0167,3.6635,0.0,0.0,0.0,0.0,https://blog.bankofamerica.com/documentation/api/v2/overview,0
35.0,10.0,0.0,1.0,2.0,2.0,0.0,1.0,1.0,0.0,0.0,3.1219,0.0,0.0,0.0,0.0,https://angular.io/terms-of-service,0
61.0,29.0,0.0,2.0,0.0,0.0,0.0,0.0,0.0,11.0,0.1803,4.4442,0.0,0.0,0.0,1.0,http://gnp127exvda4l3khyfk043blsy.gq/gate/auth/968/index.html,1
103.0,18.0,0.0,2.0,3.0,9.0,0.0,0.0,6.0,5.0,0.0485,3.281,1.0,0.0,2.0,1.0,http://account-center.cam/gateway?url=http://appleid-security-confirm.xyz/login&next=verify&token=28461,1
51.0,10.0,0.0,1.0,0.0,0.0,0.0,1.0,0.0,4.0,0.0784,2.6464,0.0,0.0,0.0,0.0,https://akamai.com/community/discussions/topic/8821,0
127.0,49.0,0.0,2.0,5.0,8.0,0.0,1.0,10.0,6.0,0.0472,4.016,1.0,0.0,0.0,0.0,https://security-microsoft-verification-portal-update.com/account/signin/authenticate/step1/verify-password.php?client_id=63580,1
32.0,11.0,0.0,1.0,0.0,2.0,0.0,1.0,0.0,1.0,0.0312,3.4594,0.0,0.0,0.0,0.0,https://netflix.com/about?page=2,0
43.0,25.0,0.0,2.0,2.0,2.0,0.0,1.0,2.0,2.0,0.0465,3.6537,0.0,0.0,0.0,0.0,https://g00gle-account-center.com/login.php,1
33.0,10.0,0.0,1.0,1.0,1.0,0.0,1.0,0.0,0.0,0.0,2.9219,0.0,0.0,0.0,0.0,https://docker.com/privacy-policy,0
105.0,20.0,0.0,2.0,3.0,9.0,0.0,0.0,6.0,5.0,0.0476,3.8842,1.0,0.0,2.0,0.0,http://verification-hub.com/gateway?url=http://netflix-security-confirm.xyz/login&next=verify&token=24674,1
50.0,33.0,0.0,2.0,3.0,3.0,0.0,0.0,3.0,1.0,0.02,3.7377,0.0,0.0,0.0,0.0,http://netf1ix-verify-account-center.net/login.php,1
42.0,14.0,0.0,1.0,0.0,2.0,0.0,1.0,0.0,2.0,0.0476,3.2359,0.0,0.0,0.0,0.0,https://craigslist.org/watch?v=dQw4w9WgXcQ,0
54.0,11.0,0.0,1.0,0.0,4.0,0.0,1.0,0.0,5.0,0.0926,3.2776,0.0,0.0,0.0,0.0,https://bestbuy.com/item?id=49204&category=electronics,0
48.0,14.0,2.0,4.0,1.0,1.0,1.0,0.0,3.0,11.0,0.2292,2.7534,0.0,0.0,0.0,0.0,http://193.106.191.28/secure/verify-account.html,1
27.0,11.0,0.0,1.0,0.0,0.0,0.0,0.0,1.0,0.0,0.0,3.0958,0.0,0.0,0.0,0.0,http://youtube.com/services,0
52.0,10.0,0.0,1.0,3.0,3.0,0.0,1.0,0.0,0.0,0.0,3.3219,0.0,0.0,0.0,0.0,https://stripe.com/guide/getting-started-with-python,0
60.0,18.0,1.0,2.0,3.0,3.0,0.0,1.0,0.0,0.0,0.0,3.5033,0.0,0.0,0.0,0.0,https://dev.cloudflare.com/guide/getting-started-with-python,0
81.0,32.0,3.0,4.0,1.0,6.0,0.0,1.0,3.0,5.0,0.0617,3.9139,0.0,0.0,1.0,0.0,https://adobe-sign.secure.auth.hopto.org/signin?session_id=20139&redirect=account,1
126.0,49.0,0.0,2.0,5.0,8.0,0.0,0.0,10.0,6.0,0.0476,4.016,1.0,0.0,0.0,0.0,http://security-microsoft-verification-portal-update.com/account/signin/authenticate/step1/verify-password.php?client_id=52343,1
69.0,26.0,0.0,1.0,3.0,8.0,0.0,0.0,4.0,4.0,0.058,3.7193,0.0,0.0,0.0,1.0,http://outlook-billing-alert.rest/webscr?cmd=_login-run&dispatch=7451,1
48.0,14.0,2.0,3.0,0.0,2.0,1.0,0.0,1.0,17.0,0.3542,2.7534,0.0,0.0,0.0,0.0,http://193.106.191.28/auth/signin?session=488802,1
43.0,10.0,0.0,1.0,2.0,4.0,0.0,1.0,1.0,0.0,0.0,3.3219,0.0,0.0,0.0,0.0,https://fastly.com/terms-of-service?lang=en,0
42.0,25.0,0.0,2.0,2.0,2.0,0.0,0.0,2.0,2.0,0.0476,3.8635,0.0,0.0,0.0,1.0,http://g00gle-account-center.xyz/login.php,1
107.0,16.0,0.0,2.0,4.0,10.0,0.0,1.0,6.0,5.0,0.0467,3.4528,1.0,0.0,2.0,1.0,https://auth-portal.rest/gateway?url=http://dhl-tracking-security-confirm.xyz/login&next=verify&token=89616,1
48.0,14.0,2.0,4.0,1.0,1.0,1.0,0.0,3.0,11.0,0.2292,2.4138,0.0,0.0,0.0,0.0,http://103.208.220.12/secure/verify-account.html,1
63.0,32.0,0.0,1.0,2.0,5.0,0.0,0.0,2.0,6.0,0.0952,3.8431,1.0,0.0,0.0,1.0,http://microsoft-renew-subscription.top/login?auth_token=144351,1
63.0,31.0,0.0,2.0,0.0,0.0,0.0,0.0,0.0,14.0,0.2222,4.4782,0.0,0.0,0.0,1.0,http://wbpa274ir833sicvpdqe97n6y2c2.tk/gate/auth/408/index.html,1
124.0,47.0,0.0,2.0,5.0,8.0,0.0,0.0,10.0,6.0,0.0484,4.0679,0.0,0.0,0.0,0.0,http://security-binance-verification-portal-update.com/account/signin/authenticate/step1/verify-password.php?client_id=56935,1
38.0,10.0,0.0,1.0,0.0,2.0,0.0,1.0,0.0,0.0,0.0,3.1219,0.0,0.0,0.0,0.0,https://airbnb.com/contact?sort=recent,0
72.0,29.0,0.0,1.0,3.0,8.0,0.0,0.0,3.0,4.0,0.0556,3.9523,0.0,0.0,0.0,0.0,http://metamask-confirm-identity.org/webscr?cmd=_login-run&dispatch=1388,1
82.0,33.0,3.0,4.0,0.0,5.0,0.0,1.0,3.0,8.0,0.0976,4.2336,0.0,0.0,1.0,0.0,https://office365.verify.auth.duckdns.org/signin?session_id=11092&redirect=account,1
63.0,30.0,0.0,2.0,0.0,0.0,0.0,1.0,0.0,10.0,0.1587,4.3899,0.0,0.0,0.0,1.0,https://sn9081zqua1qrdlfwduh7vdo4s.icu/gate/auth/680/index.html,1
104.0,18.0,0.0,2.0,3.0,9.0,0.0,0.0,6.0,5.0,0.0481,3.281,1.0,0.0,2.0,1.0,http://account-center.icu/gateway?url=http://linkedin-security-confirm.xyz/login&next=verify&token=98037,1
42.0,25.0,0.0,2.0,2.0,2.0,0.0,0.0,2.0,1.0,0.0238,3.6537,0.0,0.0,0.0,0.0,http://paypa1-account-center.com/login.php,1
127.0,50.0,0.0,2.0,5.0,8.0,0.0,0.0,10.0,6.0,0.0472,4.1737,1.0,0.0,0.0,0.0,http://security-wellsfargo-verification-portal-update.com/account/signin/authenticate/step1/verify-password.php?client_id=40778,1
61.0,30.0,0.0,1.0,2.0,5.0,0.0,0.0,4.0,6.0,0.0984,3.8729,0.0,0.0,0.0,1.0,http://coinbase-customer-service.work/login?auth_token=723068,1
58.0,15.0,1.0,2.0,0.0,4.0,0.0,1.0,0.0,5.0,0.0862,3.0566,0.0,0.0,0.0,0.0,https://docs.medium.com/item?id=49204&category=electronics,0
102.0,17.0,0.0,2.0,3.0,9.0,0.0,1.0,6.0,5.0,0.049,3.4548,1.0,0.0,2.0,1.0,https://account-center.gq/gateway?url=http://google-security-confirm.xyz/login&next=verify&token=94179,1
42.0,14.0,2.0,3.0,0.0,0.0,1.0,0.0,1.0,15.0,0.3571,2.7534,0.0,0.0,0.0,0.0,http://91.240.118.172/verification/id/5044,1
60.0,14.0,0.0,1.0,0.0,2.0,0.0,1.0,0.0,1.0,0.0167,3.2359,0.0,0.0,0.0,0.0,https://craigslist.org/documentation/api/v2/overview?lang=en,0
58.0,26.0,0.0,2.0,0.0,0.0,0.0,0.0,0.0,5.0,0.0862,3.8543,0.0,0.0,0.0,1.0,http://hpvrwbrblbz5ntdywm8rabr.ml/gate/auth/586/index.html,1
70.0,26.0,0.0,1.0,3.0,8.0,0.0,1.0,4.0,4.0,0.0571,3.7193,0.0,0.0,0.0,0.0,https://coinbase-billing-alert.org/webscr?cmd=_login-run&dispatch=9963,1
53.0,10.0,0.0,1.0,0.0,4.0,0.0,1.0,0.0,0.0,0.0,3.1219,0.0,0.0,0.0,0.0,https://forbes.com/search?q=machine+learning+tutorial,0
28.0,11.0,0.0,1.0,0.0,0.0,0.0,1.0,0.0,0.0,0.0,3.0958,0.0,0.0,0.0,0.0,https://mozilla.org/help/faq,0
41.0,12.0,2.0,4.0,0.0,2.0,1.0,0.0,1.0,9.0,0.2195,2.6258,1.0,0.0,0.0,0.0,http://172.16.254.1/login.php?ref=netflix,1
52.0,12.0,1.0,3.0,1.0,1.0,0.0,1.0,0.0,3.0,0.0577,3.2516,0.0,0.0,0.0,0.0,https://dev.ebay.com/downloads/releases/version-3.13,0
33.0,10.0,0.0,1.0,1.0,1.0,0.0,1.0,0.0,0.0,0.0,3.3219,0.0,0.0,0.0,0.0,https://gitlab.com/privacy-policy,0
109.0,20.0,0.0,2.0,4.0,10.0,0.0,1.0,6.0,5.0,0.0459,3.8842,0.0,0.0,2.0,1.0,https://verification-hub.cam/gateway?url=http://adobe-sign-security-confirm.xyz/login&next=verify&token=49273,1
30.0,14.0,1.0,2.0,0.0,0.0,0.0,1.0,0.0,0.0,0.0,2.9852,0.0,0.0,0.0,0.0,https://api.paypal.com/contact,0
51.0,11.0,0.0,2.0,1.0,1.0,0.0,1.0,0.0,3.0,0.0588,3.2776,0.0,0.0,0.0,0.0,https://weather.com/downloads/releases/version-3.13,0
55.0,12.0,0.0,1.0,0.0,4.0,0.0,1.0,0.0,5.0,0.0909,3.2516,0.0,0.0,0.0,0.0,https://linkedin.com/item?id=49204&category=electronics,0
59.0,26.0,0.0,2.0,0.0,0.0,0.0,1.0,0.0,10.0,0.1695,4.2099,0.0,0.0,0.0,1.0,https://cekof92y8lz8cv2a6pg4gks.tk/gate/auth/601/index.html,1
66.0,23.0,1.0,2.0,0.0,4.0,0.0,1.0,0.0,5.0,0.0758,3.3603,0.0,0.0,0.0,0.0,https://community.microsoft.com/item?id=49204&category=electronics,0
49.0,32.0,0.0,2.0,3.0,3.0,0.0,0.0,3.0,1.0,0.0204,3.7539,0.0,0.0,0.0,0.0,http://netf1ix-verify-account-center.cc/login.php,1
66.0,34.0,0.0,2.0,0.0,0.0,0.0,0.0,0.0,10.0,0.1515,4.477,0.0,0.0,0.0,1.0,http://sgq4bvpy8crin0xgnki5vrz38efe9.buzz/gate/auth/676/index.html,1
126.0,49.0,0.0,2.0,5.0,8.0,0.0,0.0,10.0,6.0,0.0476,4.0822,1.0,0.0,0.0,0.0,http://security-instagram-verification-portal-update.com/account/signin/authenticate/step1/verify-password.php?client_id=41302,1
26.0,9.0,0.0,1.0,0.0,0.0,0.0,1.0,0.0,0.0,0.0,2.9477,0.0,0.0,0.0,0.0,https://react.dev/products,0
31.0,14.0,1.0,2.0,0.0,0.0,0.0,1.0,0.0,0.0,0.0,3.182,0.0,0.0,0.0,0.0,https://api.angular.io/products,0
64.0,25.0,0.0,2.0,3.0,3.0,0.0,0.0,3.0,0.0,0.0,3.6733,1.0,0.0,0.0,0.0,http://paypal-unlock-account.org/account/update-credentials.html,1
77.0,29.0,3.0,4.0,0.0,5.0,0.0,0.0,2.0,5.0,0.0649,3.6504,1.0,0.0,1.0,0.0,http://appleid.account.auth.ddns.net/signin?session_id=21603&redirect=account,1
30.0,7.0,0.0,1.0,1.0,1.0,0.0,1.0,0.0,0.0,0.0,2.5216,0.0,0.0,0.0,0.0,https://zoom.us/privacy-policy,0
65.0,33.0,0.0,2.0,0.0,0.0,0.0,0.0,0.0,7.0,0.1077,4.1502,0.0,0.0,0.0,1.0,http://xpn19qnfpl7qhvkvlablrf3naplg.buzz/gate/auth/956/index.html,1
42.0,25.0,0.0,2.0,2.0,2.0,0.0,0.0,2.0,1.0,0.0238,3.5329,0.0,0.0,0.0,0.0,http://paypa1-account-center.net/login.php,1
40.0,12.0,2.0,3.0,0.0,0.0,1.0,0.0,1.0,13.0,0.325,2.6258,0.0,0.0,0.0,0.0,http://172.16.254.1/verification/id/9053,1
60.0,17.0,0.0,1.0,0.0,4.0,0.0,1.0,1.0,5.0,0.0833,3.4548,0.0,0.0,0.0,0.0,https://bankofamerica.com/item?id=49204&category=electronics,0
53.0,13.0,0.0,2.0,1.0,1.0,0.0,1.0,0.0,3.0,0.0566,3.3927,0.0,0.0,0.0,0.0,https://pinterest.com/downloads/releases/version-3.13,0
41.0,24.0,0.0,2.0,2.0,2.0,0.0,0.0,2.0,1.0,0.0244,3.4864,0.0,0.0,0.0,0.0,http://paypa1-account-center.cc/login.php,1
54.0,11.0,0.0,1.0,0.0,4.0,0.0,1.0,0.0,5.0,0.0926,3.0272,0.0,0.0,0.0,0.0,https://twitter.com/item?id=49204&category=electronics,0
50.0,18.0,1.0,2.0,2.0,4.0,0.0,1.0,1.0,1.0,0.02,3.4613,0.0,0.0,0.0,0.0,https://dev.salesforce.com/terms-of-service?page=2,0
30.0,13.0,1.0,2.0,0.0,0.0,0.0,1.0,1.0,0.0,0.0,3.5466,0.0,0.0,0.0,0.0,https://api.vuejs.org/services,0
36.0,13.0,0.0,1.0,1.0,1.0,0.0,1.0,0.0,0.0,0.0,3.3927,0.0,0.0,0.0,0.0,https://instagram.com/privacy-policy,0
26.0,9.0,0.0,1.0,0.0,0.0,0.0,1.0,1.0,0.0,0.0,2.9477,0.0,0.0,0.0,0.0,https://quora.com/services,0
35.0,7.0,0.0,1.0,0.0,2.0,0.0,1.0,0.0,2.0,0.0571,2.2359,0.0,0.0,0.0,0.0,https://cnn.com/watch?v=dQw4w9WgXcQ,0
104.0,18.0,0.0,2.0,3.0,9.0,0.0,0.0,6.0,5.0,0.0481,3.4194,1.0,0.0,2.0,1.0,http://account-center.fit/gateway?url=http://linkedin-security-confirm.xyz/login&next=verify&token=92929,1
101.0,16.0,0.0,2.0,3.0,9.0,0.0,0.0,6.0,5.0,0.0495,3.5,1.0,0.0,2.0,1.0,http://auth-portal.work/gateway?url=http://dropbox-security-confirm.xyz/login&next=verify&token=39873,1
55.0,12.0,0.0,1.0,0.0,4.0,0.0,1.0,0.0,5.0,0.0909,3.4183,0.0,0.0,0.0,0.0,https://vanguard.com/item?id=49204&category=electronics,0
63.0,32.0,0.0,1.0,2.0,5.0,0.0,0.0,2.0,6.0,0.0952,3.8042,1.0,0.0,0.0,1.0,http://facebook-suspicious-activity.top/login?auth_token=944848,1
51.0,11.0,0.0,2.0,1.0,1.0,0.0,1.0,0.0,3.0,0.0588,3.4594,0.0,0.0,0.0,0.0,https://netflix.com/downloads/releases/version-3.13,0
80.0,32.0,3.0,4.0,0.0,5.0,0.0,0.0,4.0,5.0,0.0625,3.7539,1.0,0.0,1.0,0.0,http://facebook.secure.portal.zapto.org/signin?session_id=84096&redirect=account,1
16.0,8.0,0.0,1.0,0.0,0.0,0.0,1.0,0.0,0.0,0.0,3.0,0.0,0.0,0.0,0.0,https://bing.com,0
48.0,8.0,0.0,1.0,2.0,2.0,0.0,1.0,1.0,4.0,0.0833,3.0,0.0,0.0,0.0,0.0,https://yelp.com/news/2026/global-markets-update,0
106.0,20.0,0.0,2.0,3.0,9.0,0.0,0.0,6.0,5.0,0.0472,4.0842,1.0,0.0,2.0,1.0,http://verification-hub.xyz/gateway?url=http://facebook-security-confirm.xyz/login&next=verify&token=76951,1
42.0,25.0,0.0,2.0,2.0,2.0,0.0,0.0,2.0,1.0,0.0238,3.5329,0.0,0.0,0.0,0.0,http://paypa1-account-center.net/login.php,1
64.0,14.0,1.0,2.0,0.0,2.0,0.0,1.0,0.0,1.0,0.0156,3.3249,0.0,0.0,0.0,0.0,https://news.yahoo.com/documentation/api/v2/overview?sort=recent,0
68.0,28.0,0.0,2.0,3.0,3.0,0.0,1.0,4.0,0.0,0.0,3.9677,1.0,0.0,0.0,1.0,https://linkedin-security-update.cam/account/update-credentials.html,1
62.0,10.0,0.0,1.0,3.0,5.0,0.0,1.0,0.0,0.0,0.0,3.1219,0.0,0.0,0.0,0.0,https://forbes.com/guide/getting-started-with-python?mode=dark,0
45.0,7.0,0.0,1.0,0.0,0.0,0.0,1.0,0.0,1.0,0.0222,2.5216,0.0,0.0,0.0,0.0,https://zoom.us/documentation/api/v2/overview,0
89.0,41.0,3.0,4.0,0.0,5.0,0.0,0.0,5.0,5.0,0.0562,4.0524,1.0,0.0,1.0,0.0,http://bankofamerica.verify.portal.servehttp.com/signin?session_id=17530&redirect=account,1
54.0,12.0,0.0,1.0,3.0,3.0,0.0,1.0,0.0,0.0,0.0,3.4183,0.0,0.0,0.0,0.0,https://stanford.edu/guide/getting-started-with-python,0
82.0,33.0,3.0,4.0,0.0,5.0,0.0,1.0,3.0,5.0,0.061,3.7179,0.0,0.0,1.0,0.0,https://metamask.account.service.ddns.net/signin?session_id=18535&redirect=account,1
62.0,10.0,0.0,2.0,1.0,3.0,0.0,1.0,0.0,3.0,0.0484,3.3219,0.0,0.0,0.0,0.0,https://stripe.com/downloads/releases/version-3.13?sort=recent,0
48.0,14.0,2.0,3.0,0.0,2.0,1.0,0.0,1.0,17.0,0.3542,2.7534,0.0,0.0,0.0,0.0,http://193.106.191.28/auth/signin?session=574628,1
76.0,28.0,3.0,4.0,0.0,5.0,0.0,0.0,3.0,5.0,0.0658,3.8788,1.0,0.0,1.0,0.0,http://chase.login.auth.duckdns.org/signin?session_id=81532&redirect=account,1
56.0,9.0,0.0,1.0,1.0,1.0,0.0,1.0,1.0,4.0,0.0714,2.7255,0.0,0.0,0.0,0.0,https://vimeo.com/blog/article/2026/cybersecurity-trends,0
46.0,12.0,2.0,3.0,0.0,2.0,1.0,0.0,1.0,15.0,0.3261,2.4591,0.0,0.0,0.0,0.0,http://203.0.113.19/auth/signin?session=277233,1
28.0,11.0,0.0,1.0,0.0,0.0,0.0,1.0,1.0,0.0,0.0,2.914,0.0,0.0,0.0,0.0,https://harvard.edu/services,0
124.0,47.0,0.0,2.0,5.0,8.0,0.0,0.0,10.0,6.0,0.0484,4.1027,1.0,0.0,0.0,0.0,http://security-netflix-verification-portal-update.com/account/signin/authenticate/step1/verify-password.php?client_id=25149,1
65.0,13.0,0.0,2.0,1.0,3.0,0.0,1.0,0.0,3.0,0.0462,3.3927,0.0,0.0,0.0,0.0,https://instagram.com/downloads/releases/version-3.13?sort=recent,0
38.0,10.0,0.0,1.0,0.0,2.0,0.0,1.0,0.0,2.0,0.0526,3.1219,0.0,0.0,0.0,0.0,https://reddit.com/watch?v=dQw4w9WgXcQ,0
62.0,30.0,0.0,2.0,0.0,0.0,0.0,0.0,0.0,10.0,0.1613,4.1484,0.0,0.0,0.0,1.0,http://6nyqaelyyzz0jdcli6978v0bj.buzz/gate/auth/490/index.html,1
37.0,21.0,1.0,2.0,0.0,0.0,0.0,1.0,0.0,0.0,0.0,3.5585,0.0,0.0,0.0,0.0,https://docs.digitalocean.com/contact,0
55.0,12.0,0.0,1.0,0.0,4.0,0.0,1.0,0.0,5.0,0.0909,3.4183,0.0,0.0,0.0,0.0,https://vanguard.com/item?id=49204&category=electronics,0
55.0,15.0,0.0,1.0,2.0,2.0,0.0,1.0,1.0,4.0,0.0727,3.7736,0.0,0.0,0.0,0.0,https://theguardian.com/news/2026/global-markets-update,0
46.0,28.0,0.0,2.0,2.0,2.0,0.0,1.0,2.0,1.0,0.0217,3.6959,0.0,0.0,0.0,0.0,https://micros0ft-account-center.com/login.php,1
101.0,15.0,0.0,2.0,3.0,9.0,0.0,0.0,6.0,5.0,0.0495,3.5069,0.0,0.0,2.0,0.0,http://auth-portal.com/gateway?url=http://metamask-security-confirm.xyz/login&next=verify&token=50946,1
62.0,30.0,0.0,2.0,0.0,0.0,0.0,0.0,0.0,12.0,0.1935,4.5484,0.0,0.0,0.0,1.0,http://xi8e55325cambhwtgdk4snv9rr4.cf/gate/auth/533/index.html,1
42.0,25.0,0.0,2.0,2.0,2.0,0.0,0.0,2.0,1.0,0.0238,3.5329,0.0,0.0,0.0,0.0,http://paypa1-account-center.net/login.php,1
125.0,48.0,0.0,2.0,5.0,8.0,0.0,0.0,10.0,6.0,0.048,4.0774,0.0,0.0,0.0,0.0,http://security-coinbase-verification-portal-update.com/account/signin/authenticate/step1/verify-password.php?client_id=17899,1
65.0,27.0,0.0,2.0,2.0,2.0,0.0,1.0,4.0,4.0,0.0615,3.7919,0.0,0.0,0.0,1.0,https://binance-customer-service.cf/verify/user/1791/security.php,1
31.0,7.0,0.0,1.0,0.0,2.0,0.0,1.0,0.0,0.0,0.0,2.2359,0.0,0.0,0.0,0.0,https://bbc.com/about?mode=dark,0
56.0,13.0,0.0,1.0,0.0,4.0,0.0,1.0,0.0,5.0,0.0893,3.3927,0.0,0.0,0.0,0.0,https://instagram.com/item?id=49204&category=electronics,0
53.0,13.0,2.0,3.0,2.0,5.0,1.0,0.0,3.0,10.0,0.1887,2.7193,0.0,0.0,0.0,0.0,http://192.168.1.105/cgi-bin/webscr?cmd=_login-submit,1
55.0,12.0,0.0,1.0,0.0,4.0,0.0,1.0,0.0,5.0,0.0909,3.2516,0.0,0.0,0.0,0.0,https://linkedin.com/item?id=49204&category=electronics,0
40.0,12.0,2.0,3.0,0.0,0.0,1.0,0.0,1.0,13.0,0.325,2.6258,0.0,0.0,0.0,0.0,http://172.16.254.1/verification/id/8478,1
58.0,26.0,0.0,2.0,0.0,0.0,0.0,0.0,0.0,7.0,0.1207,3.921,0.0,0.0,0.0,1.0,http://i1rd5b2crprdvvkap6zpx.buzz/gate/auth/925/index.html,1
64.0,25.0,0.0,2.0,3.0,3.0,0.0,0.0,5.0,0.0,0.0,3.8137,0.0,0.0,0.0,1.0,http://outlook-billing-alert.cam/account/update-credentials.html,1
62.0,19.0,1.0,2.0,0.0,4.0,0.0,1.0,0.0,0.0,0.0,3.5766,0.0,0.0,0.0,0.0,https://community.azure.com/search?q=machine+learning+tutorial,0
53.0,13.0,0.0,2.0,1.0,1.0,0.0,1.0,0.0,3.0,0.0566,3.3927,0.0,0.0,0.0,0.0,https://pinterest.com/downloads/releases/version-3.13,0
45.0,17.0,0.0,1.0,0.0,2.0,0.0,1.0,1.0,2.0,0.0444,3.4548,0.0,0.0,0.0,0.0,https://bankofamerica.com/watch?v=dQw4w9WgXcQ,0
125.0,48.0,0.0,2.0,5.0,8.0,0.0,0.0,10.0,6.0,0.048,4.08,0.0,0.0,0.0,0.0,http://security-metamask-verification-portal-update.com/account/signin/authenticate/step1/verify-password.php?client_id=41272,1
53.0,10.0,0.0,1.0,0.0,4.0,0.0,1.0,0.0,0.0,0.0,2.9219,0.0,0.0,0.0,0.0,https://zillow.com/search?q=machine+learning+tutorial,0
58.0,17.0,1.0,2.0,0.0,0.0,0.0,1.0,0.0,5.0,0.0862,3.4548,0.0,0.0,0.0,0.0,https://dev.w3schools.com/community/discussions/topic/8821,0
49.0,11.0,0.0,1.0,0.0,0.0,0.0,1.0,0.0,1.0,0.0204,3.2776,0.0,0.0,0.0,0.0,https://weather.com/documentation/api/v2/overview,0
126.0,49.0,0.0,2.0,5.0,8.0,0.0,0.0,10.0,9.0,0.0714,4.1887,0.0,0.0,0.0,0.0,http://security-office365-verification-portal-update.com/account/signin/authenticate/step1/verify-password.php?client_id=11862,1
50.0,33.0,0.0,2.0,3.0,3.0,0.0,0.0,3.0,1.0,0.02,3.7377,0.0,0.0,0.0,0.0,http://netf1ix-verify-account-center.net/login.php,1
58.0,26.0,0.0,1.0,2.0,5.0,0.0,1.0,4.0,6.0,0.1034,3.8253,1.0,0.0,0.0,1.0,https://netflix-wallet-recovery.cf/login?auth_token=648175,1
43.0,11.0,0.0,1.0,1.0,3.0,0.0,1.0,0.0,0.0,0.0,3.2776,0.0,0.0,0.0,0.0,https://weather.com/privacy-policy?ref=home,0
60.0,17.0,0.0,1.0,0.0,4.0,0.0,1.0,0.0,5.0,0.0833,3.6901,0.0,0.0,0.0,0.0,https://stackoverflow.com/item?id=49204&category=electronics,0
52.0,13.0,1.0,3.0,1.0,1.0,0.0,0.0,0.0,3.0,0.0577,3.0851,0.0,0.0,0.0,0.0,http://app.vimeo.com/downloads/releases/version-3.13,0
66.0,33.0,0.0,2.0,0.0,0.0,0.0,1.0,0.0,12.0,0.1818,4.173,0.0,0.0,0.0,1.0,https://om115boiymyk86adnokku3s710nu.work/gate/auth/631/index.html,1
36.0,8.0,0.0,1.0,0.0,2.0,0.0,1.0,0.0,2.0,0.0556,3.0,0.0,0.0,0.0,0.0,https://etsy.com/watch?v=dQw4w9WgXcQ,0
124.0,47.0,0.0,2.0,5.0,8.0,0.0,0.0,10.0,6.0,0.0484,4.1369,1.0,0.0,0.0,0.0,http://security-dropbox-verification-portal-update.com/account/signin/authenticate/step1/verify-password.php?client_id=22955,1
51.0,12.0,0.0,1.0,0.0,0.0,0.0,1.0,0.0,0.0,0.0,3.4183,0.0,0.0,0.0,0.0,https://vanguard.com/categories/technology/software,0
107.0,16.0,0.0,2.0,3.0,9.0,0.0,0.0,7.0,5.0,0.0467,3.5,1.0,0.0,2.0,1.0,http://auth-portal.work/gateway?url=http://bankofamerica-security-confirm.xyz/login&next=verify&token=30297,1
101.0,14.0,0.0,2.0,3.0,9.0,0.0,1.0,6.0,5.0,0.0495,3.5216,0.0,0.0,2.0,1.0,https://auth-portal.cf/gateway?url=http://coinbase-security-confirm.xyz/login&next=verify&token=10905,1
107.0,21.0,0.0,2.0,3.0,9.0,0.0,0.0,6.0,5.0,0.0467,3.9754,1.0,0.0,2.0,1.0,http://verification-hub.work/gateway?url=http://linkedin-security-confirm.xyz/login&next=verify&token=45225,1
110.0,20.0,0.0,2.0,4.0,10.0,0.0,0.0,6.0,5.0,0.0455,4.0842,1.0,0.0,2.0,1.0,http://verification-hub.xyz/gateway?url=http://dhl-tracking-security-confirm.xyz/login&next=verify&token=74884,1
34.0,10.0,0.0,1.0,0.0,2.0,0.0,1.0,0.0,0.0,0.0,3.1219,0.0,0.0,0.0,0.0,https://angular.io/about?mode=dark,0
56.0,13.0,0.0,1.0,0.0,4.0,0.0,1.0,0.0,0.0,0.0,3.3347,0.0,0.0,0.0,0.0,https://kubernetes.io/search?q=machine+learning+tutorial,0
105.0,17.0,0.0,2.0,4.0,10.0,0.0,0.0,6.0,5.0,0.0476,3.2928,0.0,0.0,2.0,1.0,http://account-center.tk/gateway?url=http://adobe-sign-security-confirm.xyz/login&next=verify&token=18853,1
101.0,16.0,0.0,2.0,3.0,9.0,0.0,1.0,6.0,5.0,0.0495,3.4528,1.0,0.0,2.0,1.0,https://auth-portal.rest/gateway?url=http://google-security-confirm.xyz/login&next=verify&token=69450,1
62.0,8.0,0.0,1.0,3.0,5.0,0.0,1.0,0.0,0.0,0.0,2.75,0.0,0.0,0.0,0.0,https://imdb.com/guide/getting-started-with-python?sort=recent,0
62.0,29.0,0.0,2.0,0.0,0.0,0.0,1.0,0.0,11.0,0.1774,4.2802,0.0,0.0,0.0,1.0,https://xfeub4o47en48nysj5ywx0i3a.icu/gate/auth/207/index.html,1
80.0,32.0,3.0,4.0,0.0,5.0,0.0,0.0,4.0,5.0,0.0625,4.0122,1.0,0.0,1.0,0.0,http://chase.verify.portal.bounceme.net/signin?session_id=63558&redirect=account,1
52.0,11.0,0.0,1.0,0.0,0.0,0.0,1.0,0.0,4.0,0.0769,3.0272,0.0,0.0,0.0,0.0,https://dropbox.com/community/discussions/topic/8821,0
47.0,8.0,0.0,1.0,0.0,0.0,0.0,1.0,0.0,0.0,0.0,3.0,0.0,0.0,0.0,0.0,https://yelp.com/categories/technology/software,0
61.0,24.0,0.0,2.0,2.0,2.0,0.0,0.0,2.0,4.0,0.0656,3.5535,0.0,0.0,0.0,1.0,http://binance-urgent-notice.ga/verify/user/5176/security.php,1
123.0,46.0,0.0,2.0,5.0,8.0,0.0,0.0,10.0,6.0,0.0488,4.0316,1.0,0.0,0.0,0.0,http://security-paypal-verification-portal-update.com/account/signin/authenticate/step1/verify-password.php?client_id=73564,1
23.0,9.0,0.0,1.0,0.0,0.0,0.0,1.0,0.0,0.0,0.0,2.6416,0.0,0.0,0.0,0.0,https://twitch.tv/about,0
37.0,7.0,0.0,1.0,0.0,0.0,0.0,1.0,0.0,0.0,0.0,2.2359,0.0,0.0,0.0,0.0,https://cnn.com/user/profile/settings,0
66.0,12.0,0.0,1.0,3.0,5.0,0.0,1.0,0.0,0.0,0.0,3.4183,0.0,0.0,0.0,0.0,https://fidelity.com/guide/getting-started-with-python?sort=recent,0
39.0,9.0,0.0,1.0,0.0,0.0,0.0,1.0,0.0,0.0,0.0,2.9477,0.0,0.0,0.0,0.0,https://chase.com/user/profile/settings,0
131.0,54.0,0.0,2.0,6.0,9.0,0.0,0.0,10.0,6.0,0.0458,4.0903,1.0,0.0,0.0,0.0,http://security-fedex-delivery-verification-portal-update.com/account/signin/authenticate/step1/verify-password.php?client_id=32365,1
124.0,47.0,0.0,2.0,5.0,8.0,0.0,0.0,10.0,6.0,0.0484,4.1027,1.0,0.0,0.0,0.0,http://security-netflix-verification-portal-update.com/account/signin/authenticate/step1/verify-password.php?client_id=35127,1
33.0,7.0,0.0,1.0,0.0,2.0,0.0,1.0,0.0,0.0,0.0,2.2359,0.0,0.0,0.0,0.0,https://cnn.com/about?sort=recent,0
60.0,13.0,0.0,1.0,1.0,1.0,0.0,1.0,1.0,4.0,0.0667,3.027,0.0,0.0,0.0,0.0,https://bloomberg.com/blog/article/2026/cybersecurity-trends,0
29.0,12.0,1.0,2.0,0.0,0.0,0.0,1.0,1.0,0.0,0.0,2.6887,0.0,0.0,0.0,0.0,https://docs.cnn.com/services,0
80.0,32.0,3.0,4.0,0.0,5.0,0.0,0.0,4.0,5.0,0.0625,3.9261,1.0,0.0,1.0,0.0,http://facebook.login.service.zapto.org/signin?session_id=50144&redirect=account,1
63.0,12.0,0.0,1.0,0.0,2.0,0.0,1.0,0.0,4.0,0.0635,3.4183,0.0,0.0,0.0,0.0,https://stanford.edu/community/discussions/topic/8821?mode=dark,0
43.0,13.0,2.0,4.0,0.0,2.0,1.0,0.0,1.0,10.0,0.2326,2.4493,0.0,0.0,0.0,0.0,http://45.142.214.18/login.php?ref=metamask,1
53.0,13.0,2.0,3.0,2.0,5.0,1.0,0.0,3.0,10.0,0.1887,2.5074,0.0,0.0,0.0,0.0,http://185.220.101.5/cgi-bin/webscr?cmd=_login-submit,1
41.0,24.0,0.0,2.0,2.0,2.0,0.0,0.0,2.0,2.0,0.0488,3.4864,0.0,0.0,0.0,0.0,http://g00gle-account-center.cc/login.php,1
124.0,47.0,0.0,2.0,5.0,8.0,0.0,0.0,10.0,6.0,0.0484,4.0462,0.0,0.0,0.0,0.0,http://security-outlook-verification-portal-update.com/account/signin/authenticate/step1/verify-password.php?client_id=60422,1
35.0,12.0,0.0,1.0,1.0,1.0,0.0,1.0,0.0,0.0,0.0,3.4183,0.0,0.0,0.0,0.0,https://stanford.edu/privacy-policy,0
51.0,33.0,0.0,2.0,3.0,3.0,0.0,1.0,3.0,1.0,0.0196,3.8849,0.0,0.0,0.0,0.0,https://netf1ix-verify-account-center.com/login.php,1
127.0,49.0,0.0,2.0,5.0,8.0,0.0,1.0,10.0,6.0,0.0472,4.0822,1.0,0.0,0.0,0.0,https://security-instagram-verification-portal-update.com/account/signin/authenticate/step1/verify-password.php?client_id=15956,1
55.0,13.0,1.0,2.0,3.0,3.0,0.0,1.0,0.0,0.0,0.0,3.3927,0.0,0.0,0.0,0.0,https://news.uber.com/guide/getting-started-with-python,0
62.0,30.0,0.0,2.0,0.0,0.0,0.0,0.0,0.0,10.0,0.1613,4.3232,0.0,0.0,0.0,1.0,http://6ufky28nvqhl097fzrlgq9azhdq.ml/gate/auth/162/index.html,1
71.0,27.0,0.0,1.0,3.0,8.0,0.0,1.0,2.0,4.0,0.0563,3.838,1.0,0.0,0.0,0.0,https://wellsfargo-auth-session.org/webscr?cmd=_login-run&dispatch=9690,1
45.0,12.0,0.0,1.0,2.0,4.0,0.0,1.0,1.0,0.0,0.0,3.4183,0.0,0.0,0.0,0.0,https://fidelity.com/terms-of-service?lang=en,0
30.0,13.0,0.0,1.0,0.0,0.0,0.0,1.0,0.0,0.0,0.0,3.3927,0.0,0.0,0.0,0.0,https://pinterest.com/products,0
25.0,11.0,0.0,1.0,0.0,0.0,0.0,1.0,0.0,0.0,0.0,3.2776,0.0,0.0,0.0,0.0,https://nytimes.com/about,0
132.0,54.0,0.0,2.0,6.0,9.0,0.0,1.0,10.0,6.0,0.0455,4.0903,1.0,0.0,0.0,0.0,https://security-fedex-delivery-verification-portal-update.com/account/signin/authenticate/step1/verify-password.php?client_id=82093,1
109.0,17.0,0.0,2.0,4.0,10.0,0.0,0.0,6.0,5.0,0.0459,3.2639,1.0,0.0,2.0,1.0,http://account-center.cf/gateway?url=http://fedex-delivery-security-confirm.xyz/login&next=verify&token=36855,1
64.0,8.0,0.0,1.0,1.0,3.0,0.0,1.0,1.0,4.0,0.0625,3.0,0.0,0.0,0.0,0.0,https://uber.com/blog/article/2026/cybersecurity-trends?ref=home,0
55.0,23.0,0.0,2.0,0.0,0.0,0.0,0.0,0.0,11.0,0.2,3.9034,0.0,0.0,0.0,1.0,http://41jh6oxqq8y1hend7h10.gq/gate/auth/952/index.html,1
45.0,28.0,0.0,2.0,2.0,2.0,0.0,0.0,2.0,1.0,0.0222,3.682,0.0,0.0,0.0,0.0,http://micros0ft-account-center.net/login.php,1
63.0,23.0,1.0,2.0,2.0,2.0,0.0,1.0,1.0,4.0,0.0635,3.9149,0.0,0.0,0.0,0.0,https://community.wikipedia.org/news/2026/global-markets-update,0
51.0,11.0,0.0,1.0,2.0,2.0,0.0,1.0,1.0,4.0,0.0784,3.2776,0.0,0.0,0.0,0.0,https://bestbuy.com/news/2026/global-markets-update,0
26.0,9.0,0.0,1.0,0.0,0.0,0.0,1.0,0.0,0.0,0.0,3.1699,0.0,0.0,0.0,0.0,https://azure.com/products,0
28.0,14.0,0.0,1.0,0.0,0.0,0.0,1.0,0.0,0.0,0.0,3.3788,0.0,0.0,0.0,0.0,https://cloudflare.com/about,0
53.0,13.0,2.0,3.0,2.0,5.0,1.0,0.0,3.0,10.0,0.1887,2.4493,0.0,0.0,0.0,0.0,http://45.142.214.18/cgi-bin/webscr?cmd=_login-submit,1
124.0,47.0,0.0,2.0,5.0,8.0,0.0,0.0,10.0,6.0,0.0484,4.0253,1.0,0.0,0.0,0.0,http://security-appleid-verification-portal-update.com/account/signin/authenticate/step1/verify-password.php?client_id=75089,1
62.0,29.0,0.0,2.0,0.0,0.0,0.0,1.0,0.0,10.0,0.1613,4.3232,0.0,0.0,0.0,1.0,https://6ewxqpf0qpsvy74zq50op7xm.club/gate/auth/918/index.html,1
50.0,33.0,0.0,2.0,3.0,3.0,0.0,0.0,3.0,1.0,0.02,3.9077,0.0,0.0,0.0,1.0,http://app1e-security-account-center.xyz/login.php,1
52.0,13.0,0.0,1.0,0.0,0.0,0.0,1.0,0.0,0.0,0.0,3.027,0.0,0.0,0.0,0.0,https://homedepot.com/categories/technology/software,0
58.0,26.0,0.0,2.0,0.0,0.0,0.0,0.0,0.0,13.0,0.2241,4.2389,0.0,0.0,0.0,1.0,http://km9831ax985i0hivtq3md4.xyz/gate/auth/888/index.html,1
57.0,10.0,0.0,1.0,1.0,1.0,0.0,1.0,1.0,4.0,0.0702,2.9219,0.0,0.0,0.0,0.0,https://docker.com/blog/article/2026/cybersecurity-trends,0
42.0,25.0,0.0,2.0,2.0,2.0,0.0,0.0,2.0,1.0,0.0238,3.7835,0.0,0.0,0.0,1.0,http://paypa1-account-center.xyz/login.php,1
61.0,28.0,0.0,2.0,0.0,0.0,0.0,1.0,0.0,7.0,0.1148,4.182,0.0,0.0,0.0,1.0,https://sn5yz7vxuqdrmswjjjksl66um.gq/gate/auth/296/index.html,1
56.0,13.0,0.0,1.0,0.0,4.0,0.0,1.0,0.0,6.0,0.1071,3.027,0.0,0.0,0.0,0.0,https://w3schools.com/item?id=49204&category=electronics,0
24.0,7.0,0.0,1.0,0.0,0.0,0.0,1.0,0.0,0.0,0.0,2.5216,0.0,0.0,0.0,0.0,https://cdc.gov/help/faq,0
49.0,9.0,0.0,1.0,2.0,2.0,0.0,1.0,1.0,4.0,0.0816,2.9477,0.0,0.0,0.0,0.0,https://slack.com/news/2026/global-markets-update,0
126.0,49.0,0.0,2.0,5.0,8.0,0.0,0.0,10.0,9.0,0.0714,4.1887,0.0,0.0,0.0,0.0,http://security-office365-verification-portal-update.com/account/signin/authenticate/step1/verify-password.php?client_id=45291,1
104.0,18.0,0.0,2.0,3.0,9.0,0.0,1.0,6.0,5.0,0.0481,3.281,1.0,0.0,2.0,1.0,https://account-center.cam/gateway?url=http://appleid-security-confirm.xyz/login&next=verify&token=47971,1
101.0,14.0,0.0,2.0,3.0,9.0,0.0,1.0,6.0,5.0,0.0495,3.3249,0.0,0.0,2.0,1.0,https://auth-portal.tk/gateway?url=http://coinbase-security-confirm.xyz/login&next=verify&token=96356,1
29.0,13.0,1.0,2.0,0.0,0.0,0.0,1.0,0.0,0.0,0.0,3.027,0.0,0.0,0.0,0.0,https://app.twitch.tv/contact,0
55.0,13.0,0.0,1.0,0.0,4.0,0.0,0.0,0.0,5.0,0.0909,3.027,0.0,0.0,0.0,0.0,http://bloomberg.com/item?id=49204&category=electronics,0
35.0,10.0,0.0,1.0,2.0,2.0,0.0,1.0,1.0,0.0,0.0,2.7219,0.0,0.0,0.0,0.0,https://amazon.com/terms-of-service,0
53.0,13.0,2.0,3.0,2.0,5.0,1.0,0.0,3.0,10.0,0.1887,2.4493,0.0,0.0,0.0,0.0,http://45.142.214.18/cgi-bin/webscr?cmd=_login-submit,1
47.0,13.0,2.0,3.0,0.0,2.0,1.0,0.0,1.0,16.0,0.3404,2.8151,0.0,0.0,0.0,0.0,http://198.51.100.42/auth/signin?session=411142,1
33.0,9.0,0.0,1.0,0.0,2.0,0.0,1.0,0.0,1.0,0.0303,2.9477,0.0,0.0,0.0,0.0,https://apple.com/help/faq?page=2,0
54.0,13.0,0.0,1.0,0.0,0.0,0.0,1.0,0.0,4.0,0.0741,3.027,0.0,0.0,0.0,0.0,https://homedepot.com/community/discussions/topic/8821,0
53.0,13.0,0.0,2.0,1.0,1.0,0.0,1.0,0.0,3.0,0.0566,3.3347,0.0,0.0,0.0,0.0,https://kubernetes.io/downloads/releases/version-3.13,0
49.0,9.0,0.0,1.0,2.0,2.0,0.0,1.0,1.0,4.0,0.0816,2.9477,0.0,0.0,0.0,0.0,https://slack.com/news/2026/global-markets-update,0
41.0,11.0,1.0,2.0,0.0,0.0,0.0,1.0,0.0,0.0,0.0,3.0958,0.0,0.0,0.0,0.0,https://app.mit.edu/user/profile/settings,0
53.0,14.0,1.0,2.0,0.0,0.0,0.0,1.0,0.0,0.0,0.0,3.5216,0.0,0.0,0.0,0.0,https://news.quora.com/categories/technology/software,0
107.0,20.0,0.0,2.0,3.0,9.0,0.0,1.0,6.0,5.0,0.0467,3.8842,0.0,0.0,2.0,0.0,https://verification-hub.com/gateway?url=http://coinbase-security-confirm.xyz/login&next=verify&token=51050,1
63.0,11.0,0.0,1.0,3.0,5.0,0.0,1.0,0.0,0.0,0.0,3.2776,0.0,0.0,0.0,0.0,https://spotify.com/guide/getting-started-with-python?mode=dark,0
47.0,13.0,2.0,4.0,1.0,1.0,1.0,0.0,3.0,10.0,0.2128,2.4493,0.0,0.0,0.0,0.0,http://194.26.29.112/secure/verify-account.html,1
99.0,14.0,0.0,2.0,3.0,9.0,0.0,0.0,6.0,5.0,0.0505,3.3788,0.0,0.0,2.0,1.0,http://auth-portal.ml/gateway?url=http://outlook-security-confirm.xyz/login&next=verify&token=52361,1
42.0,25.0,0.0,2.0,2.0,2.0,0.0,0.0,2.0,1.0,0.0238,3.6537,0.0,0.0,0.0,0.0,http://paypa1-account-center.com/login.php,1
55.0,8.0,0.0,1.0,1.0,1.0,0.0,1.0,1.0,4.0,0.0727,3.0,0.0,0.0,0.0,0.0,https://uber.com/blog/article/2026/cybersecurity-trends,0
53.0,14.0,0.0,1.0,2.0,2.0,0.0,0.0,1.0,4.0,0.0755,3.5216,0.0,0.0,0.0,0.0,http://wellsfargo.com/news/2026/global-markets-update,0
50.0,10.0,0.0,2.0,1.0,1.0,0.0,1.0,0.0,3.0,0.06,2.9219,0.0,0.0,0.0,0.0,https://docker.com/downloads/releases/version-3.13,0
45.0,13.0,2.0,4.0,1.0,3.0,1.0,0.0,1.0,10.0,0.2222,2.4493,0.0,0.0,0.0,0.0,http://45.142.214.18/login.php?ref=adobe-sign,1
102.0,18.0,0.0,2.0,3.0,9.0,0.0,1.0,6.0,5.0,0.049,3.281,1.0,0.0,2.0,1.0,https://account-center.cam/gateway?url=http://chase-security-confirm.xyz/login&next=verify&token=32615,1
67.0,30.0,0.0,2.0,2.0,2.0,0.0,0.0,3.0,7.0,0.1045,4.0151,0.0,0.0,0.0,1.0,http://office365-confirm-identity.xyz/verify/user/2922/security.php,1
47.0,7.0,0.0,1.0,2.0,2.0,0.0,1.0,1.0,4.0,0.0851,2.2359,0.0,0.0,0.0,0.0,https://cnn.com/news/2026/global-markets-update,0
39.0,11.0,0.0,1.0,0.0,2.0,0.0,1.0,0.0,0.0,0.0,3.2776,0.0,0.0,0.0,0.0,https://weather.com/contact?sort=recent,0
57.0,14.0,0.0,1.0,0.0,4.0,0.0,1.0,0.0,5.0,0.0877,3.5216,0.0,0.0,0.0,0.0,https://cloudflare.net/item?id=49204&category=electronics,0
24.0,10.0,0.0,1.0,0.0,0.0,0.0,1.0,0.0,0.0,0.0,3.3219,0.0,0.0,0.0,0.0,https://fastly.com/about,0
34.0,9.0,0.0,1.0,2.0,2.0,0.0,1.0,1.0,0.0,0.0,2.9477,0.0,0.0,0.0,0.0,https://apple.com/terms-of-service,0
125.0,48.0,0.0,2.0,5.0,8.0,0.0,0.0,10.0,6.0,0.048,4.119,1.0,0.0,0.0,0.0,http://security-facebook-verification-portal-update.com/account/signin/authenticate/step1/verify-password.php?client_id=40945,1
63.0,11.0,0.0,2.0,1.0,3.0,0.0,1.0,0.0,3.0,0.0476,3.2776,0.0,0.0,0.0,0.0,https://bestbuy.com/downloads/releases/version-3.13?sort=recent,0
25.0,8.0,0.0,1.0,0.0,0.0,0.0,1.0,0.0,0.0,0.0,3.0,0.0,0.0,0.0,0.0,https://bing.com/products,0
38.0,11.0,0.0,1.0,0.0,2.0,0.0,1.0,0.0,0.0,0.0,3.2776,0.0,0.0,0.0,0.0,https://weather.com/products?mode=dark,0
60.0,28.0,0.0,2.0,0.0,0.0,0.0,0.0,0.0,7.0,0.1167,4.209,0.0,0.0,0.0,1.0,http://e40kzuj2xorvork1djrwedbc.cam/gate/auth/127/index.html,1
57.0,17.0,1.0,3.0,1.0,1.0,0.0,1.0,1.0,3.0,0.0526,3.3816,0.0,0.0,0.0,0.0,https://support.vuejs.org/downloads/releases/version-3.13,0
24.0,8.0,0.0,1.0,0.0,0.0,0.0,1.0,0.0,0.0,0.0,3.0,0.0,0.0,0.0,0.0,https://uber.com/contact,0
127.0,50.0,0.0,2.0,6.0,9.0,0.0,0.0,10.0,6.0,0.0472,4.1493,0.0,0.0,0.0,0.0,http://security-adobe-sign-verification-portal-update.com/account/signin/authenticate/step1/verify-password.php?client_id=26116,1
35.0,11.0,0.0,1.0,0.0,2.0,0.0,1.0,0.0,0.0,0.0,3.2776,0.0,0.0,0.0,0.0,https://weather.com/about?mode=dark,0
59.0,12.0,0.0,1.0,0.0,2.0,0.0,1.0,0.0,0.0,0.0,3.4183,0.0,0.0,0.0,0.0,https://stanford.edu/categories/technology/software?lang=en,0
43.0,25.0,0.0,2.0,2.0,2.0,0.0,1.0,2.0,1.0,0.0233,3.7835,0.0,0.0,0.0,1.0,https://paypa1-account-center.xyz/login.php,1
62.0,24.0,0.0,2.0,2.0,2.0,0.0,1.0,4.0,4.0,0.0645,3.7516,1.0,0.0,0.0,1.0,https://chase-billing-alert.club/verify/user/6722/security.php,1
124.0,46.0,0.0,2.0,5.0,8.0,0.0,1.0,10.0,6.0,0.0484,4.0915,1.0,0.0,0.0,0.0,https://security-amazon-verification-portal-update.com/account/signin/authenticate/step1/verify-password.php?client_id=34987,1
45.0,28.0,0.0,2.0,2.0,2.0,0.0,0.0,2.0,1.0,0.0222,3.682,0.0,0.0,0.0,0.0,http://micros0ft-account-center.net/login.php,1
49.0,11.0,0.0,1.0,0.0,0.0,0.0,1.0,0.0,1.0,0.0204,3.0272,0.0,0.0,0.0,0.0,https://dropbox.com/documentation/api/v2/overview,0
38.0,13.0,0.0,1.0,2.0,2.0,0.0,1.0,1.0,0.0,0.0,3.027,0.0,0.0,0.0,0.0,https://microsoft.com/terms-of-service,0
85.0,37.0,3.0,4.0,0.0,5.0,0.0,0.0,4.0,5.0,0.0588,3.7693,0.0,0.0,1.0,0.0,http://metamask.verify.service.servehttp.com/signin?session_id=81770&redirect=account,1
34.0,11.0,0.0,1.0,1.0,1.0,0.0,1.0,0.0,0.0,0.0,2.914,0.0,0.0,0.0,0.0,https://harvard.edu/privacy-policy,0
29.0,13.0,0.0,1.0,0.0,0.0,0.0,1.0,0.0,0.0,0.0,3.3927,0.0,0.0,0.0,0.0,https://instagram.com/contact,0
41.0,13.0,2.0,3.0,0.0,0.0,1.0,0.0,1.0,14.0,0.3415,2.7193,0.0,0.0,0.0,0.0,http://192.168.1.105/verification/id/8906,1
59.0,12.0,0.0,1.0,1.0,1.0,0.0,1.0,1.0,4.0,0.0678,3.2516,0.0,0.0,0.0,0.0,https://linkedin.com/blog/article/2026/cybersecurity-trends,0
127.0,50.0,0.0,2.0,5.0,8.0,0.0,0.0,10.0,6.0,0.0472,4.1737,1.0,0.0,0.0,0.0,http://security-wellsfargo-verification-portal-update.com/account/signin/authenticate/step1/verify-password.php?client_id=46247,1
125.0,47.0,0.0,2.0,5.0,8.0,0.0,1.0,10.0,6.0,0.048,4.1369,1.0,0.0,0.0,0.0,https://security-dropbox-verification-portal-update.com/account/signin/authenticate/step1/verify-password.php?client_id=63015,1
42.0,25.0,0.0,2.0,2.0,2.0,0.0,0.0,2.0,1.0,0.0238,3.5631,0.0,0.0,0.0,1.0,http://paypa1-account-center.top/login.php,1
26.0,12.0,0.0,1.0,0.0,0.0,0.0,1.0,0.0,0.0,0.0,3.2516,0.0,0.0,0.0,0.0,https://linkedin.com/about,0
37.0,10.0,0.0,1.0,0.0,2.0,0.0,1.0,0.0,0.0,0.0,3.3219,0.0,0.0,0.0,0.0,https://gitlab.com/help/faq?mode=dark,0
107.0,19.0,0.0,2.0,3.0,9.0,0.0,0.0,6.0,5.0,0.0467,3.4714,1.0,0.0,2.0,1.0,http://account-center.work/gateway?url=http://wellsfargo-security-confirm.xyz/login&next=verify&token=83716,1
108.0,21.0,0.0,2.0,3.0,9.0,0.0,1.0,6.0,5.0,0.0463,3.8802,0.0,0.0,2.0,1.0,https://verification-hub.rest/gateway?url=http://coinbase-security-confirm.xyz/login&next=verify&token=41927,1
44.0,14.0,2.0,4.0,0.0,2.0,1.0,0.0,1.0,11.0,0.25,2.7534,0.0,0.0,0.0,0.0,http://23.227.198.203/login.php?ref=coinbase,1
47.0,13.0,2.0,4.0,1.0,1.0,1.0,0.0,3.0,10.0,0.2128,2.4493,0.0,0.0,0.0,0.0,http://45.142.214.18/secure/verify-account.html,1
27.0,10.0,0.0,1.0,0.0,0.0,0.0,1.0,0.0,0.0,0.0,2.9219,0.0,0.0,0.0,0.0,https://zillow.com/products,0
61.0,14.0,0.0,1.0,1.0,1.0,0.0,1.0,1.0,4.0,0.0656,3.2359,0.0,0.0,0.0,0.0,https://salesforce.com/blog/article/2026/cybersecurity-trends,0
63.0,30.0,0.0,2.0,0.0,0.0,0.0,1.0,0.0,12.0,0.1905,4.4151,0.0,0.0,0.0,1.0,https://c9ogps0132an417vf0jqqnvce.club/gate/auth/300/index.html,1
62.0,15.0,0.0,1.0,1.0,1.0,0.0,1.0,1.0,4.0,0.0645,3.5069,0.0,0.0,0.0,0.0,https://tripadvisor.com/blog/article/2026/cybersecurity-trends,0
55.0,24.0,0.0,1.0,2.0,5.0,0.0,0.0,2.0,6.0,0.1091,3.8868,1.0,0.0,0.0,0.0,http://netflix-auth-session.com/login?auth_token=303846,1
35.0,7.0,0.0,1.0,0.0,2.0,0.0,1.0,0.0,2.0,0.0571,2.5216,0.0,0.0,0.0,0.0,https://cdc.gov/watch?v=dQw4w9WgXcQ,0
35.0,10.0,0.0,1.0,2.0,2.0,0.0,1.0,1.0,0.0,0.0,3.1219,0.0,0.0,0.0,0.0,https://forbes.com/terms-of-service,0
53.0,13.0,2.0,3.0,2.0,5.0,1.0,0.0,3.0,10.0,0.1887,2.8151,0.0,0.0,0.0,0.0,http://198.51.100.42/cgi-bin/webscr?cmd=_login-submit,1
48.0,14.0,2.0,3.0,0.0,2.0,1.0,0.0,1.0,17.0,0.3542,2.7534,0.0,0.0,0.0,0.0,http://91.240.118.172/auth/signin?session=581037,1
45.0,28.0,0.0,2.0,2.0,2.0,0.0,0.0,2.0,1.0,0.0222,3.6959,0.0,0.0,0.0,0.0,http://micros0ft-account-center.com/login.php,1
59.0,27.0,0.0,2.0,0.0,0.0,0.0,0.0,0.0,11.0,0.1864,4.0323,0.0,0.0,0.0,1.0,http://39ag77q9vjuhbp9vrnegn2b4.gq/gate/auth/210/index.html,1
50.0,33.0,0.0,2.0,3.0,3.0,0.0,0.0,3.0,1.0,0.02,3.7259,0.0,0.0,0.0,1.0,http://app1e-security-account-center.top/login.php,1
47.0,13.0,2.0,3.0,0.0,2.0,1.0,0.0,1.0,16.0,0.3404,2.4493,0.0,0.0,0.0,0.0,http://45.142.214.18/auth/signin?session=228356,1
39.0,9.0,0.0,1.0,0.0,0.0,0.0,1.0,0.0,0.0,0.0,2.9477,0.0,0.0,0.0,0.0,https://apple.com/user/profile/settings,0
42.0,14.0,2.0,4.0,0.0,2.0,1.0,0.0,1.0,11.0,0.2619,2.7534,1.0,0.0,0.0,0.0,http://193.106.191.28/login.php?ref=paypal,1
53.0,21.0,0.0,2.0,0.0,0.0,0.0,0.0,0.0,11.0,0.2075,3.7849,0.0,0.0,0.0,1.0,http://5b1sa3y5t37szpf9s9.ga/gate/auth/860/index.html,1
67.0,29.0,0.0,2.0,2.0,2.0,0.0,1.0,3.0,4.0,0.0597,3.8404,1.0,0.0,0.0,0.0,https://facebook-confirm-identity.com/verify/user/3182/security.php,1
46.0,21.0,1.0,2.0,2.0,2.0,0.0,1.0,2.0,0.0,0.0,3.3447,0.0,0.0,0.0,0.0,https://support.microsoft.com/terms-of-service,0
123.0,46.0,0.0,2.0,5.0,8.0,0.0,0.0,10.0,6.0,0.0488,4.0316,1.0,0.0,0.0,0.0,http://security-paypal-verification-portal-update.com/account/signin/authenticate/step1/verify-password.php?client_id=95220,1
41.0,13.0,0.0,1.0,0.0,2.0,0.0,1.0,0.0,2.0,0.0488,3.027,0.0,0.0,0.0,0.0,https://homedepot.com/watch?v=dQw4w9WgXcQ,0
101.0,15.0,0.0,2.0,3.0,9.0,0.0,0.0,6.0,5.0,0.0495,3.5069,0.0,0.0,2.0,1.0,http://auth-portal.icu/gateway?url=http://coinbase-security-confirm.xyz/login&next=verify&token=49769,1
61.0,14.0,0.0,1.0,1.0,1.0,0.0,1.0,1.0,4.0,0.0656,3.2359,0.0,0.0,0.0,0.0,https://craigslist.org/blog/article/2026/cybersecurity-trends,0
51.0,10.0,0.0,1.0,0.0,0.0,0.0,1.0,0.0,4.0,0.0784,3.3219,0.0,0.0,0.0,0.0,https://stripe.com/community/discussions/topic/8821,0
48.0,9.0,0.0,1.0,0.0,0.0,0.0,1.0,0.0,0.0,0.0,2.9477,0.0,0.0,0.0,0.0,https://slack.com/categories/technology/software,0
54.0,11.0,0.0,1.0,0.0,4.0,0.0,1.0,0.0,0.0,0.0,3.2776,0.0,0.0,0.0,0.0,https://weather.com/search?q=machine+learning+tutorial,0
20.0,12.0,0.0,1.0,0.0,0.0,0.0,1.0,0.0,0.0,0.0,3.0221,0.0,0.0,0.0,0.0,https://doordash.com,0
35.0,10.0,0.0,1.0,0.0,2.0,0.0,1.0,0.0,0.0,0.0,2.6464,0.0,0.0,0.0,0.0,https://google.com/help/faq?lang=en,0
58.0,17.0,0.0,1.0,0.0,0.0,0.0,1.0,0.0,4.0,0.069,3.6901,0.0,0.0,0.0,0.0,https://stackoverflow.com/community/discussions/topic/8821,0
43.0,25.0,0.0,2.0,2.0,2.0,0.0,1.0,2.0,2.0,0.0465,3.6733,0.0,0.0,0.0,1.0,https://g00gle-account-center.top/login.php,1
28.0,11.0,0.0,1.0,0.0,0.0,0.0,1.0,1.0,0.0,0.0,3.2776,0.0,0.0,0.0,0.0,https://nytimes.com/services,0
55.0,22.0,0.0,2.0,0.0,0.0,0.0,1.0,0.0,7.0,0.1273,3.8231,0.0,0.0,0.0,1.0,https://xzj9mj9xxlb57aukhq.xyz/gate/auth/136/index.html,1
40.0,12.0,0.0,1.0,0.0,2.0,0.0,1.0,0.0,2.0,0.05,3.4183,0.0,0.0,0.0,0.0,https://stanford.edu/watch?v=dQw4w9WgXcQ,0
40.0,15.0,0.0,1.0,2.0,2.0,0.0,1.0,1.0,0.0,0.0,3.7736,0.0,0.0,0.0,0.0,https://theguardian.com/terms-of-service,0
56.0,24.0,0.0,1.0,2.0,5.0,0.0,1.0,4.0,6.0,0.1071,3.8554,1.0,0.0,0.0,0.0,https://chase-verify-account.net/login?auth_token=128142,1
51.0,22.0,1.0,2.0,0.0,0.0,0.0,0.0,0.0,0.0,0.0,3.6978,0.0,0.0,0.0,0.0,http://community.vanguard.com/user/profile/settings,0
56.0,13.0,0.0,1.0,0.0,4.0,0.0,1.0,0.0,5.0,0.0893,3.027,0.0,0.0,0.0,0.0,https://homedepot.com/item?id=49204&category=electronics,0
85.0,36.0,3.0,4.0,0.0,5.0,0.0,1.0,4.0,5.0,0.0588,4.086,1.0,0.0,1.0,0.0,https://amazon.verify.validation.duckdns.org/signin?session_id=79594&redirect=account,1
67.0,27.0,0.0,2.0,3.0,3.0,0.0,1.0,5.0,0.0,0.0,3.9121,0.0,0.0,0.0,1.0,https://coinbase-wallet-recovery.ga/account/update-credentials.html,1
54.0,21.0,0.0,2.0,0.0,0.0,0.0,1.0,0.0,10.0,0.1852,3.6538,0.0,0.0,0.0,1.0,https://6d86zchhxa7hy7ai33.ga/gate/auth/499/index.html,1
44.0,13.0,2.0,4.0,0.0,2.0,1.0,0.0,1.0,10.0,0.2273,2.8151,1.0,0.0,0.0,0.0,http://198.51.100.42/login.php?ref=microsoft,1
54.0,9.0,0.0,1.0,0.0,2.0,0.0,1.0,0.0,2.0,0.037,2.9477,0.0,0.0,0.0,0.0,https://quora.com/documentation/api/v2/overview?page=2,0
41.0,8.0,0.0,1.0,1.0,3.0,0.0,1.0,0.0,0.0,0.0,3.0,0.0,0.0,0.0,0.0,https://bing.com/privacy-policy?mode=dark,0
50.0,33.0,0.0,2.0,3.0,3.0,0.0,0.0,3.0,1.0,0.02,3.8849,0.0,0.0,0.0,0.0,http://netf1ix-verify-account-center.com/login.php,1
39.0,13.0,0.0,1.0,0.0,2.0,0.0,1.0,0.0,0.0,0.0,3.3347,0.0,0.0,0.0,0.0,https://wikipedia.org/help/faq?ref=home,0
54.0,14.0,0.0,1.0,2.0,2.0,0.0,1.0,1.0,4.0,0.0741,2.8963,0.0,0.0,0.0,0.0,https://duckduckgo.com/news/2026/global-markets-update,0
64.0,14.0,1.0,2.0,3.0,5.0,0.0,1.0,0.0,0.0,0.0,3.3788,0.0,0.0,0.0,0.0,https://dev.target.com/guide/getting-started-with-python?lang=en,0
126.0,49.0,0.0,2.0,5.0,8.0,0.0,0.0,10.0,6.0,0.0476,4.016,1.0,0.0,0.0,0.0,http://security-microsoft-verification-portal-update.com/account/signin/authenticate/step1/verify-password.php?client_id=27351,1
58.0,10.0,0.0,1.0,0.0,2.0,0.0,1.0,0.0,0.0,0.0,2.7219,0.0,0.0,0.0,0.0,https://amazon.com/categories/technology/software?ref=home,0
66.0,34.0,0.0,2.0,0.0,0.0,0.0,0.0,0.0,12.0,0.1818,4.477,0.0,0.0,0.0,1.0,http://h7ppcaduvl911zsb8lv6tx0tbkg8b3.icu/gate/auth/544/index.html,1
54.0,11.0,0.0,1.0,0.0,4.0,0.0,1.0,0.0,0.0,0.0,2.914,0.0,0.0,0.0,0.0,https://harvard.edu/search?q=machine+learning+tutorial,0
48.0,14.0,2.0,3.0,0.0,2.0,1.0,0.0,1.0,17.0,0.3542,2.4138,0.0,0.0,0.0,0.0,http://103.208.220.12/auth/signin?session=536294,1
52.0,12.0,1.0,2.0,2.0,2.0,0.0,1.0,1.0,4.0,0.0769,3.4183,0.0,0.0,0.0,0.0,https://dev.bing.com/news/2026/global-markets-update,0
55.0,22.0,0.0,2.0,0.0,0.0,0.0,1.0,0.0,8.0,0.1455,3.914,0.0,0.0,0.0,1.0,https://6vgtvyfyk3md6x73zca.ga/gate/auth/896/index.html,1
62.0,13.0,0.0,1.0,2.0,4.0,0.0,1.0,1.0,5.0,0.0806,3.027,0.0,0.0,0.0,0.0,https://w3schools.com/news/2026/global-markets-update?ref=home,0
86.0,38.0,3.0,4.0,0.0,5.0,0.0,0.0,3.0,8.0,0.093,4.0407,0.0,0.0,1.0,0.0,http://office365.account.validation.zapto.org/signin?session_id=34608&redirect=account,1
65.0,33.0,0.0,2.0,0.0,0.0,0.0,0.0,0.0,7.0,0.1077,4.3926,0.0,0.0,0.0,1.0,http://dowx1h4rmpnfgaglsxkugwcdz6x4f.top/gate/auth/645/index.html,1
124.0,47.0,0.0,2.0,5.0,8.0,0.0,0.0,10.0,6.0,0.0484,4.1027,1.0,0.0,0.0,0.0,http://security-netflix-verification-portal-update.com/account/signin/authenticate/step1/verify-password.php?client_id=49438,1
104.0,20.0,0.0,2.0,3.0,9.0,0.0,0.0,6.0,5.0,0.0481,3.8842,1.0,0.0,2.0,1.0,http://verification-hub.top/gateway?url=http://google-security-confirm.xyz/login&next=verify&token=21668,1
45.0,28.0,0.0,2.0,2.0,2.0,0.0,0.0,2.0,1.0,0.0222,3.7804,0.0,0.0,0.0,1.0,http://micros0ft-account-center.top/login.php,1
62.0,19.0,1.0,2.0,0.0,4.0,0.0,1.0,0.0,0.0,0.0,3.7216,0.0,0.0,0.0,0.0,https://community.react.dev/search?q=machine+learning+tutorial,0
82.0,34.0,3.0,4.0,0.0,5.0,0.0,0.0,4.0,5.0,0.061,3.9842,0.0,0.0,1.0,0.0,http://metamask.login.service.duckdns.org/signin?session_id=46429&redirect=account,1
56.0,13.0,0.0,1.0,0.0,4.0,0.0,1.0,0.0,0.0,0.0,3.3927,0.0,0.0,0.0,0.0,https://instagram.com/search?q=machine+learning+tutorial,0
69.0,26.0,0.0,1.0,3.0,8.0,0.0,0.0,2.0,4.0,0.058,3.6574,0.0,0.0,0.0,1.0,http://metamask-login-attempt.fit/webscr?cmd=_login-run&dispatch=4774,1
68.0,31.0,0.0,2.0,2.0,2.0,0.0,0.0,2.0,4.0,0.0588,3.8732,1.0,0.0,0.0,1.0,http://amazon-suspicious-activity.rest/verify/user/7437/security.php,1
48.0,9.0,0.0,1.0,0.0,2.0,0.0,1.0,0.0,0.0,0.0,2.7255,0.0,0.0,0.0,0.0,https://vimeo.com/user/profile/settings?ref=home,0
53.0,13.0,2.0,3.0,2.0,5.0,1.0,0.0,3.0,10.0,0.1887,2.5074,0.0,0.0,0.0,0.0,http://185.220.101.5/cgi-bin/webscr?cmd=_login-submit,1
129.0,52.0,0.0,2.0,6.0,9.0,0.0,0.0,10.0,6.0,0.0465,4.1939,1.0,0.0,0.0,0.0,http://security-dhl-tracking-verification-portal-update.com/account/signin/authenticate/step1/verify-password.php?client_id=91143,1
36.0,11.0,0.0,1.0,2.0,2.0,0.0,1.0,1.0,0.0,0.0,3.0958,0.0,0.0,0.0,0.0,https://mozilla.org/terms-of-service,0
105.0,19.0,0.0,2.0,3.0,9.0,0.0,0.0,6.0,5.0,0.0476,3.8924,1.0,0.0,2.0,1.0,http://verification-hub.ga/gateway?url=http://linkedin-security-confirm.xyz/login&next=verify&token=66087,1
127.0,50.0,0.0,2.0,6.0,9.0,0.0,0.0,10.0,6.0,0.0472,4.1493,0.0,0.0,0.0,0.0,http://security-adobe-sign-verification-portal-update.com/account/signin/authenticate/step1/verify-password.php?client_id=69699,1
106.0,14.0,0.0,2.0,4.0,10.0,0.0,0.0,6.0,5.0,0.0472,3.5216,1.0,0.0,2.0,1.0,http://auth-portal.cf/gateway?url=http://fedex-delivery-security-confirm.xyz/login&next=verify&token=60070,1
42.0,13.0,2.0,4.0,0.0,2.0,1.0,0.0,1.0,10.0,0.2381,2.4493,1.0,0.0,0.0,0.0,http://45.142.214.18/login.php?ref=netflix,1
81.0,32.0,3.0,4.0,0.0,5.0,0.0,1.0,4.0,5.0,0.0617,3.8903,1.0,0.0,1.0,0.0,https://linkedin.secure.portal.hopto.org/signin?session_id=96108&redirect=account,1
40.0,15.0,1.0,2.0,2.0,2.0,0.0,1.0,1.0,0.0,0.0,3.2402,0.0,0.0,0.0,0.0,https://blog.paypal.com/terms-of-service,0
52.0,10.0,0.0,1.0,3.0,3.0,0.0,1.0,0.0,0.0,0.0,2.9219,0.0,0.0,0.0,0.0,https://zillow.com/guide/getting-started-with-python,0
49.0,32.0,0.0,2.0,3.0,3.0,0.0,0.0,3.0,1.0,0.0204,3.6556,0.0,0.0,0.0,0.0,http://app1e-security-account-center.cc/login.php,1
41.0,13.0,0.0,1.0,0.0,2.0,0.0,1.0,0.0,2.0,0.0488,3.027,0.0,0.0,0.0,0.0,https://homedepot.com/watch?v=dQw4w9WgXcQ,0
53.0,13.0,0.0,1.0,0.0,2.0,0.0,1.0,0.0,0.0,0.0,3.027,0.0,0.0,0.0,0.0,https://microsoft.com/user/profile/settings?mode=dark,0
53.0,10.0,0.0,1.0,0.0,4.0,0.0,1.0,0.0,0.0,0.0,3.3219,0.0,0.0,0.0,0.0,https://fastly.com/search?q=machine+learning+tutorial,0
36.0,11.0,0.0,1.0,2.0,2.0,0.0,1.0,1.0,0.0,0.0,3.0272,0.0,0.0,0.0,0.0,https://booking.com/terms-of-service,0
34.0,11.0,0.0,1.0,1.0,1.0,0.0,1.0,0.0,0.0,0.0,3.2776,0.0,0.0,0.0,0.0,https://spotify.com/privacy-policy,0
66.0,26.0,0.0,2.0,3.0,3.0,0.0,1.0,5.0,0.0,0.0,3.6612,0.0,0.0,0.0,0.0,https://metamask-billing-alert.net/account/update-credentials.html,1
51.0,12.0,0.0,1.0,0.0,0.0,0.0,1.0,0.0,0.0,0.0,3.4183,0.0,0.0,0.0,0.0,https://fidelity.com/categories/technology/software,0
48.0,9.0,0.0,1.0,0.0,0.0,0.0,1.0,0.0,0.0,0.0,2.7255,0.0,0.0,0.0,0.0,https://vimeo.com/categories/technology/software,0
27.0,19.0,1.0,2.0,0.0,0.0,0.0,1.0,0.0,0.0,0.0,3.7871,0.0,0.0,0.0,0.0,https://api.theguardian.com,0
73.0,30.0,0.0,1.0,3.0,8.0,0.0,0.0,4.0,5.0,0.0685,4.0281,1.0,0.0,0.0,1.0,http://linkedin-2fa-verification.buzz/webscr?cmd=_login-run&dispatch=5992,1
76.0,33.0,0.0,1.0,3.0,8.0,0.0,0.0,2.0,7.0,0.0921,4.1044,0.0,0.0,0.0,1.0,http://office365-renew-subscription.work/webscr?cmd=_login-run&dispatch=8271,1
26.0,12.0,1.0,2.0,0.0,0.0,0.0,1.0,0.0,0.0,0.0,2.8554,0.0,0.0,0.0,0.0,https://docs.zoom.us/about,0
42.0,18.0,1.0,2.0,0.0,2.0,0.0,1.0,0.0,1.0,0.0238,3.7255,0.0,0.0,0.0,0.0,https://blog.pinterest.com/products?page=2,0
62.0,22.0,0.0,2.0,3.0,3.0,0.0,1.0,5.0,0.0,0.0,3.7322,1.0,0.0,0.0,1.0,https://chase-billing-alert.ml/account/update-credentials.html,1
53.0,13.0,0.0,1.0,2.0,2.0,0.0,1.0,1.0,4.0,0.0755,3.3927,0.0,0.0,0.0,0.0,https://instagram.com/news/2026/global-markets-update,0
58.0,25.0,0.0,2.0,0.0,0.0,0.0,1.0,0.0,8.0,0.1379,3.8635,0.0,0.0,0.0,1.0,https://qkxbi6jjtb8qop82j3tps.fit/gate/auth/913/index.html,1
44.0,20.0,1.0,2.0,0.0,2.0,0.0,1.0,0.0,0.0,0.0,3.2414,0.0,0.0,0.0,0.0,https://community.medium.com/about?mode=dark,0
27.0,13.0,0.0,1.0,0.0,0.0,0.0,1.0,0.0,0.0,0.0,3.027,0.0,0.0,0.0,0.0,https://bloomberg.com/about,0
56.0,16.0,1.0,2.0,2.0,2.0,0.0,1.0,1.0,4.0,0.0714,3.4528,0.0,0.0,0.0,0.0,https://api.linkedin.com/news/2026/global-markets-update,0
82.0,34.0,3.0,4.0,0.0,5.0,0.0,0.0,3.0,8.0,0.0976,3.8888,0.0,0.0,1.0,0.0,http://office365.account.service.ddns.net/signin?session_id=17956&redirect=account,1
111.0,19.0,0.0,2.0,3.0,9.0,0.0,1.0,7.0,5.0,0.045,3.7871,1.0,0.0,2.0,1.0,https://verification-hub.cf/gateway?url=http://bankofamerica-security-confirm.xyz/login&next=verify&token=36777,1
80.0,31.0,3.0,4.0,0.0,5.0,0.0,1.0,4.0,5.0,0.0625,3.9378,0.0,0.0,1.0,0.0,https://coinbase.verify.portal.ddns.net/signin?session_id=63265&redirect=account,1
63.0,30.0,0.0,2.0,0.0,0.0,0.0,1.0,0.0,9.0,0.1429,4.4151,0.0,0.0,0.0,1.0,https://e22tw1bytxza43holdu7jpmmqza.ml/gate/auth/742/index.html,1
105.0,20.0,0.0,2.0,3.0,9.0,0.0,0.0,6.0,5.0,0.0476,3.8842,1.0,0.0,2.0,0.0,http://verification-hub.com/gateway?url=http://appleid-security-confirm.xyz/login&next=verify&token=20031,1
53.0,13.0,0.0,2.0,1.0,1.0,0.0,1.0,0.0,4.0,0.0755,3.027,0.0,0.0,0.0,0.0,https://w3schools.com/downloads/releases/version-3.13,0
81.0,33.0,3.0,4.0,0.0,5.0,0.0,0.0,4.0,5.0,0.0617,3.7594,1.0,0.0,1.0,0.0,http://chase.verify.service.bounceme.net/signin?session_id=75679&redirect=account,1
66.0,34.0,0.0,2.0,0.0,0.0,0.0,0.0,0.0,9.0,0.1364,4.3738,0.0,0.0,0.0,1.0,http://asjtk3lirhxrhgtw4cy4f1r9cfwow7.icu/gate/auth/368/index.html,1
127.0,49.0,0.0,2.0,5.0,8.0,0.0,1.0,10.0,9.0,0.0709,4.1887,0.0,0.0,0.0,0.0,https://security-office365-verification-portal-update.com/account/signin/authenticate/step1/verify-password.php?client_id=19766,1
66.0,27.0,0.0,2.0,4.0,4.0,0.0,0.0,4.0,0.0,0.0,3.9582,0.0,0.0,0.0,1.0,http://adobe-sign-login-attempt.cf/account/update-credentials.html,1
58.0,11.0,0.0,1.0,1.0,1.0,0.0,1.0,1.0,4.0,0.069,3.0958,0.0,0.0,0.0,0.0,https://youtube.com/blog/article/2026/cybersecurity-trends,0
65.0,16.0,1.0,2.0,2.0,4.0,0.0,1.0,1.0,4.0,0.0615,3.4528,0.0,0.0,0.0,0.0,https://docs.mozilla.org/news/2026/global-markets-update?ref=home,0
52.0,11.0,0.0,1.0,0.0,0.0,0.0,1.0,0.0,4.0,0.0769,3.2776,0.0,0.0,0.0,0.0,https://nytimes.com/community/discussions/topic/8821,0
24.0,16.0,1.0,2.0,0.0,0.0,0.0,1.0,0.0,0.0,0.0,3.4528,0.0,0.0,0.0,0.0,https://docs.mozilla.org,0
59.0,28.0,0.0,1.0,2.0,5.0,0.0,0.0,3.0,6.0,0.1017,3.9677,1.0,0.0,0.0,1.0,http://facebook-confirm-identity.ml/login?auth_token=235073,1
100.0,16.0,0.0,2.0,3.0,9.0,0.0,0.0,6.0,5.0,0.05,3.4528,1.0,0.0,2.0,1.0,http://auth-portal.rest/gateway?url=http://google-security-confirm.xyz/login&next=verify&token=45296,1
102.0,19.0,0.0,2.0,3.0,9.0,0.0,0.0,6.0,5.0,0.049,3.4058,1.0,0.0,2.0,1.0,http://account-center.club/gateway?url=http://chase-security-confirm.xyz/login&next=verify&token=91665,1
61.0,28.0,0.0,2.0,0.0,0.0,0.0,1.0,0.0,11.0,0.1803,3.7804,0.0,0.0,0.0,1.0,https://qu0k5qzzkw3gi60q6guo8i5jw.gq/gate/auth/782/index.html,1
48.0,14.0,2.0,4.0,1.0,1.0,1.0,0.0,3.0,11.0,0.2292,2.7534,0.0,0.0,0.0,0.0,http://91.240.118.172/secure/verify-account.html,1
63.0,25.0,1.0,2.0,0.0,0.0,0.0,1.0,2.0,1.0,0.0159,3.8635,0.0,0.0,0.0,0.0,https://support.bankofamerica.com/documentation/api/v2/overview,0
59.0,12.0,0.0,1.0,1.0,1.0,0.0,1.0,1.0,4.0,0.0678,3.4183,0.0,0.0,0.0,0.0,https://vanguard.com/blog/article/2026/cybersecurity-trends,0
27.0,10.0,0.0,1.0,0.0,0.0,0.0,1.0,0.0,0.0,0.0,2.8464,0.0,0.0,0.0,0.0,https://medium.com/help/faq,0
53.0,12.0,0.0,1.0,0.0,0.0,0.0,1.0,0.0,4.0,0.0755,3.2516,0.0,0.0,0.0,0.0,https://linkedin.com/community/discussions/topic/8821,0
40.0,12.0,0.0,1.0,0.0,2.0,0.0,1.0,0.0,2.0,0.05,3.4183,0.0,0.0,0.0,0.0,https://vanguard.com/watch?v=dQw4w9WgXcQ,0
107.0,20.0,0.0,2.0,3.0,9.0,0.0,1.0,6.0,5.0,0.0467,3.8842,1.0,0.0,2.0,1.0,https://verification-hub.top/gateway?url=http://linkedin-security-confirm.xyz/login&next=verify&token=24338,1
59.0,16.0,1.0,2.0,0.0,4.0,0.0,1.0,0.0,5.0,0.0847,3.625,0.0,0.0,0.0,0.0,https://blog.nytimes.com/item?id=49204&category=electronics,0
43.0,25.0,0.0,2.0,2.0,2.0,0.0,1.0,2.0,2.0,0.0465,3.6733,0.0,0.0,0.0,1.0,https://g00gle-account-center.top/login.php,1
50.0,32.0,0.0,2.0,3.0,3.0,0.0,1.0,3.0,1.0,0.02,3.6556,0.0,0.0,0.0,0.0,https://app1e-security-account-center.cc/login.php,1
49.0,13.0,2.0,4.0,1.0,3.0,1.0,0.0,1.0,10.0,0.2041,2.7193,1.0,0.0,0.0,0.0,http://192.168.1.105/login.php?ref=fedex-delivery,1
37.0,9.0,2.0,3.0,0.0,0.0,1.0,0.0,1.0,10.0,0.2703,2.1133,0.0,0.0,0.0,0.0,http://10.0.0.45/verification/id/6169,1
57.0,17.0,0.0,1.0,2.0,2.0,0.0,1.0,1.0,4.0,0.0702,3.6901,0.0,0.0,0.0,0.0,https://stackoverflow.com/news/2026/global-markets-update,0
131.0,53.0,0.0,2.0,5.0,8.0,0.0,1.0,11.0,6.0,0.0458,4.1219,1.0,0.0,0.0,0.0,https://security-bankofamerica-verification-portal-update.com/account/signin/authenticate/step1/verify-password.php?client_id=29258,1
26.0,10.0,0.0,1.0,0.0,0.0,0.0,1.0,0.0,0.0,0.0,3.1219,0.0,0.0,0.0,0.0,https://python.org/contact,0
86.0,38.0,3.0,4.0,0.0,5.0,0.0,0.0,3.0,5.0,0.0581,3.8828,1.0,0.0,1.0,0.0,http://instagram.account.portal.servehttp.com/signin?session_id=42472&redirect=account,1
106.0,19.0,0.0,2.0,3.0,9.0,0.0,1.0,6.0,5.0,0.0472,3.7871,1.0,0.0,2.0,1.0,https://verification-hub.cf/gateway?url=http://facebook-security-confirm.xyz/login&next=verify&token=63071,1
103.0,18.0,0.0,2.0,3.0,9.0,0.0,1.0,6.0,5.0,0.0485,3.281,1.0,0.0,2.0,1.0,https://account-center.cam/gateway?url=http://amazon-security-confirm.xyz/login&next=verify&token=87458,1
43.0,15.0,1.0,2.0,0.0,2.0,0.0,1.0,1.0,2.0,0.0465,3.3736,0.0,0.0,0.0,0.0,https://support.mit.edu/watch?v=dQw4w9WgXcQ,0
55.0,13.0,0.0,1.0,3.0,3.0,0.0,1.0,0.0,0.0,0.0,3.027,0.0,0.0,0.0,0.0,https://bloomberg.com/guide/getting-started-with-python,0
56.0,24.0,0.0,2.0,0.0,0.0,0.0,0.0,0.0,7.0,0.125,4.0535,0.0,0.0,0.0,1.0,http://3yxhzkiew6or6xn6lcpy.top/gate/auth/480/index.html,1
104.0,18.0,0.0,2.0,3.0,9.0,0.0,0.0,6.0,5.0,0.0481,3.4194,1.0,0.0,2.0,1.0,http://account-center.fit/gateway?url=http://linkedin-security-confirm.xyz/login&next=verify&token=54544,1
57.0,14.0,1.0,2.0,0.0,4.0,0.0,1.0,0.0,0.0,0.0,3.2359,0.0,0.0,0.0,0.0,https://dev.nodejs.org/search?q=machine+learning+tutorial,0
37.0,7.0,0.0,1.0,0.0,0.0,0.0,1.0,0.0,0.0,0.0,2.5216,0.0,0.0,0.0,0.0,https://zoom.us/user/profile/settings,0
70.0,33.0,0.0,2.0,3.0,3.0,0.0,0.0,4.0,4.0,0.0571,3.9832,1.0,0.0,0.0,0.0,http://fedex-delivery-secure-portal.info/verify/user/8698/security.php,1
65.0,33.0,0.0,2.0,0.0,0.0,0.0,0.0,0.0,6.0,0.0923,4.0518,0.0,0.0,0.0,1.0,http://wp8djkluyluyhetkduwtn5pepl7z.club/gate/auth/462/index.html,1
47.0,16.0,1.0,2.0,1.0,3.0,0.0,0.0,1.0,0.0,0.0,3.625,0.0,0.0,0.0,0.0,http://support.bing.com/privacy-policy?ref=home,0
54.0,14.0,1.0,2.0,2.0,2.0,0.0,1.0,1.0,4.0,0.0741,3.0391,0.0,0.0,0.0,0.0,https://aws.amazon.com/news/2026/global-markets-update,0
102.0,15.0,0.0,2.0,3.0,9.0,0.0,1.0,6.0,5.0,0.049,3.5069,0.0,0.0,2.0,0.0,https://auth-portal.com/gateway?url=http://coinbase-security-confirm.xyz/login&next=verify&token=87471,1
66.0,33.0,0.0,2.0,0.0,0.0,0.0,1.0,0.0,14.0,0.2121,4.2108,0.0,0.0,0.0,1.0,https://n8uujs75eltfebe5407k5w1jl6l9.rest/gate/auth/254/index.html,1
89.0,40.0,3.0,4.0,0.0,5.0,0.0,1.0,5.0,5.0,0.0562,3.8587,1.0,0.0,1.0,0.0,https://bankofamerica.secure.portal.bounceme.net/signin?session_id=11317&redirect=account,1
104.0,17.0,0.0,2.0,3.0,9.0,0.0,0.0,6.0,5.0,0.0481,3.2928,1.0,0.0,2.0,1.0,http://account-center.tk/gateway?url=http://instagram-security-confirm.xyz/login&next=verify&token=45117,1
54.0,14.0,0.0,2.0,1.0,1.0,0.0,1.0,0.0,3.0,0.0556,3.5216,0.0,0.0,0.0,0.0,https://cloudflare.net/downloads/releases/version-3.13,0
45.0,13.0,2.0,4.0,0.0,2.0,1.0,0.0,1.0,10.0,0.2222,2.4493,1.0,0.0,0.0,0.0,http://45.142.214.18/login.php?ref=wellsfargo,1
86.0,37.0,3.0,4.0,1.0,6.0,0.0,1.0,3.0,5.0,0.0581,4.1957,1.0,0.0,1.0,0.0,https://dhl-tracking.verify.auth.bounceme.net/signin?session_id=13046&redirect=account,1
15.0,7.0,0.0,1.0,0.0,0.0,0.0,1.0,0.0,0.0,0.0,2.2359,0.0,0.0,0.0,0.0,https://cnn.com,0
37.0,12.0,0.0,1.0,2.0,2.0,0.0,1.0,1.0,0.0,0.0,3.4183,0.0,0.0,0.0,0.0,https://stanford.edu/terms-of-service,0
67.0,11.0,0.0,1.0,1.0,3.0,0.0,1.0,1.0,4.0,0.0597,3.0272,0.0,0.0,0.0,0.0,https://booking.com/blog/article/2026/cybersecurity-trends?ref=home,0
39.0,18.0,2.0,3.0,0.0,2.0,0.0,1.0,0.0,1.0,0.0256,3.4194,0.0,0.0,0.0,0.0,https://dev.aws.amazon.com/about?page=2,0
43.0,13.0,2.0,4.0,0.0,2.0,1.0,0.0,1.0,10.0,0.2326,2.4493,1.0,0.0,0.0,0.0,http://194.26.29.112/login.php?ref=linkedin,1
71.0,17.0,1.0,2.0,1.0,3.0,0.0,1.0,1.0,5.0,0.0704,3.4548,0.0,0.0,0.0,0.0,https://app.pinterest.com/blog/article/2026/cybersecurity-trends?page=2,0
59.0,12.0,0.0,1.0,1.0,1.0,0.0,1.0,1.0,4.0,0.0678,3.0221,0.0,0.0,0.0,0.0,https://facebook.com/blog/article/2026/cybersecurity-trends,0
53.0,13.0,2.0,3.0,2.0,5.0,1.0,0.0,3.0,10.0,0.1887,2.4493,0.0,0.0,0.0,0.0,http://194.26.29.112/cgi-bin/webscr?cmd=_login-submit,1
106.0,20.0,0.0,2.0,3.0,9.0,0.0,1.0,6.0,5.0,0.0472,4.0842,1.0,0.0,2.0,1.0,https://verification-hub.xyz/gateway?url=http://dropbox-security-confirm.xyz/login&next=verify&token=16556,1
27.0,11.0,0.0,1.0,0.0,0.0,0.0,1.0,0.0,0.0,0.0,3.2776,0.0,0.0,0.0,0.0,https://weather.com/contact,0
42.0,25.0,0.0,2.0,2.0,2.0,0.0,0.0,2.0,2.0,0.0476,3.6733,0.0,0.0,0.0,1.0,http://g00gle-account-center.top/login.php,1
45.0,15.0,1.0,2.0,0.0,0.0,0.0,1.0,0.0,0.0,0.0,3.2402,0.0,0.0,0.0,0.0,https://news.nodejs.org/user/profile/settings,0
46.0,16.0,1.0,2.0,0.0,0.0,0.0,1.0,0.0,0.0,0.0,3.25,0.0,0.0,0.0,0.0,https://docs.booking.com/user/profile/settings,0
80.0,32.0,3.0,4.0,0.0,5.0,0.0,0.0,4.0,5.0,0.0625,3.8667,1.0,0.0,1.0,0.0,http://facebook.login.service.hopto.org/signin?session_id=81707&redirect=account,1
57.0,10.0,0.0,1.0,1.0,1.0,0.0,1.0,1.0,4.0,0.0702,3.1219,0.0,0.0,0.0,0.0,https://airbnb.com/blog/article/2026/cybersecurity-trends,0
23.0,9.0,0.0,1.0,0.0,0.0,0.0,1.0,0.0,0.0,0.0,2.9477,0.0,0.0,0.0,0.0,https://chase.com/about,0
50.0,33.0,0.0,2.0,3.0,3.0,0.0,0.0,3.0,1.0,0.02,3.8849,0.0,0.0,0.0,0.0,http://netf1ix-verify-account-center.com/login.php,1
47.0,13.0,2.0,4.0,1.0,1.0,1.0,0.0,3.0,10.0,0.2128,2.4493,0.0,0.0,0.0,0.0,http://194.26.29.112/secure/verify-account.html,1
54.0,14.0,2.0,3.0,2.0,5.0,1.0,0.0,3.0,11.0,0.2037,2.7534,0.0,0.0,0.0,0.0,http://91.240.118.172/cgi-bin/webscr?cmd=_login-submit,1
126.0,49.0,0.0,2.0,5.0,8.0,0.0,0.0,10.0,6.0,0.0476,4.016,1.0,0.0,0.0,0.0,http://security-microsoft-verification-portal-update.com/account/signin/authenticate/step1/verify-password.php?client_id=28844,1
46.0,28.0,0.0,2.0,2.0,2.0,0.0,1.0,2.0,1.0,0.0217,3.682,0.0,0.0,0.0,0.0,https://micros0ft-account-center.net/login.php,1
38.0,10.0,0.0,1.0,0.0,2.0,0.0,1.0,0.0,2.0,0.0526,3.1219,0.0,0.0,0.0,0.0,https://target.com/watch?v=dQw4w9WgXcQ,0
47.0,8.0,0.0,1.0,0.0,0.0,0.0,1.0,0.0,0.0,0.0,3.0,0.0,0.0,0.0,0.0,https://lyft.com/categories/technology/software,0
55.0,9.0,0.0,1.0,1.0,1.0,0.0,0.0,1.0,4.0,0.0727,2.9477,0.0,0.0,0.0,0.0,http://slack.com/blog/article/2026/cybersecurity-trends,0
126.0,49.0,0.0,2.0,5.0,8.0,0.0,0.0,10.0,6.0,0.0476,4.016,1.0,0.0,0.0,0.0,http://security-microsoft-verification-portal-update.com/account/signin/authenticate/step1/verify-password.php?client_id=18585,1
54.0,14.0,2.0,3.0,2.0,5.0,1.0,0.0,3.0,11.0,0.2037,2.7534,0.0,0.0,0.0,0.0,http://91.240.118.172/cgi-bin/webscr?cmd=_login-submit,1
106.0,20.0,0.0,2.0,3.0,9.0,0.0,0.0,6.0,5.0,0.0472,4.0842,0.0,0.0,2.0,1.0,http://verification-hub.xyz/gateway?url=http://coinbase-security-confirm.xyz/login&next=verify&token=38414,1
47.0,13.0,2.0,4.0,1.0,1.0,1.0,0.0,3.0,10.0,0.2128,2.4493,0.0,0.0,0.0,0.0,http://194.26.29.112/secure/verify-account.html,1
131.0,54.0,0.0,2.0,6.0,9.0,0.0,0.0,10.0,6.0,0.0458,4.0903,1.0,0.0,0.0,0.0,http://security-fedex-delivery-verification-portal-update.com/account/signin/authenticate/step1/verify-password.php?client_id=20740,1
68.0,30.0,0.0,2.0,2.0,2.0,0.0,1.0,2.0,4.0,0.0588,3.5274,1.0,0.0,0.0,1.0,https://paypal-suspicious-activity.icu/verify/user/5095/security.php,1
24.0,10.0,0.0,1.0,0.0,0.0,0.0,1.0,0.0,0.0,0.0,3.1219,0.0,0.0,0.0,0.0,https://nodejs.org/about,0
50.0,11.0,0.0,1.0,0.0,0.0,0.0,1.0,0.0,0.0,0.0,3.0958,0.0,0.0,0.0,0.0,https://walmart.com/categories/technology/software,0
58.0,15.0,0.0,1.0,0.0,4.0,0.0,1.0,0.0,5.0,0.0862,3.5069,0.0,0.0,0.0,0.0,https://tripadvisor.com/item?id=49204&category=electronics,0
55.0,13.0,0.0,1.0,3.0,3.0,0.0,1.0,0.0,0.0,0.0,3.027,0.0,0.0,0.0,0.0,https://microsoft.com/guide/getting-started-with-python,0
44.0,13.0,2.0,4.0,0.0,2.0,1.0,0.0,1.0,10.0,0.2273,2.8151,1.0,0.0,0.0,0.0,http://198.51.100.42/login.php?ref=instagram,1
59.0,11.0,0.0,1.0,0.0,2.0,0.0,1.0,0.0,1.0,0.0169,3.0958,0.0,0.0,0.0,0.0,https://mozilla.org/documentation/api/v2/overview?mode=dark,0
42.0,13.0,1.0,2.0,0.0,2.0,0.0,1.0,0.0,0.0,0.0,3.2389,0.0,0.0,0.0,0.0,https://blog.lyft.com/products?sort=recent,0
86.0,37.0,3.0,4.0,1.0,6.0,0.0,1.0,3.0,5.0,0.0581,4.162,1.0,0.0,1.0,0.0,https://dhl-tracking.login.auth.servehttp.com/signin?session_id=13081&redirect=account,1
34.0,10.0,0.0,1.0,0.0,2.0,0.0,1.0,0.0,1.0,0.0294,2.9219,0.0,0.0,0.0,0.0,https://docker.com/help/faq?page=2,0
28.0,14.0,1.0,2.0,0.0,0.0,0.0,1.0,0.0,0.0,0.0,2.9502,0.0,0.0,0.0,0.0,https://docs.yahoo.com/about,0
34.0,10.0,0.0,1.0,0.0,2.0,0.0,1.0,0.0,0.0,0.0,3.3219,0.0,0.0,0.0,0.0,https://github.com/contact?lang=en,0
25.0,10.0,0.0,1.0,0.0,0.0,0.0,0.0,0.0,0.0,0.0,3.3219,0.0,0.0,0.0,0.0,http://stripe.com/contact,0
58.0,27.0,0.0,1.0,2.0,5.0,0.0,0.0,4.0,6.0,0.1034,3.7821,1.0,0.0,0.0,1.0,http://wellsfargo-secure-portal.cf/login?auth_token=517710,1
44.0,27.0,0.0,2.0,2.0,2.0,0.0,0.0,2.0,1.0,0.0227,3.634,0.0,0.0,0.0,0.0,http://micros0ft-account-center.cc/login.php,1
74.0,34.0,0.0,2.0,4.0,4.0,0.0,1.0,5.0,0.0,0.0,4.1607,1.0,0.0,0.0,1.0,https://fedex-delivery-signin-support.club/account/update-credentials.html,1
69.0,17.0,1.0,2.0,3.0,5.0,0.0,1.0,0.0,0.0,0.0,3.4992,0.0,0.0,0.0,0.0,https://docs.fidelity.com/guide/getting-started-with-python?mode=dark,0
45.0,7.0,0.0,1.0,0.0,0.0,0.0,0.0,0.0,0.0,0.0,2.8074,0.0,0.0,0.0,0.0,http://mit.edu/categories/technology/software,0
126.0,48.0,0.0,2.0,5.0,8.0,0.0,1.0,10.0,6.0,0.0476,4.0999,1.0,0.0,0.0,0.0,https://security-linkedin-verification-portal-update.com/account/signin/authenticate/step1/verify-password.php?client_id=61138,1
55.0,13.0,0.0,1.0,0.0,4.0,0.0,0.0,0.0,5.0,0.0909,3.027,0.0,0.0,0.0,0.0,http://microsoft.com/item?id=49204&category=electronics,0
40.0,12.0,2.0,3.0,0.0,0.0,1.0,0.0,1.0,13.0,0.325,2.4591,0.0,0.0,0.0,0.0,http://203.0.113.19/verification/id/9551,1
28.0,11.0,0.0,1.0,0.0,0.0,0.0,1.0,0.0,0.0,0.0,3.2776,0.0,0.0,0.0,0.0,https://nytimes.com/help/faq,0
63.0,10.0,0.0,1.0,3.0,5.0,0.0,0.0,0.0,0.0,0.0,2.7219,0.0,0.0,0.0,0.0,http://amazon.com/guide/getting-started-with-python?sort=recent,0
46.0,12.0,2.0,4.0,1.0,1.0,1.0,0.0,3.0,9.0,0.1957,2.4591,0.0,0.0,0.0,0.0,http://203.0.113.19/secure/verify-account.html,1
29.0,15.0,1.0,2.0,0.0,0.0,0.0,1.0,0.0,0.0,0.0,3.5069,0.0,0.0,0.0,0.0,https://dev.nytimes.com/about,0
74.0,15.0,1.0,2.0,1.0,3.0,0.0,1.0,1.0,4.0,0.0541,3.3232,0.0,0.0,0.0,0.0,https://api.walmart.com/blog/article/2026/cybersecurity-trends?sort=recent,0
68.0,35.0,0.0,2.0,0.0,0.0,0.0,1.0,0.0,12.0,0.1765,4.2861,0.0,0.0,0.0,1.0,https://jti2lswbb8ria4po5cb41scy3m84bc.work/gate/auth/157/index.html,1
49.0,8.0,0.0,1.0,0.0,0.0,0.0,1.0,0.0,4.0,0.0816,2.75,0.0,0.0,0.0,0.0,https://imdb.com/community/discussions/topic/8821,0
56.0,23.0,0.0,2.0,0.0,0.0,0.0,1.0,0.0,12.0,0.2143,3.9362,0.0,0.0,0.0,1.0,https://82u6zv3iu6l5nfltq680.ml/gate/auth/560/index.html,1
52.0,10.0,0.0,1.0,0.0,4.0,0.0,0.0,0.0,5.0,0.0962,2.9219,0.0,0.0,0.0,0.0,http://docker.com/item?id=49204&category=electronics,0
48.0,13.0,2.0,4.0,0.0,2.0,1.0,0.0,2.0,10.0,0.2083,2.4493,1.0,0.0,0.0,0.0,http://194.26.29.112/login.php?ref=bankofamerica,1
57.0,15.0,0.0,1.0,3.0,3.0,0.0,1.0,0.0,0.0,0.0,3.5069,0.0,0.0,0.0,0.0,https://tripadvisor.com/guide/getting-started-with-python,0
62.0,10.0,0.0,2.0,1.0,3.0,0.0,1.0,0.0,3.0,0.0484,3.3219,0.0,0.0,0.0,0.0,https://gitlab.com/downloads/releases/version-3.13?sort=recent,0
48.0,14.0,2.0,3.0,0.0,2.0,1.0,0.0,1.0,17.0,0.3542,2.7534,0.0,0.0,0.0,0.0,http://193.106.191.28/auth/signin?session=313864,1
106.0,21.0,0.0,2.0,3.0,9.0,0.0,0.0,6.0,5.0,0.0472,3.8802,1.0,0.0,2.0,1.0,http://verification-hub.club/gateway?url=http://appleid-security-confirm.xyz/login&next=verify&token=98907,1
43.0,25.0,0.0,2.0,2.0,2.0,0.0,1.0,2.0,2.0,0.0465,3.8635,0.0,0.0,0.0,1.0,https://g00gle-account-center.xyz/login.php,1
124.0,46.0,0.0,2.0,5.0,8.0,0.0,1.0,10.0,6.0,0.0484,4.0915,1.0,0.0,0.0,0.0,https://security-amazon-verification-portal-update.com/account/signin/authenticate/step1/verify-password.php?client_id=43470,1
28.0,12.0,1.0,2.0,0.0,0.0,0.0,1.0,0.0,0.0,0.0,3.2516,0.0,0.0,0.0,0.0,https://app.bing.com/contact,0
122.0,45.0,0.0,2.0,5.0,8.0,0.0,0.0,10.0,6.0,0.0492,4.0805,1.0,0.0,0.0,0.0,http://security-chase-verification-portal-update.com/account/signin/authenticate/step1/verify-password.php?client_id=80151,1
42.0,25.0,0.0,2.0,2.0,2.0,0.0,0.0,2.0,1.0,0.0238,3.5329,0.0,0.0,0.0,0.0,http://paypa1-account-center.net/login.php,1
52.0,11.0,0.0,1.0,0.0,0.0,0.0,1.0,0.0,4.0,0.0769,3.0272,0.0,0.0,0.0,0.0,https://dropbox.com/community/discussions/topic/8821,0
36.0,19.0,1.0,2.0,0.0,0.0,0.0,1.0,1.0,0.0,0.0,3.4714,0.0,0.0,0.0,0.0,https://blog.salesforce.com/services,0
39.0,7.0,0.0,1.0,1.0,3.0,0.0,1.0,0.0,0.0,0.0,2.8074,0.0,0.0,0.0,0.0,https://nih.gov/privacy-policy?ref=home,0
65.0,33.0,0.0,2.0,0.0,0.0,0.0,0.0,0.0,12.0,0.1846,4.3091,0.0,0.0,0.0,1.0,http://tpmc3skxlojsyt5wsgrx37jw34670c.cf/gate/auth/473/index.html,1
59.0,26.0,0.0,2.0,0.0,0.0,0.0,1.0,0.0,11.0,0.1864,3.8693,0.0,0.0,0.0,1.0,https://q0rr1l9gvbmqq749q6qf1pa.ga/gate/auth/907/index.html,1
57.0,24.0,0.0,2.0,0.0,0.0,0.0,1.0,0.0,11.0,0.193,3.9702,0.0,0.0,0.0,1.0,https://g77lk6hqiv929sevl7fq8.tk/gate/auth/866/index.html,1
60.0,19.0,1.0,2.0,0.0,0.0,0.0,1.0,0.0,4.0,0.0667,3.2608,0.0,0.0,0.0,0.0,https://community.vimeo.com/community/discussions/topic/8821,0
125.0,48.0,0.0,2.0,5.0,8.0,0.0,0.0,10.0,6.0,0.048,4.08,0.0,0.0,0.0,0.0,http://security-metamask-verification-portal-update.com/account/signin/authenticate/step1/verify-password.php?client_id=23849,1
63.0,26.0,0.0,2.0,2.0,2.0,0.0,0.0,2.0,4.0,0.0635,3.6424,1.0,0.0,0.0,1.0,http://linkedin-urgent-notice.fit/verify/user/5001/security.php,1
43.0,20.0,1.0,2.0,1.0,1.0,0.0,1.0,0.0,0.0,0.0,3.4842,0.0,0.0,0.0,0.0,https://community.github.com/privacy-policy,0
23.0,16.0,1.0,2.0,0.0,0.0,0.0,0.0,1.0,0.0,0.0,3.4528,0.0,0.0,0.0,0.0,http://support.yelp.com,0
44.0,7.0,0.0,1.0,2.0,4.0,0.0,1.0,1.0,0.0,0.0,2.5216,0.0,0.0,0.0,0.0,https://zoom.us/terms-of-service?sort=recent,0
129.0,52.0,0.0,2.0,6.0,9.0,0.0,0.0,10.0,6.0,0.0465,4.1939,1.0,0.0,0.0,0.0,http://security-dhl-tracking-verification-portal-update.com/account/signin/authenticate/step1/verify-password.php?client_id=94351,1
30.0,13.0,0.0,1.0,0.0,0.0,0.0,1.0,0.0,0.0,0.0,3.027,0.0,0.0,0.0,0.0,https://homedepot.com/help/faq,0
79.0,30.0,3.0,4.0,0.0,5.0,0.0,1.0,4.0,5.0,0.0633,3.6696,1.0,0.0,1.0,0.0,https://amazon.secure.service.ddns.net/signin?session_id=46842&redirect=account,1
18.0,10.0,0.0,1.0,0.0,0.0,0.0,1.0,0.0,0.0,0.0,3.3219,0.0,0.0,0.0,0.0,https://stripe.com,0
36.0,10.0,0.0,1.0,0.0,2.0,0.0,1.0,0.0,0.0,0.0,2.9219,0.0,0.0,0.0,0.0,https://docker.com/help/faq?ref=home,0
49.0,9.0,0.0,1.0,2.0,2.0,0.0,1.0,1.0,4.0,0.0816,2.9477,0.0,0.0,0.0,0.0,https://adobe.com/news/2026/global-markets-update,0
124.0,47.0,0.0,2.0,5.0,8.0,0.0,0.0,10.0,6.0,0.0484,4.1027,1.0,0.0,0.0,0.0,http://security-netflix-verification-portal-update.com/account/signin/authenticate/step1/verify-password.php?client_id=11785,1
63.0,31.0,0.0,2.0,0.0,0.0,0.0,0.0,0.0,10.0,0.1587,4.0668,0.0,0.0,0.0,1.0,http://khf33guwyh36motcg06xr3urmwue.ml/gate/auth/549/index.html,1
109.0,21.0,0.0,2.0,3.0,9.0,0.0,1.0,6.0,5.0,0.0459,3.8802,1.0,0.0,2.0,1.0,https://verification-hub.buzz/gateway?url=http://microsoft-security-confirm.xyz/login&next=verify&token=32468,1
65.0,14.0,1.0,2.0,0.0,2.0,0.0,1.0,0.0,4.0,0.0615,3.6645,0.0,0.0,0.0,0.0,https://dev.github.com/community/discussions/topic/8821?mode=dark,0
59.0,26.0,0.0,2.0,0.0,0.0,0.0,1.0,0.0,8.0,0.1356,4.1329,0.0,0.0,0.0,1.0,https://oae7l0rcti8f34gadktoc.rest/gate/auth/111/index.html,1
50.0,11.0,0.0,1.0,0.0,0.0,0.0,1.0,0.0,0.0,0.0,3.0272,0.0,0.0,0.0,0.0,https://twitter.com/categories/technology/software,0
42.0,14.0,2.0,3.0,0.0,0.0,1.0,0.0,1.0,15.0,0.3571,2.7534,0.0,0.0,0.0,0.0,http://23.227.198.203/verification/id/7849,1
60.0,19.0,1.0,2.0,0.0,0.0,0.0,1.0,0.0,4.0,0.0667,3.5766,0.0,0.0,0.0,0.0,https://news.craigslist.org/community/discussions/topic/8821,0
38.0,14.0,1.0,2.0,0.0,2.0,0.0,1.0,0.0,0.0,0.0,3.2359,0.0,0.0,0.0,0.0,https://blog.apple.com/contact?lang=en,0
67.0,28.0,0.0,2.0,3.0,3.0,0.0,0.0,5.0,1.0,0.0149,3.6106,0.0,0.0,0.0,0.0,http://binance-2fa-verification.net/account/update-credentials.html,1
29.0,13.0,1.0,2.0,0.0,0.0,0.0,0.0,0.0,0.0,0.0,3.027,0.0,0.0,0.0,0.0,http://app.twitch.tv/products,0
54.0,14.0,2.0,3.0,2.0,5.0,1.0,0.0,3.0,11.0,0.2037,2.7534,0.0,0.0,0.0,0.0,http://23.227.198.203/cgi-bin/webscr?cmd=_login-submit,1
62.0,30.0,0.0,2.0,0.0,0.0,0.0,0.0,0.0,10.0,0.1613,4.2817,0.0,0.0,0.0,1.0,http://jrumxqw3b4nthzm32hzs32d1j.club/gate/auth/367/index.html,1
60.0,10.0,0.0,1.0,2.0,4.0,0.0,1.0,1.0,4.0,0.0667,2.6464,0.0,0.0,0.0,0.0,https://google.com/news/2026/global-markets-update?mode=dark,0
57.0,14.0,0.0,1.0,0.0,4.0,0.0,1.0,0.0,5.0,0.0877,2.8963,0.0,0.0,0.0,0.0,https://duckduckgo.com/item?id=49204&category=electronics,0
24.0,10.0,0.0,1.0,0.0,0.0,0.0,1.0,0.0,0.0,0.0,3.3219,0.0,0.0,0.0,0.0,https://gitlab.com/about,0
58.0,26.0,0.0,2.0,0.0,0.0,0.0,0.0,0.0,8.0,0.1379,3.921,0.0,0.0,0.0,1.0,http://0oakgdesvde91leuucbl11.icu/gate/auth/181/index.html,1
49.0,11.0,0.0,1.0,0.0,0.0,0.0,1.0,0.0,1.0,0.0204,3.0958,0.0,0.0,0.0,0.0,https://walmart.com/documentation/api/v2/overview,0
32.0,15.0,1.0,2.0,0.0,0.0,0.0,1.0,0.0,0.0,0.0,3.1899,0.0,0.0,0.0,0.0,https://docs.forbes.com/help/faq,0
127.0,49.0,0.0,2.0,5.0,8.0,0.0,1.0,10.0,9.0,0.0709,4.1887,0.0,0.0,0.0,0.0,https://security-office365-verification-portal-update.com/account/signin/authenticate/step1/verify-password.php?client_id=36144,1
80.0,31.0,3.0,4.0,0.0,5.0,0.0,1.0,4.0,5.0,0.0625,3.6751,1.0,0.0,1.0,0.0,https://facebook.login.portal.hopto.org/signin?session_id=77070&redirect=account,1
55.0,15.0,1.0,3.0,1.0,1.0,0.0,1.0,0.0,3.0,0.0545,3.2402,0.0,0.0,0.0,0.0,https://blog.angular.io/downloads/releases/version-3.13,0
53.0,21.0,1.0,2.0,2.0,4.0,0.0,1.0,1.0,1.0,0.0189,3.5585,0.0,0.0,0.0,0.0,https://docs.digitalocean.com/terms-of-service?page=2,0
62.0,19.0,1.0,2.0,0.0,4.0,0.0,1.0,0.0,5.0,0.0806,3.4714,0.0,0.0,0.0,0.0,https://app.tripadvisor.com/item?id=49204&category=electronics,0
46.0,12.0,2.0,3.0,0.0,2.0,1.0,0.0,1.0,15.0,0.3261,2.6258,0.0,0.0,0.0,0.0,http://172.16.254.1/auth/signin?session=374725,1
43.0,14.0,2.0,4.0,0.0,2.0,1.0,0.0,1.0,11.0,0.2558,2.4138,1.0,0.0,0.0,0.0,http://103.208.220.12/login.php?ref=netflix,1
64.0,12.0,0.0,2.0,1.0,3.0,0.0,1.0,0.0,3.0,0.0469,3.2516,0.0,0.0,0.0,0.0,https://linkedin.com/downloads/releases/version-3.13?sort=recent,0
88.0,39.0,3.0,4.0,0.0,5.0,0.0,1.0,3.0,5.0,0.0568,3.9259,1.0,0.0,1.0,0.0,https://wellsfargo.account.service.bounceme.net/signin?session_id=95904&redirect=account,1
57.0,14.0,1.0,2.0,0.0,4.0,0.0,1.0,0.0,0.0,0.0,3.3788,0.0,0.0,0.0,0.0,https://docs.azure.com/search?q=machine+learning+tutorial,0
102.0,17.0,0.0,2.0,3.0,9.0,0.0,1.0,6.0,5.0,0.049,3.3372,1.0,0.0,2.0,1.0,https://account-center.ga/gateway?url=http://paypal-security-confirm.xyz/login&next=verify&token=30056,1
62.0,19.0,1.0,2.0,0.0,4.0,0.0,1.0,0.0,5.0,0.0806,3.4316,0.0,0.0,0.0,0.0,https://community.quora.com/item?id=49204&category=electronics,0
37.0,8.0,0.0,1.0,0.0,2.0,0.0,1.0,0.0,0.0,0.0,3.0,0.0,0.0,0.0,0.0,https://ebay.com/help/faq?sort=recent,0
50.0,32.0,0.0,2.0,3.0,3.0,0.0,1.0,3.0,1.0,0.02,3.6556,0.0,0.0,0.0,0.0,https://app1e-security-account-center.cc/login.php,1
77.0,28.0,3.0,4.0,0.0,5.0,0.0,1.0,4.0,5.0,0.0649,3.709,1.0,0.0,1.0,0.0,https://chase.login.portal.zapto.org/signin?session_id=72111&redirect=account,1
83.0,35.0,3.0,4.0,0.0,5.0,0.0,0.0,4.0,5.0,0.0602,3.9077,1.0,0.0,1.0,0.0,http://wellsfargo.verify.service.zapto.org/signin?session_id=14940&redirect=account,1
34.0,17.0,1.0,2.0,0.0,0.0,0.0,1.0,1.0,0.0,0.0,3.4992,0.0,0.0,0.0,0.0,https://support.slack.com/products,0
102.0,16.0,0.0,2.0,3.0,9.0,0.0,0.0,6.0,5.0,0.049,3.5,1.0,0.0,2.0,1.0,http://auth-portal.work/gateway?url=http://facebook-security-confirm.xyz/login&next=verify&token=73269,1
100.0,15.0,0.0,2.0,3.0,9.0,0.0,1.0,6.0,5.0,0.05,3.6402,1.0,0.0,2.0,1.0,https://auth-portal.xyz/gateway?url=http://google-security-confirm.xyz/login&next=verify&token=24602,1
55.0,13.0,1.0,2.0,3.0,3.0,0.0,1.0,0.0,0.0,0.0,3.2389,0.0,0.0,0.0,0.0,https://dev.chase.com/guide/getting-started-with-python,0
62.0,31.0,0.0,1.0,2.0,5.0,0.0,0.0,2.0,6.0,0.0968,3.9779,1.0,0.0,0.0,0.0,http://appleid-renew-subscription.info/login?auth_token=615909,1
52.0,9.0,0.0,1.0,0.0,4.0,0.0,1.0,0.0,5.0,0.0962,2.6416,0.0,0.0,0.0,0.0,https://yahoo.com/item?id=49204&category=electronics,0
80.0,31.0,3.0,4.0,0.0,5.0,0.0,1.0,2.0,5.0,0.0625,3.6639,1.0,0.0,1.0,0.0,https://instagram.account.auth.ddns.net/signin?session_id=93115&redirect=account,1
51.0,9.0,0.0,1.0,3.0,3.0,0.0,1.0,0.0,0.0,0.0,2.6416,0.0,0.0,0.0,0.0,https://yahoo.com/guide/getting-started-with-python,0
126.0,49.0,0.0,2.0,5.0,8.0,0.0,0.0,10.0,6.0,0.0476,4.0822,1.0,0.0,0.0,0.0,http://security-instagram-verification-portal-update.com/account/signin/authenticate/step1/verify-password.php?client_id=82291,1
73.0,30.0,0.0,1.0,3.0,8.0,0.0,0.0,4.0,4.0,0.0548,3.5777,0.0,0.0,0.0,1.0,http://metamask-customer-service.rest/webscr?cmd=_login-run&dispatch=5913,1
52.0,10.0,0.0,1.0,3.0,3.0,0.0,1.0,0.0,0.0,0.0,3.3219,0.0,0.0,0.0,0.0,https://stripe.com/guide/getting-started-with-python,0
35.0,12.0,0.0,1.0,1.0,1.0,0.0,1.0,0.0,0.0,0.0,3.2516,0.0,0.0,0.0,0.0,https://linkedin.com/privacy-policy,0
69.0,30.0,0.0,2.0,3.0,3.0,0.0,0.0,4.0,0.0,0.0,3.9899,1.0,0.0,0.0,1.0,http://instagram-confirm-identity.xyz/account/update-credentials.html,1
49.0,9.0,2.0,3.0,2.0,5.0,1.0,0.0,3.0,6.0,0.1224,2.1133,0.0,0.0,0.0,0.0,http://10.0.0.45/cgi-bin/webscr?cmd=_login-submit,1
36.0,19.0,2.0,3.0,0.0,0.0,0.0,1.0,0.0,0.0,0.0,3.3919,0.0,0.0,0.0,0.0,https://blog.aws.amazon.com/products,0
36.0,20.0,1.0,2.0,0.0,0.0,0.0,1.0,0.0,0.0,0.0,3.5842,0.0,0.0,0.0,0.0,https://app.digitalocean.com/contact,0
38.0,17.0,1.0,2.0,0.0,2.0,0.0,1.0,0.0,1.0,0.0263,3.2928,0.0,0.0,0.0,0.0,https://community.zoom.us/about?page=2,0
56.0,13.0,1.0,2.0,0.0,4.0,0.0,1.0,0.0,5.0,0.0893,3.027,0.0,0.0,0.0,0.0,https://api.apple.com/item?id=49204&category=electronics,0
77.0,29.0,3.0,4.0,0.0,5.0,0.0,0.0,4.0,5.0,0.0649,3.6209,0.0,0.0,1.0,0.0,http://outlook.login.portal.ddns.net/signin?session_id=97843&redirect=account,1
63.0,32.0,0.0,1.0,2.0,5.0,0.0,0.0,2.0,6.0,0.0952,3.715,0.0,0.0,0.0,0.0,http://coinbase-suspicious-activity.net/login?auth_token=332142,1
63.0,30.0,0.0,2.0,0.0,0.0,0.0,1.0,0.0,9.0,0.1429,4.4151,0.0,0.0,0.0,1.0,https://setuk1ooa35qbb3xmdkrlc0y0bh.ga/gate/auth/675/index.html,1
18.0,10.0,0.0,1.0,0.0,0.0,0.0,1.0,0.0,0.0,0.0,2.6464,0.0,0.0,0.0,0.0,https://akamai.com,0
43.0,15.0,1.0,2.0,0.0,2.0,0.0,1.0,0.0,2.0,0.0465,3.3736,0.0,0.0,0.0,0.0,https://news.docker.com/watch?v=dQw4w9WgXcQ,0
45.0,28.0,0.0,2.0,2.0,2.0,0.0,0.0,2.0,1.0,0.0222,3.7804,0.0,0.0,0.0,1.0,http://micros0ft-account-center.top/login.php,1
49.0,8.0,0.0,1.0,0.0,0.0,0.0,1.0,0.0,4.0,0.0816,3.0,0.0,0.0,0.0,0.0,https://lyft.com/community/discussions/topic/8821,0
57.0,17.0,1.0,3.0,1.0,1.0,0.0,1.0,0.0,3.0,0.0526,3.4548,0.0,0.0,0.0,0.0,https://app.instagram.com/downloads/releases/version-3.13,0
49.0,21.0,1.0,2.0,0.0,2.0,0.0,1.0,1.0,2.0,0.0408,3.3447,0.0,0.0,0.0,0.0,https://support.microsoft.com/watch?v=dQw4w9WgXcQ,0
64.0,14.0,0.0,2.0,1.0,3.0,0.0,1.0,0.0,3.0,0.0469,3.2359,0.0,0.0,0.0,0.0,https://craigslist.org/downloads/releases/version-3.13?mode=dark,0
126.0,49.0,0.0,2.0,5.0,8.0,0.0,0.0,10.0,9.0,0.0714,4.1887,0.0,0.0,0.0,0.0,http://security-office365-verification-portal-update.com/account/signin/authenticate/step1/verify-password.php?client_id=37972,1
64.0,32.0,0.0,2.0,0.0,0.0,0.0,0.0,0.0,10.0,0.1562,4.625,0.0,0.0,0.0,1.0,http://t8ydr3ues2fx0zkwij0kzqvs9j6l.top/gate/auth/777/index.html,1
124.0,46.0,0.0,2.0,5.0,8.0,0.0,1.0,10.0,6.0,0.0484,4.0915,1.0,0.0,0.0,0.0,https://security-amazon-verification-portal-update.com/account/signin/authenticate/step1/verify-password.php?client_id=31645,1
47.0,13.0,2.0,4.0,1.0,1.0,1.0,0.0,3.0,10.0,0.2128,2.5074,0.0,0.0,0.0,0.0,http://185.220.101.5/secure/verify-account.html,1
48.0,14.0,2.0,4.0,1.0,1.0,1.0,0.0,3.0,11.0,0.2292,2.7534,0.0,0.0,0.0,0.0,http://23.227.198.203/secure/verify-account.html,1
101.0,14.0,0.0,2.0,3.0,9.0,0.0,1.0,6.0,5.0,0.0495,3.5216,0.0,0.0,2.0,1.0,https://auth-portal.cf/gateway?url=http://metamask-security-confirm.xyz/login&next=verify&token=55731,1
109.0,21.0,0.0,2.0,3.0,9.0,0.0,1.0,6.0,5.0,0.0459,3.8802,1.0,0.0,2.0,1.0,https://verification-hub.club/gateway?url=http://microsoft-security-confirm.xyz/login&next=verify&token=40827,1
52.0,9.0,0.0,1.0,0.0,4.0,0.0,1.0,0.0,0.0,0.0,2.9477,0.0,0.0,0.0,0.0,https://apple.com/search?q=machine+learning+tutorial,0
28.0,11.0,0.0,1.0,0.0,0.0,0.0,1.0,0.0,0.0,0.0,3.0272,0.0,0.0,0.0,0.0,https://twitter.com/products,0
57.0,14.0,0.0,1.0,0.0,4.0,0.0,1.0,0.0,5.0,0.0877,3.2359,0.0,0.0,0.0,0.0,https://salesforce.com/item?id=49204&category=electronics,0
126.0,48.0,0.0,2.0,5.0,8.0,0.0,1.0,10.0,6.0,0.0476,4.0774,0.0,0.0,0.0,0.0,https://security-coinbase-verification-portal-update.com/account/signin/authenticate/step1/verify-password.php?client_id=63939,1
44.0,17.0,0.0,1.0,0.0,2.0,0.0,0.0,1.0,2.0,0.0455,3.4548,0.0,0.0,0.0,0.0,http://bankofamerica.com/watch?v=dQw4w9WgXcQ,0
101.0,15.0,0.0,2.0,3.0,9.0,0.0,0.0,6.0,5.0,0.0495,3.1899,0.0,0.0,2.0,1.0,http://auth-portal.top/gateway?url=http://metamask-security-confirm.xyz/login&next=verify&token=39500,1
29.0,8.0,0.0,1.0,0.0,2.0,0.0,1.0,0.0,1.0,0.0345,3.0,0.0,0.0,0.0,0.0,https://etsy.com/about?page=2,0
33.0,9.0,0.0,1.0,0.0,2.0,0.0,1.0,0.0,1.0,0.0303,2.9477,0.0,0.0,0.0,0.0,https://react.dev/products?page=2,0
23.0,9.0,0.0,1.0,0.0,0.0,0.0,1.0,0.0,0.0,0.0,2.7255,0.0,0.0,0.0,0.0,https://vimeo.com/about,0
105.0,21.0,0.0,2.0,3.0,9.0,0.0,0.0,6.0,5.0,0.0476,3.9754,1.0,0.0,2.0,1.0,http://verification-hub.work/gateway?url=http://google-security-confirm.xyz/login&next=verify&token=25650,1
46.0,28.0,0.0,2.0,2.0,2.0,0.0,1.0,2.0,1.0,0.0217,3.682,0.0,0.0,0.0,0.0,https://micros0ft-account-center.net/login.php,1
62.0,9.0,0.0,1.0,0.0,2.0,0.0,1.0,0.0,4.0,0.0645,3.1699,0.0,0.0,0.0,0.0,https://azure.com/community/discussions/topic/8821?sort=recent,0
42.0,25.0,0.0,2.0,2.0,2.0,0.0,0.0,2.0,2.0,0.0476,3.5133,0.0,0.0,0.0,0.0,http://g00gle-account-center.net/login.php,1
61.0,14.0,1.0,2.0,1.0,1.0,0.0,1.0,1.0,4.0,0.0656,3.3788,0.0,0.0,0.0,0.0,https://blog.chase.com/blog/article/2026/cybersecurity-trends,0
71.0,27.0,0.0,1.0,3.0,8.0,0.0,1.0,3.0,4.0,0.0563,3.8245,1.0,0.0,0.0,0.0,https://dropbox-unlock-account.info/webscr?cmd=_login-run&dispatch=3644,1
84.0,36.0,3.0,4.0,0.0,5.0,0.0,0.0,4.0,5.0,0.0595,3.882,1.0,0.0,1.0,0.0,http://linkedin.verify.validation.hopto.org/signin?session_id=59664&redirect=account,1
31.0,14.0,1.0,2.0,0.0,0.0,0.0,1.0,1.0,0.0,0.0,3.2359,0.0,0.0,0.0,0.0,https://docs.react.dev/services,0
55.0,23.0,0.0,2.0,0.0,0.0,0.0,0.0,0.0,5.0,0.0909,4.056,0.0,0.0,0.0,1.0,http://io1zm4lcvhfwjfppzje.xyz/gate/auth/767/index.html,1
39.0,9.0,0.0,1.0,0.0,0.0,0.0,1.0,0.0,0.0,0.0,2.9477,0.0,0.0,0.0,0.0,https://apple.com/user/profile/settings,0
68.0,29.0,0.0,2.0,3.0,3.0,0.0,0.0,5.0,0.0,0.0,3.8404,1.0,0.0,0.0,1.0,http://linkedin-wallet-recovery.work/account/update-credentials.html,1
54.0,14.0,2.0,3.0,2.0,5.0,1.0,0.0,3.0,11.0,0.2037,2.7534,0.0,0.0,0.0,0.0,http://23.227.198.203/cgi-bin/webscr?cmd=_login-submit,1
48.0,8.0,0.0,1.0,0.0,2.0,0.0,1.0,0.0,0.0,0.0,3.0,0.0,0.0,0.0,0.0,https://ebay.com/user/profile/settings?mode=dark,0
28.0,11.0,0.0,1.0,0.0,0.0,0.0,1.0,0.0,0.0,0.0,3.0272,0.0,0.0,0.0,0.0,https://twitter.com/help/faq,0
59.0,19.0,1.0,3.0,1.0,1.0,0.0,1.0,0.0,3.0,0.0508,3.4714,0.0,0.0,0.0,0.0,https://api.tripadvisor.com/downloads/releases/version-3.13,0
67.0,29.0,0.0,2.0,2.0,2.0,0.0,1.0,4.0,7.0,0.1045,4.0044,0.0,0.0,0.0,1.0,https://office365-wallet-recovery.cam/verify/user/6185/security.php,1
49.0,9.0,0.0,2.0,1.0,1.0,0.0,1.0,0.0,3.0,0.0612,2.6416,0.0,0.0,0.0,0.0,https://yahoo.com/downloads/releases/version-3.13,0
50.0,9.0,0.0,1.0,0.0,0.0,0.0,1.0,0.0,4.0,0.08,2.9477,0.0,0.0,0.0,0.0,https://adobe.com/community/discussions/topic/8821,0
47.0,8.0,0.0,1.0,0.0,0.0,0.0,1.0,0.0,0.0,0.0,3.0,0.0,0.0,0.0,0.0,https://yelp.com/categories/technology/software,0
48.0,14.0,0.0,1.0,2.0,4.0,0.0,1.0,1.0,0.0,0.0,3.2359,0.0,0.0,0.0,0.0,https://craigslist.org/terms-of-service?ref=home,0
79.0,31.0,3.0,4.0,0.0,5.0,0.0,0.0,3.0,5.0,0.0633,4.0266,1.0,0.0,1.0,0.0,http://wellsfargo.verify.auth.ddns.net/signin?session_id=69509&redirect=account,1
62.0,30.0,0.0,2.0,0.0,0.0,0.0,0.0,0.0,9.0,0.1452,4.2817,0.0,0.0,0.0,1.0,http://g8hzmvyd47dznaxs88ualry3igw.ml/gate/auth/998/index.html,1
52.0,13.0,1.0,2.0,0.0,0.0,0.0,1.0,0.0,0.0,0.0,2.9312,0.0,0.0,0.0,0.0,https://docs.imdb.com/categories/technology/software,0
52.0,9.0,0.0,1.0,0.0,4.0,0.0,1.0,0.0,0.0,0.0,2.9477,0.0,0.0,0.0,0.0,https://slack.com/search?q=machine+learning+tutorial,0
46.0,14.0,2.0,4.0,0.0,2.0,1.0,0.0,1.0,11.0,0.2391,2.7534,1.0,0.0,0.0,0.0,http://23.227.198.203/login.php?ref=wellsfargo,1
48.0,14.0,2.0,4.0,1.0,1.0,1.0,0.0,3.0,11.0,0.2292,2.4138,0.0,0.0,0.0,0.0,http://103.208.220.12/secure/verify-account.html,1
48.0,14.0,2.0,4.0,1.0,1.0,1.0,0.0,3.0,11.0,0.2292,2.7534,0.0,0.0,0.0,0.0,http://23.227.198.203/secure/verify-account.html,1
51.0,12.0,1.0,2.0,2.0,2.0,0.0,0.0,1.0,4.0,0.0784,3.2516,0.0,0.0,0.0,0.0,http://news.cdc.gov/news/2026/global-markets-update,0
59.0,27.0,0.0,2.0,0.0,0.0,0.0,0.0,0.0,8.0,0.1356,4.0882,0.0,0.0,0.0,1.0,http://mqvayxar6yo6z1t2xcb3yym.icu/gate/auth/485/index.html,1
47.0,13.0,2.0,4.0,1.0,1.0,1.0,0.0,3.0,10.0,0.2128,2.5074,0.0,0.0,0.0,0.0,http://185.220.101.5/secure/verify-account.html,1
87.0,39.0,3.0,4.0,1.0,6.0,0.0,0.0,4.0,5.0,0.0575,3.9223,1.0,0.0,1.0,0.0,http://fedex-delivery.verify.service.zapto.org/signin?session_id=75740&redirect=account,1
55.0,16.0,1.0,2.0,0.0,0.0,0.0,1.0,0.0,0.0,0.0,3.125,0.0,0.0,0.0,0.0,https://docs.dropbox.com/categories/technology/software,0
125.0,48.0,0.0,2.0,5.0,8.0,0.0,0.0,10.0,6.0,0.048,4.08,0.0,0.0,0.0,0.0,http://security-metamask-verification-portal-update.com/account/signin/authenticate/step1/verify-password.php?client_id=16741,1
61.0,24.0,0.0,2.0,2.0,2.0,0.0,0.0,2.0,4.0,0.0656,3.6368,0.0,0.0,0.0,1.0,http://outlook-urgent-notice.ga/verify/user/1473/security.php,1
68.0,17.0,0.0,1.0,0.0,2.0,0.0,1.0,1.0,0.0,0.0,3.4548,0.0,0.0,0.0,0.0,https://bankofamerica.com/categories/technology/software?sort=recent,0
106.0,20.0,0.0,2.0,3.0,9.0,0.0,1.0,6.0,5.0,0.0472,3.8842,1.0,0.0,2.0,0.0,https://verification-hub.com/gateway?url=http://appleid-security-confirm.xyz/login&next=verify&token=34762,1
84.0,36.0,3.0,4.0,0.0,5.0,0.0,0.0,4.0,5.0,0.0595,3.7845,1.0,0.0,1.0,0.0,http://microsoft.login.service.bounceme.net/signin?session_id=49089&redirect=account,1
41.0,24.0,0.0,2.0,2.0,2.0,0.0,0.0,2.0,1.0,0.0244,3.4864,0.0,0.0,0.0,0.0,http://paypa1-account-center.cc/login.php,1
85.0,37.0,3.0,4.0,0.0,5.0,0.0,0.0,4.0,5.0,0.0588,4.0539,1.0,0.0,1.0,0.0,http://dropbox.secure.validation.duckdns.org/signin?session_id=23036&redirect=account,1
42.0,25.0,0.0,2.0,2.0,2.0,0.0,0.0,2.0,1.0,0.0238,3.5631,0.0,0.0,0.0,1.0,http://paypa1-account-center.top/login.php,1
62.0,19.0,1.0,2.0,0.0,4.0,0.0,1.0,1.0,5.0,0.0806,3.8269,0.0,0.0,0.0,0.0,https://support.netflix.com/item?id=49204&category=electronics,0
39.0,11.0,0.0,1.0,0.0,2.0,0.0,1.0,0.0,2.0,0.0513,3.4594,0.0,0.0,0.0,0.0,https://netflix.com/watch?v=dQw4w9WgXcQ,0
43.0,13.0,0.0,1.0,0.0,0.0,0.0,1.0,0.0,0.0,0.0,3.027,0.0,0.0,0.0,0.0,https://bloomberg.com/user/profile/settings,0
35.0,7.0,0.0,1.0,0.0,2.0,0.0,1.0,0.0,2.0,0.0571,2.8074,0.0,0.0,0.0,0.0,https://mit.edu/watch?v=dQw4w9WgXcQ,0
54.0,11.0,0.0,1.0,0.0,4.0,0.0,1.0,0.0,5.0,0.0926,3.0958,0.0,0.0,0.0,0.0,https://youtube.com/item?id=49204&category=electronics,0
66.0,19.0,1.0,2.0,0.0,2.0,0.0,1.0,0.0,0.0,0.0,3.2608,0.0,0.0,0.0,0.0,https://community.vimeo.com/categories/technology/software?lang=en,0
87.0,39.0,3.0,4.0,0.0,5.0,0.0,0.0,4.0,8.0,0.092,4.2017,0.0,0.0,1.0,0.0,http://office365.verify.validation.duckdns.org/signin?session_id=34954&redirect=account,1
103.0,16.0,0.0,2.0,3.0,9.0,0.0,0.0,6.0,5.0,0.0485,3.5,1.0,0.0,2.0,1.0,http://auth-portal.club/gateway?url=http://instagram-security-confirm.xyz/login&next=verify&token=41881,1
62.0,25.0,0.0,2.0,2.0,2.0,0.0,0.0,3.0,4.0,0.0645,4.0537,1.0,0.0,0.0,1.0,http://chase-confirm-identity.gq/verify/user/2030/security.php,1
41.0,15.0,1.0,2.0,0.0,2.0,0.0,1.0,0.0,0.0,0.0,2.7899,0.0,0.0,0.0,0.0,https://blog.google.com/help/faq?ref=home,0
50.0,7.0,0.0,1.0,0.0,4.0,0.0,1.0,0.0,0.0,0.0,2.2359,0.0,0.0,0.0,0.0,https://bbc.com/search?q=machine+learning+tutorial,0
49.0,32.0,0.0,2.0,3.0,3.0,0.0,0.0,3.0,1.0,0.0204,3.6556,0.0,0.0,0.0,0.0,http://app1e-security-account-center.cc/login.php,1
55.0,15.0,0.0,2.0,1.0,1.0,0.0,1.0,0.0,3.0,0.0545,3.7736,0.0,0.0,0.0,0.0,https://theguardian.com/downloads/releases/version-3.13,0
53.0,10.0,0.0,1.0,0.0,4.0,0.0,1.0,0.0,5.0,0.0943,3.1219,0.0,0.0,0.0,0.0,https://angular.io/item?id=49204&category=electronics,0
58.0,13.0,0.0,1.0,0.0,2.0,0.0,1.0,0.0,2.0,0.0345,3.3347,0.0,0.0,0.0,0.0,https://kubernetes.io/documentation/api/v2/overview?page=2,0
49.0,11.0,0.0,1.0,0.0,0.0,0.0,1.0,0.0,1.0,0.0204,2.914,0.0,0.0,0.0,0.0,https://harvard.edu/documentation/api/v2/overview,0
59.0,28.0,0.0,1.0,2.0,5.0,0.0,0.0,4.0,6.0,0.1017,3.744,1.0,0.0,0.0,0.0,http://microsoft-signin-support.net/login?auth_token=503149,1
47.0,13.0,2.0,4.0,1.0,1.0,1.0,0.0,3.0,10.0,0.2128,2.4493,0.0,0.0,0.0,0.0,http://45.142.214.18/secure/verify-account.html,1
45.0,18.0,1.0,2.0,0.0,2.0,0.0,1.0,0.0,0.0,0.0,3.3502,0.0,0.0,0.0,0.0,https://community.lyft.com/help/faq?mode=dark,0
66.0,27.0,0.0,2.0,3.0,3.0,0.0,0.0,5.0,3.0,0.0455,4.1805,0.0,0.0,0.0,1.0,http://office365-billing-alert.xyz/account/update-credentials.html,1
87.0,39.0,3.0,4.0,1.0,6.0,0.0,0.0,3.0,5.0,0.0575,4.2017,1.0,0.0,1.0,0.0,http://fedex-delivery.login.auth.servehttp.com/signin?session_id=13626&redirect=account,1
60.0,8.0,0.0,2.0,1.0,3.0,0.0,1.0,0.0,3.0,0.05,3.0,0.0,0.0,0.0,0.0,https://bing.com/downloads/releases/version-3.13?sort=recent,0
63.0,11.0,0.0,1.0,2.0,4.0,0.0,1.0,1.0,4.0,0.0635,3.0958,0.0,0.0,0.0,0.0,https://mozilla.org/news/2026/global-markets-update?sort=recent,0
50.0,33.0,0.0,2.0,3.0,3.0,0.0,0.0,3.0,1.0,0.02,3.7984,0.0,0.0,0.0,0.0,http://app1e-security-account-center.com/login.php,1
123.0,46.0,0.0,2.0,5.0,8.0,0.0,0.0,10.0,6.0,0.0488,4.0915,1.0,0.0,0.0,0.0,http://security-google-verification-portal-update.com/account/signin/authenticate/step1/verify-password.php?client_id=61445,1
36.0,12.0,0.0,1.0,0.0,2.0,0.0,1.0,0.0,0.0,0.0,3.0221,0.0,0.0,0.0,0.0,https://facebook.com/contact?lang=en,0
47.0,13.0,2.0,3.0,0.0,2.0,1.0,0.0,1.0,16.0,0.3404,2.7193,0.0,0.0,0.0,0.0,http://192.168.1.105/auth/signin?session=129301,1
42.0,14.0,2.0,3.0,0.0,0.0,1.0,0.0,1.0,15.0,0.3571,2.4138,0.0,0.0,0.0,0.0,http://103.208.220.12/verification/id/1432,1
68.0,30.0,0.0,2.0,2.0,2.0,0.0,1.0,2.0,4.0,0.0588,3.9069,1.0,0.0,0.0,0.0,https://dropbox-renew-subscription.org/verify/user/9724/security.php,1
28.0,11.0,0.0,1.0,0.0,0.0,0.0,1.0,0.0,0.0,0.0,3.0958,0.0,0.0,0.0,0.0,https://walmart.com/products,0
43.0,25.0,0.0,2.0,2.0,2.0,0.0,1.0,2.0,2.0,0.0465,3.6537,0.0,0.0,0.0,0.0,https://g00gle-account-center.com/login.php,1
55.0,23.0,0.0,2.0,0.0,0.0,0.0,0.0,0.0,8.0,0.1455,3.8492,0.0,0.0,0.0,1.0,http://v5dmcdsodbzl83k88rho.ml/gate/auth/820/index.html,1
24.0,10.0,0.0,1.0,0.0,0.0,0.0,1.0,0.0,0.0,0.0,3.1219,0.0,0.0,0.0,0.0,https://nodejs.org/about,0
107.0,19.0,0.0,2.0,4.0,10.0,0.0,0.0,6.0,5.0,0.0467,3.8924,0.0,0.0,2.0,1.0,http://verification-hub.tk/gateway?url=http://adobe-sign-security-confirm.xyz/login&next=verify&token=74331,1
62.0,15.0,1.0,2.0,1.0,1.0,0.0,1.0,1.0,4.0,0.0645,3.5069,0.0,0.0,0.0,0.0,https://news.target.com/blog/article/2026/cybersecurity-trends,0
71.0,18.0,1.0,2.0,0.0,2.0,0.0,1.0,0.0,4.0,0.0563,3.3921,0.0,0.0,0.0,0.0,https://app.salesforce.com/community/discussions/topic/8821?sort=recent,0
82.0,33.0,3.0,4.0,0.0,5.0,0.0,1.0,4.0,5.0,0.061,3.8471,0.0,0.0,1.0,0.0,https://coinbase.verify.service.hopto.org/signin?session_id=93200&redirect=account,1
47.0,13.0,2.0,4.0,1.0,1.0,1.0,0.0,3.0,10.0,0.2128,2.5074,0.0,0.0,0.0,0.0,http://185.220.101.5/secure/verify-account.html,1
106.0,19.0,0.0,2.0,3.0,9.0,0.0,0.0,6.0,5.0,0.0472,3.8924,1.0,0.0,2.0,1.0,http://verification-hub.tk/gateway?url=http://instagram-security-confirm.xyz/login&next=verify&token=10402,1
41.0,13.0,2.0,3.0,0.0,0.0,1.0,0.0,1.0,14.0,0.3415,2.4493,0.0,0.0,0.0,0.0,http://45.142.214.18/verification/id/6242,1
129.0,52.0,0.0,2.0,6.0,9.0,0.0,0.0,10.0,6.0,0.0465,4.1939,1.0,0.0,0.0,0.0,http://security-dhl-tracking-verification-portal-update.com/account/signin/authenticate/step1/verify-password.php?client_id=33758,1
126.0,49.0,0.0,2.0,5.0,8.0,0.0,0.0,10.0,6.0,0.0476,4.0822,1.0,0.0,0.0,0.0,http://security-instagram-verification-portal-update.com/account/signin/authenticate/step1/verify-password.php?client_id=80620,1
17.0,9.0,0.0,1.0,0.0,0.0,0.0,1.0,0.0,0.0,0.0,2.7255,0.0,0.0,0.0,0.0,https://vimeo.com,0
128.0,50.0,0.0,2.0,5.0,8.0,0.0,1.0,10.0,6.0,0.0469,4.1737,1.0,0.0,0.0,0.0,https://security-wellsfargo-verification-portal-update.com/account/signin/authenticate/step1/verify-password.php?client_id=37581,1
58.0,15.0,1.0,2.0,0.0,4.0,0.0,1.0,0.0,5.0,0.0862,3.3736,0.0,0.0,0.0,0.0,https://blog.github.com/item?id=49204&category=electronics,0
47.0,9.0,0.0,1.0,0.0,0.0,0.0,1.0,0.0,1.0,0.0213,2.9477,0.0,0.0,0.0,0.0,https://apple.com/documentation/api/v2/overview,0
49.0,10.0,0.0,1.0,0.0,0.0,0.0,1.0,0.0,0.0,0.0,3.1219,0.0,0.0,0.0,0.0,https://target.com/categories/technology/software,0
47.0,7.0,0.0,2.0,1.0,1.0,0.0,1.0,0.0,3.0,0.0638,2.2359,0.0,0.0,0.0,0.0,https://bbc.com/downloads/releases/version-3.13,0
60.0,12.0,0.0,2.0,1.0,3.0,0.0,1.0,0.0,3.0,0.05,3.4183,0.0,0.0,0.0,0.0,https://fidelity.com/downloads/releases/version-3.13?lang=en,0
29.0,15.0,0.0,1.0,0.0,0.0,0.0,1.0,0.0,0.0,0.0,3.5069,0.0,0.0,0.0,0.0,https://tripadvisor.com/about,0
57.0,25.0,0.0,1.0,2.0,5.0,0.0,1.0,4.0,6.0,0.1053,3.8439,1.0,0.0,0.0,0.0,https://paypal-signin-support.com/login?auth_token=614117,1
65.0,32.0,0.0,2.0,0.0,0.0,0.0,1.0,0.0,10.0,0.1538,4.5389,0.0,0.0,0.0,1.0,https://swxkqtq36zpmg6ooh1xawj28cw9.club/gate/auth/725/index.html,1
55.0,12.0,0.0,1.0,0.0,4.0,0.0,1.0,0.0,0.0,0.0,3.2516,0.0,0.0,0.0,0.0,https://linkedin.com/search?q=machine+learning+tutorial,0
35.0,18.0,1.0,2.0,0.0,0.0,0.0,1.0,1.0,0.0,0.0,3.3921,0.0,0.0,0.0,0.0,https://support.paypal.com/products,0
56.0,9.0,0.0,2.0,1.0,3.0,0.0,1.0,0.0,4.0,0.0714,2.9477,0.0,0.0,0.0,0.0,https://quora.com/downloads/releases/version-3.13?page=2,0
61.0,29.0,0.0,1.0,2.0,5.0,0.0,1.0,3.0,6.0,0.0984,3.9354,1.0,0.0,0.0,0.0,https://facebook-confirm-identity.org/login?auth_token=903208,1
21.0,13.0,0.0,1.0,0.0,0.0,0.0,1.0,0.0,0.0,0.0,3.027,0.0,0.0,0.0,0.0,https://microsoft.com,0
64.0,32.0,0.0,1.0,2.0,5.0,0.0,1.0,4.0,7.0,0.1094,4.1792,1.0,0.0,0.0,1.0,https://wellsfargo-2fa-verification.buzz/login?auth_token=975295,1
61.0,21.0,1.0,3.0,1.0,1.0,0.0,1.0,0.0,3.0,0.0492,3.8209,0.0,0.0,0.0,0.0,https://community.harvard.edu/downloads/releases/version-3.13,0
54.0,14.0,1.0,2.0,2.0,2.0,0.0,1.0,1.0,4.0,0.0741,3.3249,0.0,0.0,0.0,0.0,https://app.stripe.com/news/2026/global-markets-update,0
50.0,33.0,0.0,2.0,3.0,3.0,0.0,0.0,3.0,1.0,0.02,3.7259,0.0,0.0,0.0,1.0,http://app1e-security-account-center.top/login.php,1
84.0,36.0,3.0,4.0,0.0,5.0,0.0,0.0,4.0,5.0,0.0595,3.7108,0.0,0.0,1.0,0.0,http://outlook.login.validation.duckdns.org/signin?session_id=90777&redirect=account,1
28.0,20.0,1.0,2.0,0.0,0.0,0.0,1.0,0.0,0.0,0.0,3.2842,0.0,0.0,0.0,0.0,https://community.amazon.com,0
42.0,14.0,2.0,3.0,0.0,0.0,1.0,0.0,1.0,15.0,0.3571,2.7534,0.0,0.0,0.0,0.0,http://23.227.198.203/verification/id/6716,1
124.0,46.0,0.0,2.0,5.0,8.0,0.0,1.0,10.0,6.0,0.0484,4.0915,1.0,0.0,0.0,0.0,https://security-amazon-verification-portal-update.com/account/signin/authenticate/step1/verify-password.php?client_id=91955,1
55.0,10.0,0.0,1.0,0.0,2.0,0.0,1.0,0.0,2.0,0.0364,2.7219,0.0,0.0,0.0,0.0,https://amazon.com/documentation/api/v2/overview?page=2,0
107.0,19.0,0.0,2.0,4.0,10.0,0.0,0.0,6.0,5.0,0.0467,3.9977,0.0,0.0,2.0,1.0,http://verification-hub.gq/gateway?url=http://adobe-sign-security-confirm.xyz/login&next=verify&token=85313,1
50.0,33.0,0.0,2.0,3.0,3.0,0.0,0.0,3.0,1.0,0.02,3.6771,0.0,0.0,0.0,0.0,http://app1e-security-account-center.net/login.php,1
36.0,11.0,0.0,1.0,2.0,2.0,0.0,1.0,1.0,0.0,0.0,3.0958,0.0,0.0,0.0,0.0,https://mozilla.org/terms-of-service,0
86.0,37.0,3.0,4.0,0.0,5.0,0.0,1.0,4.0,5.0,0.0581,4.0335,0.0,0.0,1.0,0.0,https://binance.verify.validation.duckdns.org/signin?session_id=46609&redirect=account,1
108.0,21.0,0.0,2.0,3.0,9.0,0.0,0.0,6.0,5.0,0.0463,3.8802,1.0,0.0,2.0,1.0,http://verification-hub.club/gateway?url=http://microsoft-security-confirm.xyz/login&next=verify&token=70610,1
63.0,30.0,0.0,2.0,0.0,0.0,0.0,1.0,0.0,11.0,0.1746,4.4151,0.0,0.0,0.0,1.0,https://st3ta195eq4pbgx25fplo1urt.work/gate/auth/685/index.html,1
53.0,12.0,0.0,1.0,0.0,0.0,0.0,1.0,0.0,4.0,0.0755,3.0221,0.0,0.0,0.0,0.0,https://doordash.com/community/discussions/topic/8821,0
16.0,8.0,0.0,1.0,0.0,0.0,0.0,1.0,0.0,0.0,0.0,3.0,0.0,0.0,0.0,0.0,https://yelp.com,0
44.0,12.0,2.0,4.0,1.0,3.0,1.0,0.0,1.0,9.0,0.2045,2.6258,0.0,0.0,0.0,0.0,http://172.16.254.1/login.php?ref=adobe-sign,1
41.0,13.0,2.0,3.0,0.0,0.0,1.0,0.0,1.0,14.0,0.3415,2.7193,0.0,0.0,0.0,0.0,http://192.168.1.105/verification/id/9254,1
31.0,15.0,1.0,2.0,0.0,0.0,0.0,1.0,0.0,0.0,0.0,3.5069,0.0,0.0,0.0,0.0,https://blog.reddit.com/contact,0
59.0,27.0,0.0,2.0,0.0,0.0,0.0,0.0,0.0,11.0,0.1864,4.1343,0.0,0.0,0.0,1.0,http://etizu802nq52nloqtq685ohm.ga/gate/auth/775/index.html,1
68.0,25.0,0.0,1.0,3.0,8.0,0.0,0.0,4.0,4.0,0.0588,3.9435,1.0,0.0,0.0,1.0,http://dropbox-billing-alert.icu/webscr?cmd=_login-run&dispatch=6096,1
35.0,7.0,0.0,1.0,0.0,2.0,0.0,1.0,0.0,2.0,0.0571,2.2359,0.0,0.0,0.0,0.0,https://bbc.com/watch?v=dQw4w9WgXcQ,0
43.0,25.0,0.0,2.0,2.0,2.0,0.0,1.0,2.0,2.0,0.0465,3.8635,0.0,0.0,0.0,1.0,https://g00gle-account-center.xyz/login.php,1
53.0,12.0,0.0,1.0,0.0,0.0,0.0,1.0,0.0,4.0,0.0755,3.4183,0.0,0.0,0.0,0.0,https://fidelity.com/community/discussions/topic/8821,0
71.0,32.0,0.0,2.0,3.0,3.0,0.0,0.0,3.0,0.0,0.0,3.9681,1.0,0.0,0.0,0.0,http://instagram-renew-subscription.com/account/update-credentials.html,1
23.0,7.0,0.0,1.0,0.0,0.0,0.0,0.0,0.0,0.0,0.0,2.2359,0.0,0.0,0.0,0.0,http://cnn.com/help/faq,0
25.0,8.0,0.0,1.0,0.0,0.0,0.0,1.0,0.0,0.0,0.0,2.75,0.0,0.0,0.0,0.0,https://imdb.com/help/faq,0
126.0,48.0,0.0,2.0,5.0,8.0,0.0,1.0,10.0,6.0,0.0476,4.119,1.0,0.0,0.0,0.0,https://security-facebook-verification-portal-update.com/account/signin/authenticate/step1/verify-password.php?client_id=22776,1
72.0,16.0,1.0,2.0,1.0,3.0,0.0,1.0,1.0,4.0,0.0556,3.25,0.0,0.0,0.0,0.0,https://docs.booking.com/blog/article/2026/cybersecurity-trends?ref=home,0
79.0,31.0,3.0,4.0,0.0,5.0,0.0,0.0,4.0,5.0,0.0633,3.8245,1.0,0.0,1.0,0.0,http://chase.secure.portal.duckdns.org/signin?session_id=29557&redirect=account,1
36.0,11.0,0.0,1.0,2.0,2.0,0.0,1.0,1.0,0.0,0.0,3.0272,0.0,0.0,0.0,0.0,https://dropbox.com/terms-of-service,0
40.0,12.0,2.0,3.0,0.0,0.0,1.0,0.0,1.0,13.0,0.325,2.6258,0.0,0.0,0.0,0.0,http://172.16.254.1/verification/id/5951,1
33.0,9.0,0.0,1.0,0.0,2.0,0.0,1.0,0.0,0.0,0.0,2.9477,0.0,0.0,0.0,0.0,https://apple.com/about?mode=dark,0
107.0,19.0,0.0,2.0,4.0,10.0,0.0,0.0,6.0,5.0,0.0467,3.8924,0.0,0.0,2.0,1.0,http://verification-hub.ga/gateway?url=http://adobe-sign-security-confirm.xyz/login&next=verify&token=47282,1
45.0,13.0,2.0,4.0,1.0,3.0,1.0,0.0,1.0,10.0,0.2222,2.4493,0.0,0.0,0.0,0.0,http://194.26.29.112/login.php?ref=adobe-sign,1
53.0,15.0,0.0,1.0,0.0,0.0,0.0,1.0,0.0,1.0,0.0189,3.7736,0.0,0.0,0.0,0.0,https://theguardian.com/documentation/api/v2/overview,0
42.0,14.0,0.0,1.0,0.0,2.0,0.0,1.0,0.0,2.0,0.0476,3.2359,0.0,0.0,0.0,0.0,https://craigslist.org/watch?v=dQw4w9WgXcQ,0
65.0,25.0,0.0,2.0,3.0,3.0,0.0,1.0,3.0,0.0,0.0,3.5093,1.0,0.0,0.0,1.0,https://google-unlock-account.top/account/update-credentials.html,1
40.0,10.0,0.0,1.0,0.0,0.0,0.0,1.0,0.0,0.0,0.0,3.3219,0.0,0.0,0.0,0.0,https://stripe.com/user/profile/settings,0
48.0,10.0,0.0,1.0,0.0,0.0,0.0,1.0,0.0,1.0,0.0208,2.9219,0.0,0.0,0.0,0.0,https://paypal.com/documentation/api/v2/overview,0
36.0,11.0,0.0,1.0,2.0,2.0,0.0,1.0,1.0,0.0,0.0,3.0958,0.0,0.0,0.0,0.0,https://mozilla.org/terms-of-service,0
65.0,9.0,0.0,1.0,1.0,3.0,0.0,1.0,1.0,4.0,0.0615,2.6416,0.0,0.0,0.0,0.0,https://twitch.tv/blog/article/2026/cybersecurity-trends?ref=home,0
58.0,25.0,0.0,2.0,0.0,0.0,0.0,1.0,0.0,8.0,0.1379,4.0537,0.0,0.0,0.0,1.0,https://qnngs2wpze5egtylpw71v4.gq/gate/auth/908/index.html,1
42.0,24.0,0.0,2.0,2.0,2.0,0.0,1.0,2.0,1.0,0.0238,3.4864,0.0,0.0,0.0,0.0,https://paypa1-account-center.cc/login.php,1
23.0,7.0,0.0,1.0,0.0,0.0,0.0,0.0,0.0,0.0,0.0,2.8074,0.0,0.0,0.0,0.0,http://nih.gov/products,0
125.0,48.0,0.0,2.0,5.0,8.0,0.0,0.0,10.0,6.0,0.048,4.0999,1.0,0.0,0.0,0.0,http://security-linkedin-verification-portal-update.com/account/signin/authenticate/step1/verify-password.php?client_id=76735,1
50.0,10.0,0.0,2.0,1.0,1.0,0.0,1.0,0.0,3.0,0.06,2.9219,0.0,0.0,0.0,0.0,https://docker.com/downloads/releases/version-3.13,0
130.0,52.0,0.0,2.0,6.0,9.0,0.0,1.0,10.0,6.0,0.0462,4.1939,1.0,0.0,0.0,0.0,https://security-dhl-tracking-verification-portal-update.com/account/signin/authenticate/step1/verify-password.php?client_id=53992,1
104.0,20.0,0.0,2.0,3.0,9.0,0.0,0.0,6.0,5.0,0.0481,3.7219,1.0,0.0,2.0,1.0,http://verification-hub.icu/gateway?url=http://paypal-security-confirm.xyz/login&next=verify&token=62620,1
47.0,13.0,2.0,4.0,1.0,1.0,1.0,0.0,3.0,10.0,0.2128,2.5074,0.0,0.0,0.0,0.0,http://185.220.101.5/secure/verify-account.html,1
106.0,20.0,0.0,2.0,3.0,9.0,0.0,1.0,6.0,5.0,0.0472,3.8842,0.0,0.0,2.0,1.0,https://verification-hub.cam/gateway?url=http://binance-security-confirm.xyz/login&next=verify&token=27196,1
49.0,7.0,0.0,1.0,3.0,3.0,0.0,1.0,0.0,0.0,0.0,2.2359,0.0,0.0,0.0,0.0,https://cnn.com/guide/getting-started-with-python,0
70.0,27.0,0.0,1.0,3.0,8.0,0.0,0.0,4.0,5.0,0.0714,3.9303,1.0,0.0,0.0,1.0,http://dropbox-2fa-verification.cf/webscr?cmd=_login-run&dispatch=7071,1
15.0,7.0,0.0,1.0,0.0,0.0,0.0,1.0,0.0,0.0,0.0,2.8074,0.0,0.0,0.0,0.0,https://mit.edu,0
39.0,8.0,0.0,1.0,1.0,3.0,0.0,1.0,0.0,0.0,0.0,3.0,0.0,0.0,0.0,0.0,https://uber.com/privacy-policy?lang=en,0
52.0,11.0,0.0,1.0,0.0,0.0,0.0,1.0,0.0,4.0,0.0769,3.4594,0.0,0.0,0.0,0.0,https://netflix.com/community/discussions/topic/8821,0
42.0,25.0,0.0,2.0,2.0,2.0,0.0,0.0,2.0,1.0,0.0238,3.7835,0.0,0.0,0.0,1.0,http://paypa1-account-center.xyz/login.php,1
42.0,25.0,0.0,2.0,2.0,2.0,0.0,0.0,2.0,2.0,0.0476,3.5133,0.0,0.0,0.0,0.0,http://g00gle-account-center.net/login.php,1
124.0,47.0,0.0,2.0,5.0,8.0,0.0,0.0,10.0,6.0,0.0484,4.0679,0.0,0.0,0.0,0.0,http://security-binance-verification-portal-update.com/account/signin/authenticate/step1/verify-password.php?client_id=74165,1
54.0,11.0,0.0,1.0,0.0,4.0,0.0,1.0,0.0,0.0,0.0,2.914,0.0,0.0,0.0,0.0,https://harvard.edu/search?q=machine+learning+tutorial,0
27.0,11.0,0.0,1.0,0.0,0.0,0.0,0.0,0.0,0.0,0.0,3.2776,0.0,0.0,0.0,0.0,http://spotify.com/products,0
18.0,10.0,0.0,1.0,0.0,0.0,0.0,1.0,0.0,0.0,0.0,3.1219,0.0,0.0,0.0,0.0,https://target.com,0
110.0,17.0,0.0,2.0,4.0,10.0,0.0,1.0,6.0,5.0,0.0455,3.4548,1.0,0.0,2.0,1.0,https://account-center.gq/gateway?url=http://fedex-delivery-security-confirm.xyz/login&next=verify&token=51483,1
124.0,47.0,0.0,2.0,5.0,8.0,0.0,0.0,10.0,6.0,0.0484,4.1027,1.0,0.0,0.0,0.0,http://security-netflix-verification-portal-update.com/account/signin/authenticate/step1/verify-password.php?client_id=26119,1
56.0,15.0,0.0,1.0,0.0,0.0,0.0,1.0,0.0,4.0,0.0714,3.7736,0.0,0.0,0.0,0.0,https://theguardian.com/community/discussions/topic/8821,0
127.0,50.0,0.0,2.0,6.0,9.0,0.0,0.0,10.0,6.0,0.0472,4.1493,0.0,0.0,0.0,0.0,http://security-adobe-sign-verification-portal-update.com/account/signin/authenticate/step1/verify-password.php?client_id=48652,1
33.0,17.0,1.0,2.0,0.0,0.0,0.0,1.0,0.0,0.0,0.0,3.0131,0.0,0.0,0.0,0.0,https://community.cnn.com/contact,0
17.0,9.0,0.0,1.0,0.0,0.0,0.0,1.0,0.0,0.0,0.0,2.6416,0.0,0.0,0.0,0.0,https://twitch.tv,0
125.0,47.0,0.0,2.0,5.0,8.0,0.0,1.0,10.0,6.0,0.048,4.1369,1.0,0.0,0.0,0.0,https://security-dropbox-verification-portal-update.com/account/signin/authenticate/step1/verify-password.php?client_id=97231,1
69.0,19.0,1.0,2.0,0.0,2.0,0.0,1.0,0.0,4.0,0.058,3.5369,0.0,0.0,0.0,0.0,https://community.slack.com/community/discussions/topic/8821?ref=home,0
46.0,9.0,0.0,1.0,0.0,2.0,0.0,1.0,0.0,1.0,0.0217,2.9477,0.0,0.0,0.0,0.0,https://apple.com/user/profile/settings?page=2,0
34.0,10.0,0.0,1.0,0.0,2.0,0.0,1.0,0.0,0.0,0.0,3.1219,0.0,0.0,0.0,0.0,https://airbnb.com/contact?lang=en,0
46.0,12.0,2.0,4.0,1.0,1.0,1.0,0.0,3.0,9.0,0.1957,2.6258,0.0,0.0,0.0,0.0,http://172.16.254.1/secure/verify-account.html,1
63.0,31.0,0.0,2.0,0.0,0.0,0.0,0.0,0.0,14.0,0.2222,4.2847,0.0,0.0,0.0,1.0,http://7xo485d4vueer90mwb4ll3k4bk8e.gq/gate/auth/935/index.html,1
47.0,17.0,1.0,2.0,0.0,0.0,0.0,1.0,0.0,0.0,0.0,3.4548,0.0,0.0,0.0,0.0,https://news.linkedin.com/user/profile/settings,0
68.0,17.0,1.0,2.0,3.0,5.0,0.0,0.0,1.0,0.0,0.0,3.3816,0.0,0.0,0.0,0.0,http://support.apple.com/guide/getting-started-with-python?mode=dark,0
42.0,25.0,0.0,2.0,2.0,2.0,0.0,0.0,2.0,1.0,0.0238,3.5631,0.0,0.0,0.0,1.0,http://paypa1-account-center.top/login.php,1
40.0,12.0,2.0,3.0,0.0,0.0,1.0,0.0,1.0,13.0,0.325,2.6258,0.0,0.0,0.0,0.0,http://172.16.254.1/verification/id/4651,1
51.0,8.0,0.0,1.0,0.0,4.0,0.0,1.0,0.0,5.0,0.098,3.0,0.0,0.0,0.0,0.0,https://lyft.com/item?id=49204&category=electronics,0
80.0,32.0,3.0,4.0,0.0,5.0,0.0,0.0,3.0,5.0,0.0625,4.0389,1.0,0.0,1.0,0.0,http://dropbox.verify.auth.bounceme.net/signin?session_id=89337&redirect=account,1
86.0,38.0,3.0,4.0,0.0,5.0,0.0,0.0,4.0,5.0,0.0581,3.9225,1.0,0.0,1.0,0.0,http://netflix.verify.validation.bounceme.net/signin?session_id=60967&redirect=account,1
54.0,13.0,0.0,1.0,0.0,0.0,0.0,1.0,0.0,4.0,0.0741,3.3347,0.0,0.0,0.0,0.0,https://wikipedia.org/community/discussions/topic/8821,0
48.0,9.0,0.0,1.0,0.0,0.0,0.0,1.0,0.0,0.0,0.0,2.9477,0.0,0.0,0.0,0.0,https://quora.com/categories/technology/software,0
49.0,10.0,0.0,1.0,0.0,0.0,0.0,1.0,0.0,0.0,0.0,3.3219,0.0,0.0,0.0,0.0,https://fastly.com/categories/technology/software,0
54.0,22.0,0.0,2.0,0.0,0.0,0.0,0.0,0.0,10.0,0.1852,4.1867,0.0,0.0,0.0,1.0,http://lzw1fu5x012grdmt28.top/gate/auth/948/index.html,1
62.0,11.0,0.0,1.0,3.0,5.0,0.0,1.0,0.0,0.0,0.0,3.0958,0.0,0.0,0.0,0.0,https://youtube.com/guide/getting-started-with-python?ref=home,0
51.0,9.0,0.0,1.0,3.0,3.0,0.0,1.0,0.0,0.0,0.0,2.7255,0.0,0.0,0.0,0.0,https://vimeo.com/guide/getting-started-with-python,0
61.0,18.0,2.0,3.0,0.0,4.0,0.0,1.0,0.0,0.0,0.0,3.128,0.0,0.0,0.0,0.0,https://app.aws.amazon.com/search?q=machine+learning+tutorial,0
32.0,15.0,1.0,2.0,0.0,0.0,0.0,1.0,1.0,0.0,0.0,3.3736,0.0,0.0,0.0,0.0,https://docs.target.com/services,0
59.0,27.0,0.0,2.0,0.0,0.0,0.0,0.0,0.0,12.0,0.2034,3.9303,0.0,0.0,0.0,1.0,http://5qph6gb6p8kh7rt28p6u3u.buzz/gate/auth/303/index.html,1
43.0,25.0,0.0,2.0,2.0,2.0,0.0,1.0,2.0,2.0,0.0465,3.5133,0.0,0.0,0.0,0.0,https://g00gle-account-center.net/login.php,1
125.0,48.0,0.0,2.0,5.0,8.0,0.0,0.0,10.0,6.0,0.048,4.119,1.0,0.0,0.0,0.0,http://security-facebook-verification-portal-update.com/account/signin/authenticate/step1/verify-password.php?client_id=32179,1
26.0,9.0,0.0,1.0,0.0,0.0,0.0,1.0,0.0,0.0,0.0,2.9477,0.0,0.0,0.0,0.0,https://quora.com/products,0
83.0,35.0,3.0,4.0,0.0,5.0,0.0,0.0,4.0,5.0,0.0602,3.8646,1.0,0.0,1.0,0.0,http://chase.login.validation.bounceme.net/signin?session_id=95233&redirect=account,1
37.0,14.0,0.0,1.0,1.0,1.0,0.0,1.0,0.0,0.0,0.0,3.5216,0.0,0.0,0.0,0.0,https://wellsfargo.com/privacy-policy,0
103.0,14.0,0.0,2.0,3.0,9.0,0.0,1.0,6.0,5.0,0.0485,3.3249,1.0,0.0,2.0,1.0,https://auth-portal.tk/gateway?url=http://wellsfargo-security-confirm.xyz/login&next=verify&token=45989,1
56.0,11.0,0.0,1.0,0.0,2.0,0.0,1.0,0.0,2.0,0.0357,3.2776,0.0,0.0,0.0,0.0,https://nytimes.com/documentation/api/v2/overview?page=2,0
45.0,22.0,1.0,2.0,1.0,1.0,0.0,1.0,0.0,0.0,0.0,3.6978,0.0,0.0,0.0,0.0,https://community.vanguard.com/privacy-policy,0
48.0,10.0,0.0,1.0,0.0,0.0,0.0,1.0,0.0,1.0,0.0208,3.1219,0.0,0.0,0.0,0.0,https://target.com/documentation/api/v2/overview,0
57.0,14.0,1.0,2.0,0.0,4.0,0.0,1.0,0.0,5.0,0.0877,3.2359,0.0,0.0,0.0,0.0,https://app.zillow.com/item?id=49204&category=electronics,0
33.0,17.0,1.0,2.0,0.0,0.0,0.0,1.0,0.0,0.0,0.0,3.4548,0.0,0.0,0.0,0.0,https://news.doordash.com/contact,0
27.0,10.0,0.0,1.0,0.0,0.0,0.0,1.0,0.0,0.0,0.0,3.1219,0.0,0.0,0.0,0.0,https://angular.io/help/faq,0
20.0,12.0,0.0,1.0,0.0,0.0,0.0,1.0,0.0,0.0,0.0,3.4183,0.0,0.0,0.0,0.0,https://stanford.edu,0
50.0,33.0,0.0,2.0,3.0,3.0,0.0,0.0,3.0,1.0,0.02,3.6771,0.0,0.0,0.0,0.0,http://app1e-security-account-center.net/login.php,1
125.0,48.0,0.0,2.0,5.0,8.0,0.0,0.0,10.0,6.0,0.048,4.08,0.0,0.0,0.0,0.0,http://security-metamask-verification-portal-update.com/account/signin/authenticate/step1/verify-password.php?client_id=63194,1
55.0,12.0,0.0,1.0,0.0,4.0,0.0,1.0,0.0,0.0,0.0,3.2516,0.0,0.0,0.0,0.0,https://linkedin.com/search?q=machine+learning+tutorial,0
47.0,13.0,2.0,4.0,1.0,1.0,1.0,0.0,3.0,10.0,0.2128,2.4493,0.0,0.0,0.0,0.0,http://194.26.29.112/secure/verify-account.html,1
41.0,13.0,2.0,3.0,0.0,0.0,1.0,0.0,1.0,14.0,0.3415,2.8151,0.0,0.0,0.0,0.0,http://198.51.100.42/verification/id/5960,1
64.0,26.0,0.0,2.0,2.0,2.0,0.0,1.0,4.0,4.0,0.0625,3.7193,1.0,0.0,0.0,1.0,https://google-wallet-recovery.fit/verify/user/1889/security.php,1
124.0,47.0,0.0,2.0,5.0,8.0,0.0,0.0,10.0,6.0,0.0484,4.1369,1.0,0.0,0.0,0.0,http://security-dropbox-verification-portal-update.com/account/signin/authenticate/step1/verify-password.php?client_id=89691,1
41.0,18.0,1.0,2.0,1.0,1.0,0.0,1.0,0.0,0.0,0.0,3.4613,0.0,0.0,0.0,0.0,https://news.bloomberg.com/privacy-policy,0
30.0,13.0,0.0,1.0,0.0,0.0,0.0,1.0,0.0,0.0,0.0,3.3927,0.0,0.0,0.0,0.0,https://pinterest.com/products,0
41.0,14.0,1.0,2.0,0.0,2.0,0.0,0.0,0.0,2.0,0.0488,3.2359,0.0,0.0,0.0,0.0,http://dev.amazon.com/watch?v=dQw4w9WgXcQ,0
109.0,16.0,0.0,2.0,4.0,10.0,0.0,1.0,6.0,5.0,0.0459,3.5,1.0,0.0,2.0,1.0,https://auth-portal.buzz/gateway?url=http://fedex-delivery-security-confirm.xyz/login&next=verify&token=21648,1
61.0,9.0,0.0,1.0,3.0,5.0,0.0,1.0,0.0,0.0,0.0,2.6416,0.0,0.0,0.0,0.0,https://yahoo.com/guide/getting-started-with-python?mode=dark,0
104.0,17.0,0.0,2.0,3.0,9.0,0.0,1.0,6.0,5.0,0.0481,3.4548,0.0,0.0,2.0,1.0,https://account-center.ml/gateway?url=http://metamask-security-confirm.xyz/login&next=verify&token=23816,1
105.0,17.0,0.0,2.0,3.0,9.0,0.0,1.0,6.0,5.0,0.0476,3.2639,1.0,0.0,2.0,1.0,https://account-center.cf/gateway?url=http://microsoft-security-confirm.xyz/login&next=verify&token=21239,1
126.0,49.0,0.0,2.0,5.0,8.0,0.0,0.0,10.0,6.0,0.0476,4.0822,1.0,0.0,0.0,0.0,http://security-instagram-verification-portal-update.com/account/signin/authenticate/step1/verify-password.php?client_id=36062,1
48.0,10.0,0.0,1.0,0.0,0.0,0.0,1.0,0.0,1.0,0.0208,3.3219,0.0,0.0,0.0,0.0,https://gitlab.com/documentation/api/v2/overview,0
41.0,24.0,0.0,2.0,2.0,2.0,0.0,0.0,2.0,1.0,0.0244,3.4864,0.0,0.0,0.0,0.0,http://paypa1-account-center.cc/login.php,1
43.0,25.0,0.0,2.0,2.0,2.0,0.0,1.0,2.0,2.0,0.0465,3.5133,0.0,0.0,0.0,0.0,https://g00gle-account-center.net/login.php,1
78.0,30.0,3.0,4.0,0.0,5.0,0.0,0.0,4.0,5.0,0.0641,3.6696,1.0,0.0,1.0,0.0,http://amazon.secure.service.ddns.net/signin?session_id=86048&redirect=account,1
67.0,28.0,0.0,2.0,3.0,3.0,0.0,0.0,4.0,3.0,0.0448,4.1106,0.0,0.0,0.0,1.0,http://office365-verify-account.xyz/account/update-credentials.html,1
53.0,11.0,0.0,1.0,3.0,3.0,0.0,1.0,0.0,0.0,0.0,3.0958,0.0,0.0,0.0,0.0,https://youtube.com/guide/getting-started-with-python,0
47.0,13.0,2.0,3.0,0.0,2.0,1.0,0.0,1.0,16.0,0.3404,2.4493,0.0,0.0,0.0,0.0,http://45.142.214.18/auth/signin?session=216793,1
35.0,9.0,0.0,1.0,0.0,2.0,0.0,1.0,0.0,0.0,0.0,2.9477,0.0,0.0,0.0,0.0,https://adobe.com/products?ref=home,0
45.0,28.0,0.0,2.0,2.0,2.0,0.0,0.0,2.0,1.0,0.0222,3.7804,0.0,0.0,0.0,1.0,http://micros0ft-account-center.top/login.php,1
50.0,33.0,0.0,2.0,3.0,3.0,0.0,0.0,3.0,1.0,0.02,3.9077,0.0,0.0,0.0,1.0,http://app1e-security-account-center.xyz/login.php,1
54.0,7.0,0.0,1.0,0.0,2.0,0.0,1.0,0.0,0.0,0.0,2.5216,0.0,0.0,0.0,0.0,https://zoom.us/categories/technology/software?lang=en,0
55.0,23.0,0.0,2.0,0.0,0.0,0.0,0.0,0.0,10.0,0.1818,4.056,0.0,0.0,0.0,1.0,http://2v51psxt0s9f3lz0wf.rest/gate/auth/301/index.html,1
55.0,23.0,0.0,2.0,0.0,0.0,0.0,0.0,0.0,10.0,0.1818,4.1757,0.0,0.0,0.0,1.0,http://fe85s0i99n7tcatplx3g.cf/gate/auth/489/index.html,1
50.0,33.0,0.0,2.0,3.0,3.0,0.0,0.0,3.0,1.0,0.02,3.8849,0.0,0.0,0.0,1.0,http://netf1ix-verify-account-center.top/login.php,1
103.0,15.0,0.0,2.0,3.0,9.0,0.0,1.0,6.0,5.0,0.0485,3.4566,1.0,0.0,2.0,1.0,https://auth-portal.cam/gateway?url=http://microsoft-security-confirm.xyz/login&next=verify&token=67729,1
70.0,27.0,0.0,1.0,3.0,8.0,0.0,0.0,3.0,4.0,0.0571,4.0043,1.0,0.0,0.0,1.0,http://facebook-password-reset.xyz/webscr?cmd=_login-run&dispatch=3565,1
49.0,32.0,0.0,2.0,3.0,3.0,0.0,0.0,3.0,1.0,0.0204,3.7539,0.0,0.0,0.0,0.0,http://netf1ix-verify-account-center.cc/login.php,1
41.0,24.0,0.0,2.0,2.0,2.0,0.0,0.0,2.0,1.0,0.0244,3.4864,0.0,0.0,0.0,0.0,http://paypa1-account-center.cc/login.php,1
62.0,29.0,0.0,2.0,0.0,0.0,0.0,1.0,0.0,13.0,0.2097,4.1852,0.0,0.0,0.0,1.0,https://jd5sloc8d6ji874u77w9a8lytu.tk/gate/auth/592/index.html,1
37.0,14.0,1.0,2.0,1.0,1.0,0.0,1.0,0.0,0.0,0.0,3.3788,0.0,0.0,0.0,0.0,https://api.target.com/privacy-policy,0
54.0,22.0,0.0,2.0,0.0,0.0,0.0,0.0,0.0,10.0,0.1852,4.0049,0.0,0.0,0.0,1.0,http://idbx287gt76i3hzcd3g.ml/gate/auth/897/index.html,1
53.0,14.0,0.0,2.0,1.0,1.0,0.0,0.0,0.0,3.0,0.0566,3.5216,0.0,0.0,0.0,0.0,http://cloudflare.net/downloads/releases/version-3.13,0
57.0,25.0,0.0,2.0,0.0,0.0,0.0,0.0,0.0,10.0,0.1754,4.3239,0.0,0.0,0.0,1.0,http://g1r1cqkih548jrpe2xn9tx.ga/gate/auth/212/index.html,1
58.0,9.0,0.0,1.0,3.0,5.0,0.0,1.0,0.0,1.0,0.0172,2.9477,0.0,0.0,0.0,0.0,https://quora.com/guide/getting-started-with-python?page=2,0
48.0,18.0,1.0,2.0,0.0,0.0,0.0,1.0,0.0,0.0,0.0,3.5033,0.0,0.0,0.0,0.0,https://app.cloudflare.com/user/profile/settings,0
56.0,9.0,0.0,1.0,1.0,1.0,0.0,1.0,1.0,4.0,0.0714,2.7255,0.0,0.0,0.0,0.0,https://vimeo.com/blog/article/2026/cybersecurity-trends,0
53.0,10.0,0.0,1.0,0.0,4.0,0.0,1.0,0.0,5.0,0.0943,3.1219,0.0,0.0,0.0,0.0,https://forbes.com/item?id=49204&category=electronics,0
128.0,50.0,0.0,2.0,6.0,9.0,0.0,1.0,10.0,6.0,0.0469,4.1493,0.0,0.0,0.0,0.0,https://security-adobe-sign-verification-portal-update.com/account/signin/authenticate/step1/verify-password.php?client_id=55251,1
36.0,11.0,0.0,1.0,2.0,2.0,0.0,1.0,1.0,0.0,0.0,3.2776,0.0,0.0,0.0,0.0,https://bestbuy.com/terms-of-service,0
41.0,12.0,0.0,1.0,0.0,2.0,0.0,1.0,0.0,0.0,0.0,3.0221,0.0,0.0,0.0,0.0,https://doordash.com/help/faq?sort=recent,0
47.0,13.0,2.0,4.0,1.0,1.0,1.0,0.0,3.0,10.0,0.2128,2.5074,0.0,0.0,0.0,0.0,http://185.220.101.5/secure/verify-account.html,1
103.0,14.0,0.0,2.0,3.0,9.0,0.0,1.0,6.0,5.0,0.0485,3.3249,1.0,0.0,2.0,1.0,https://auth-portal.ga/gateway?url=http://wellsfargo-security-confirm.xyz/login&next=verify&token=36009,1
36.0,9.0,2.0,4.0,0.0,2.0,1.0,0.0,1.0,6.0,0.1667,2.1133,1.0,0.0,0.0,0.0,http://10.0.0.45/login.php?ref=chase,1
21.0,13.0,0.0,1.0,0.0,0.0,0.0,1.0,0.0,0.0,0.0,3.3927,0.0,0.0,0.0,0.0,https://instagram.com,0
45.0,7.0,0.0,1.0,0.0,0.0,0.0,1.0,0.0,1.0,0.0222,2.2359,0.0,0.0,0.0,0.0,https://cnn.com/documentation/api/v2/overview,0
58.0,26.0,0.0,2.0,0.0,0.0,0.0,0.0,0.0,9.0,0.1552,3.9501,0.0,0.0,0.0,1.0,http://ie6dueprtiry3ti0m2q22yo.gq/gate/auth/755/index.html,1
47.0,13.0,2.0,4.0,1.0,1.0,1.0,0.0,3.0,10.0,0.2128,2.4493,0.0,0.0,0.0,0.0,http://45.142.214.18/secure/verify-account.html,1
61.0,14.0,0.0,1.0,2.0,4.0,0.0,1.0,1.0,5.0,0.082,3.3788,0.0,0.0,0.0,0.0,https://cloudflare.com/news/2026/global-markets-update?page=2,0
49.0,7.0,0.0,1.0,3.0,3.0,0.0,1.0,0.0,0.0,0.0,2.8074,0.0,0.0,0.0,0.0,https://mit.edu/guide/getting-started-with-python,0
49.0,8.0,0.0,1.0,0.0,0.0,0.0,1.0,0.0,4.0,0.0816,2.75,0.0,0.0,0.0,0.0,https://imdb.com/community/discussions/topic/8821,0
22.0,14.0,1.0,2.0,0.0,0.0,0.0,1.0,0.0,0.0,0.0,3.3249,0.0,0.0,0.0,0.0,https://news.react.dev,0
53.0,13.0,2.0,3.0,2.0,5.0,1.0,0.0,3.0,10.0,0.1887,2.4493,0.0,0.0,0.0,0.0,http://194.26.29.112/cgi-bin/webscr?cmd=_login-submit,1
127.0,49.0,0.0,2.0,5.0,8.0,0.0,1.0,10.0,9.0,0.0709,4.1887,0.0,0.0,0.0,0.0,https://security-office365-verification-portal-update.com/account/signin/authenticate/step1/verify-password.php?client_id=63170,1
122.0,45.0,0.0,2.0,5.0,8.0,0.0,0.0,10.0,6.0,0.0492,4.0805,1.0,0.0,0.0,0.0,http://security-chase-verification-portal-update.com/account/signin/authenticate/step1/verify-password.php?client_id=75748,1
124.0,47.0,0.0,2.0,5.0,8.0,0.0,0.0,10.0,6.0,0.0484,4.0253,1.0,0.0,0.0,0.0,http://security-appleid-verification-portal-update.com/account/signin/authenticate/step1/verify-password.php?client_id=25738,1
66.0,33.0,0.0,2.0,0.0,0.0,0.0,1.0,0.0,6.0,0.0909,4.2485,0.0,0.0,0.0,1.0,https://efzvmt4fvmypj2nnoc3arpyyfgtu.rest/gate/auth/223/index.html,1
51.0,10.0,0.0,1.0,0.0,0.0,0.0,1.0,0.0,4.0,0.0784,3.3219,0.0,0.0,0.0,0.0,https://stripe.com/community/discussions/topic/8821,0
48.0,10.0,0.0,1.0,0.0,0.0,0.0,1.0,0.0,1.0,0.0208,2.7219,0.0,0.0,0.0,0.0,https://amazon.com/documentation/api/v2/overview,0
83.0,35.0,3.0,4.0,0.0,5.0,0.0,0.0,4.0,5.0,0.0602,3.9433,1.0,0.0,1.0,0.0,http://microsoft.secure.portal.duckdns.org/signin?session_id=71762&redirect=account,1
51.0,11.0,1.0,3.0,1.0,1.0,0.0,1.0,0.0,3.0,0.0588,3.0958,0.0,0.0,0.0,0.0,https://api.nih.gov/downloads/releases/version-3.13,0
28.0,12.0,1.0,2.0,0.0,0.0,0.0,1.0,0.0,0.0,0.0,3.4183,0.0,0.0,0.0,0.0,https://api.etsy.com/contact,0
43.0,25.0,0.0,2.0,2.0,2.0,0.0,1.0,2.0,2.0,0.0465,3.5133,0.0,0.0,0.0,0.0,https://g00gle-account-center.net/login.php,1
80.0,32.0,3.0,4.0,0.0,5.0,0.0,0.0,3.0,5.0,0.0625,3.757,1.0,0.0,1.0,0.0,http://netflix.secure.auth.bounceme.net/signin?session_id=85602&redirect=account,1
50.0,33.0,0.0,2.0,3.0,3.0,0.0,0.0,3.0,1.0,0.02,3.7984,0.0,0.0,0.0,0.0,http://app1e-security-account-center.com/login.php,1
48.0,10.0,0.0,1.0,0.0,0.0,0.0,1.0,0.0,1.0,0.0208,2.9219,0.0,0.0,0.0,0.0,https://docker.com/documentation/api/v2/overview,0
81.0,33.0,3.0,4.0,0.0,5.0,0.0,0.0,2.0,5.0,0.0617,3.6653,1.0,0.0,1.0,0.0,http://netflix.account.auth.bounceme.net/signin?session_id=90258&redirect=account,1
122.0,45.0,0.0,2.0,5.0,8.0,0.0,0.0,10.0,6.0,0.0492,4.0805,1.0,0.0,0.0,0.0,http://security-chase-verification-portal-update.com/account/signin/authenticate/step1/verify-password.php?client_id=38652,1
65.0,8.0,0.0,1.0,1.0,3.0,0.0,1.0,1.0,4.0,0.0615,3.0,0.0,0.0,0.0,0.0,https://yelp.com/blog/article/2026/cybersecurity-trends?mode=dark,0
128.0,50.0,0.0,2.0,6.0,9.0,0.0,1.0,10.0,6.0,0.0469,4.1493,0.0,0.0,0.0,0.0,https://security-adobe-sign-verification-portal-update.com/account/signin/authenticate/step1/verify-password.php?client_id=16224,1
60.0,17.0,1.0,2.0,0.0,4.0,0.0,1.0,0.0,0.0,0.0,3.4992,0.0,0.0,0.0,0.0,https://docs.vanguard.com/search?q=machine+learning+tutorial,0
39.0,11.0,0.0,1.0,0.0,2.0,0.0,1.0,0.0,2.0,0.0513,3.2776,0.0,0.0,0.0,0.0,https://nytimes.com/watch?v=dQw4w9WgXcQ,0
61.0,11.0,0.0,1.0,3.0,5.0,0.0,1.0,0.0,0.0,0.0,3.0272,0.0,0.0,0.0,0.0,https://twitter.com/guide/getting-started-with-python?lang=en,0
35.0,7.0,0.0,1.0,0.0,2.0,0.0,1.0,0.0,2.0,0.0571,2.5216,0.0,0.0,0.0,0.0,https://cdc.gov/watch?v=dQw4w9WgXcQ,0
56.0,13.0,0.0,1.0,0.0,4.0,0.0,1.0,0.0,0.0,0.0,3.3927,0.0,0.0,0.0,0.0,https://instagram.com/search?q=machine+learning+tutorial,0
83.0,34.0,3.0,4.0,0.0,5.0,0.0,1.0,4.0,5.0,0.0602,3.7933,0.0,0.0,1.0,0.0,https://coinbase.login.portal.bounceme.net/signin?session_id=66027&redirect=account,1
49.0,9.0,0.0,2.0,1.0,1.0,0.0,1.0,0.0,3.0,0.0612,2.6416,0.0,0.0,0.0,0.0,https://twitch.tv/downloads/releases/version-3.13,0
46.0,12.0,2.0,4.0,1.0,1.0,1.0,0.0,3.0,9.0,0.1957,2.6258,0.0,0.0,0.0,0.0,http://172.16.254.1/secure/verify-account.html,1
24.0,7.0,0.0,1.0,0.0,0.0,0.0,1.0,1.0,0.0,0.0,2.2359,0.0,0.0,0.0,0.0,https://bbc.com/services,0
130.0,52.0,0.0,2.0,6.0,9.0,0.0,1.0,10.0,6.0,0.0462,4.1939,1.0,0.0,0.0,0.0,https://security-dhl-tracking-verification-portal-update.com/account/signin/authenticate/step1/verify-password.php?client_id=44141,1
113.0,21.0,0.0,2.0,4.0,10.0,0.0,0.0,6.0,5.0,0.0442,3.8802,1.0,0.0,2.0,1.0,http://verification-hub.buzz/gateway?url=http://fedex-delivery-security-confirm.xyz/login&next=verify&token=49005,1
79.0,31.0,3.0,4.0,0.0,5.0,0.0,0.0,4.0,5.0,0.0633,3.8087,1.0,0.0,1.0,0.0,http://netflix.verify.portal.hopto.org/signin?session_id=94913&redirect=account,1
55.0,22.0,0.0,2.0,0.0,0.0,0.0,1.0,0.0,7.0,0.1273,4.1867,0.0,0.0,0.0,1.0,https://p4k9dxoq8jxlfiuefz1.tk/gate/auth/710/index.html,1
51.0,33.0,0.0,2.0,3.0,3.0,0.0,1.0,3.0,1.0,0.0196,3.8849,0.0,0.0,0.0,1.0,https://netf1ix-verify-account-center.top/login.php,1
44.0,13.0,2.0,4.0,0.0,2.0,1.0,0.0,1.0,10.0,0.2273,2.7193,1.0,0.0,0.0,0.0,http://192.168.1.105/login.php?ref=instagram,1
58.0,19.0,1.0,2.0,0.0,0.0,0.0,1.0,0.0,0.0,0.0,3.5369,0.0,0.0,0.0,0.0,https://blog.wellsfargo.com/categories/technology/software,0
54.0,15.0,1.0,2.0,0.0,0.0,0.0,1.0,0.0,0.0,0.0,3.5069,0.0,0.0,0.0,0.0,https://dev.bestbuy.com/categories/technology/software,0
46.0,11.0,0.0,1.0,1.0,3.0,0.0,1.0,0.0,0.0,0.0,3.2776,0.0,0.0,0.0,0.0,https://weather.com/privacy-policy?sort=recent,0
38.0,14.0,0.0,1.0,0.0,2.0,0.0,1.0,0.0,1.0,0.0263,3.2359,0.0,0.0,0.0,0.0,https://craigslist.org/help/faq?page=2,0
41.0,11.0,0.0,1.0,0.0,0.0,0.0,1.0,0.0,0.0,0.0,3.0958,0.0,0.0,0.0,0.0,https://mozilla.org/user/profile/settings,0
106.0,20.0,0.0,2.0,3.0,9.0,0.0,0.0,6.0,5.0,0.0472,3.8842,1.0,0.0,2.0,0.0,http://verification-hub.com/gateway?url=http://linkedin-security-confirm.xyz/login&next=verify&token=99600,1
22.0,14.0,0.0,1.0,0.0,0.0,0.0,1.0,0.0,0.0,0.0,3.3788,0.0,0.0,0.0,0.0,https://cloudflare.com,0
80.0,32.0,3.0,4.0,0.0,5.0,0.0,0.0,3.0,5.0,0.0625,4.0122,1.0,0.0,1.0,0.0,http://appleid.verify.auth.bounceme.net/signin?session_id=95879&redirect=account,1
25.0,11.0,0.0,1.0,0.0,0.0,0.0,1.0,0.0,0.0,0.0,3.0272,0.0,0.0,0.0,0.0,https://booking.com/about,0
40.0,12.0,0.0,1.0,0.0,2.0,0.0,1.0,0.0,2.0,0.05,3.0221,0.0,0.0,0.0,0.0,https://doordash.com/watch?v=dQw4w9WgXcQ,0
61.0,12.0,1.0,2.0,0.0,2.0,0.0,1.0,0.0,0.0,0.0,2.8554,0.0,0.0,0.0,0.0,https://news.cnn.com/categories/technology/software?mode=dark,0
87.0,38.0,3.0,4.0,1.0,6.0,0.0,1.0,3.0,5.0,0.0575,4.0831,1.0,0.0,1.0,0.0,https://dhl-tracking.secure.auth.servehttp.com/signin?session_id=59425&redirect=account,1
42.0,14.0,2.0,3.0,0.0,0.0,1.0,0.0,1.0,15.0,0.3571,2.4138,0.0,0.0,0.0,0.0,http://103.208.220.12/verification/id/1866,1
62.0,30.0,0.0,2.0,0.0,0.0,0.0,0.0,0.0,12.0,0.1935,4.3232,0.0,0.0,0.0,1.0,http://4p61nhvcfwr2f5t82ddl7fkndg1.gq/gate/auth/584/index.html,1
68.0,20.0,1.0,2.0,0.0,2.0,0.0,1.0,1.0,5.0,0.0735,3.8219,0.0,0.0,0.0,0.0,https://support.fidelity.com/community/discussions/topic/8821?page=2,0
26.0,9.0,0.0,1.0,0.0,0.0,0.0,1.0,0.0,0.0,0.0,2.9477,0.0,0.0,0.0,0.0,https://adobe.com/products,0
84.0,35.0,3.0,4.0,0.0,5.0,0.0,1.0,4.0,5.0,0.0595,3.9433,0.0,0.0,1.0,0.0,https://binance.verify.validation.hopto.org/signin?session_id=10834&redirect=account,1
50.0,14.0,2.0,4.0,1.0,3.0,1.0,0.0,1.0,11.0,0.22,2.4138,1.0,0.0,0.0,0.0,http://103.208.220.12/login.php?ref=fedex-delivery,1
42.0,24.0,0.0,2.0,2.0,2.0,0.0,1.0,2.0,1.0,0.0238,3.4864,0.0,0.0,0.0,0.0,https://paypa1-account-center.cc/login.php,1
18.0,10.0,0.0,1.0,0.0,0.0,0.0,1.0,0.0,0.0,0.0,2.9219,0.0,0.0,0.0,0.0,https://docker.com,0
103.0,16.0,0.0,2.0,3.0,9.0,0.0,1.0,6.0,5.0,0.0485,3.5,1.0,0.0,2.0,1.0,https://auth-portal.work/gateway?url=http://facebook-security-confirm.xyz/login&next=verify&token=44108,1
46.0,12.0,2.0,4.0,1.0,1.0,1.0,0.0,3.0,9.0,0.1957,2.4591,0.0,0.0,0.0,0.0,http://203.0.113.19/secure/verify-account.html,1
88.0,39.0,3.0,4.0,1.0,6.0,0.0,1.0,3.0,5.0,0.0568,4.0034,1.0,0.0,1.0,0.0,https://fedex-delivery.verify.auth.bounceme.net/signin?session_id=24097&redirect=account,1
52.0,9.0,0.0,1.0,0.0,4.0,0.0,1.0,0.0,0.0,0.0,2.6416,0.0,0.0,0.0,0.0,https://twitch.tv/search?q=machine+learning+tutorial,0
124.0,47.0,0.0,2.0,5.0,8.0,0.0,0.0,10.0,6.0,0.0484,4.1369,1.0,0.0,0.0,0.0,http://security-dropbox-verification-portal-update.com/account/signin/authenticate/step1/verify-password.php?client_id=38272,1
42.0,13.0,0.0,1.0,0.0,2.0,0.0,1.0,1.0,0.0,0.0,3.027,0.0,0.0,0.0,0.0,https://microsoft.com/services?sort=recent,0
29.0,13.0,0.0,1.0,0.0,0.0,0.0,0.0,0.0,0.0,0.0,3.027,0.0,0.0,0.0,0.0,http://homedepot.com/products,0
42.0,25.0,0.0,2.0,2.0,2.0,0.0,0.0,2.0,2.0,0.0476,3.5133,0.0,0.0,0.0,0.0,http://g00gle-account-center.net/login.php,1
50.0,13.0,0.0,1.0,0.0,2.0,0.0,1.0,0.0,1.0,0.02,3.027,0.0,0.0,0.0,0.0,https://microsoft.com/user/profile/settings?page=2,0
84.0,36.0,3.0,4.0,0.0,5.0,0.0,0.0,4.0,5.0,0.0595,4.0169,0.0,0.0,1.0,0.0,http://metamask.secure.validation.hopto.org/signin?session_id=74920&redirect=account,1
62.0,19.0,1.0,2.0,0.0,4.0,0.0,1.0,0.0,5.0,0.0806,3.5766,0.0,0.0,0.0,0.0,https://docs.wellsfargo.com/item?id=49204&category=electronics,0
49.0,10.0,0.0,1.0,2.0,2.0,0.0,0.0,1.0,4.0,0.0816,3.1219,0.0,0.0,0.0,0.0,http://nodejs.org/news/2026/global-markets-update,0
49.0,9.0,2.0,3.0,2.0,5.0,1.0,0.0,3.0,6.0,0.1224,2.1133,0.0,0.0,0.0,0.0,http://10.0.0.45/cgi-bin/webscr?cmd=_login-submit,1
78.0,30.0,3.0,4.0,0.0,5.0,0.0,0.0,3.0,5.0,0.0641,3.7899,1.0,0.0,1.0,0.0,http://facebook.secure.auth.zapto.org/signin?session_id=67146&redirect=account,1
45.0,28.0,0.0,2.0,2.0,2.0,0.0,0.0,2.0,1.0,0.0222,3.9947,0.0,0.0,0.0,1.0,http://micros0ft-account-center.xyz/login.php,1
54.0,14.0,0.0,1.0,2.0,2.0,0.0,1.0,1.0,4.0,0.0741,3.2359,0.0,0.0,0.0,0.0,https://craigslist.org/news/2026/global-markets-update,0
46.0,28.0,0.0,2.0,2.0,2.0,0.0,1.0,2.0,1.0,0.0217,3.7804,0.0,0.0,0.0,1.0,https://micros0ft-account-center.top/login.php,1
125.0,47.0,0.0,2.0,5.0,8.0,0.0,1.0,10.0,6.0,0.048,4.0253,1.0,0.0,0.0,0.0,https://security-appleid-verification-portal-update.com/account/signin/authenticate/step1/verify-password.php?client_id=52336,1
41.0,24.0,0.0,2.0,2.0,2.0,0.0,0.0,2.0,1.0,0.0244,3.4864,0.0,0.0,0.0,0.0,http://paypa1-account-center.cc/login.php,1
85.0,37.0,3.0,4.0,0.0,5.0,0.0,0.0,4.0,8.0,0.0941,4.1522,0.0,0.0,1.0,0.0,http://office365.secure.validation.hopto.org/signin?session_id=77970&redirect=account,1
79.0,31.0,3.0,4.0,0.0,5.0,0.0,0.0,3.0,5.0,0.0633,4.1557,1.0,0.0,1.0,0.0,http://appleid.verify.auth.duckdns.org/signin?session_id=10404&redirect=account,1
71.0,28.0,0.0,1.0,3.0,8.0,0.0,0.0,3.0,4.0,0.0563,3.8693,1.0,0.0,0.0,1.0,http://wellsfargo-unlock-account.tk/webscr?cmd=_login-run&dispatch=1854,1
40.0,12.0,2.0,3.0,0.0,0.0,1.0,0.0,1.0,13.0,0.325,2.6258,0.0,0.0,0.0,0.0,http://172.16.254.1/verification/id/8027,1
130.0,52.0,0.0,2.0,6.0,9.0,0.0,1.0,10.0,6.0,0.0462,4.1939,1.0,0.0,0.0,0.0,https://security-dhl-tracking-verification-portal-update.com/account/signin/authenticate/step1/verify-password.php?client_id=28423,1
52.0,12.0,1.0,3.0,1.0,1.0,0.0,1.0,0.0,3.0,0.0577,3.085,0.0,0.0,0.0,0.0,https://news.zoom.us/downloads/releases/version-3.13,0
51.0,8.0,0.0,1.0,0.0,4.0,0.0,1.0,0.0,0.0,0.0,3.0,0.0,0.0,0.0,0.0,https://etsy.com/search?q=machine+learning+tutorial,0
42.0,25.0,0.0,2.0,2.0,2.0,0.0,0.0,2.0,1.0,0.0238,3.5631,0.0,0.0,0.0,1.0,http://paypa1-account-center.top/login.php,1
42.0,25.0,0.0,2.0,2.0,2.0,0.0,0.0,2.0,1.0,0.0238,3.5631,0.0,0.0,0.0,1.0,http://paypa1-account-center.top/login.php,1
102.0,16.0,0.0,2.0,3.0,9.0,0.0,1.0,6.0,5.0,0.049,3.4528,0.0,0.0,2.0,1.0,https://auth-portal.rest/gateway?url=http://outlook-security-confirm.xyz/login&next=verify&token=49888,1
58.0,20.0,1.0,2.0,0.0,0.0,0.0,1.0,0.0,1.0,0.0172,3.5464,0.0,0.0,0.0,0.0,https://community.target.com/documentation/api/v2/overview,0
74.0,30.0,0.0,1.0,3.0,8.0,0.0,1.0,4.0,5.0,0.0676,3.7777,1.0,0.0,0.0,1.0,https://microsoft-2fa-verification.icu/webscr?cmd=_login-run&dispatch=7503,1
42.0,25.0,0.0,2.0,2.0,2.0,0.0,0.0,2.0,1.0,0.0238,3.5329,0.0,0.0,0.0,0.0,http://paypa1-account-center.net/login.php,1
103.0,17.0,0.0,2.0,3.0,9.0,0.0,0.0,6.0,5.0,0.0485,3.3372,0.0,0.0,2.0,1.0,http://account-center.ga/gateway?url=http://metamask-security-confirm.xyz/login&next=verify&token=68171,1
132.0,54.0,0.0,2.0,6.0,9.0,0.0,1.0,10.0,6.0,0.0455,4.0903,1.0,0.0,0.0,0.0,https://security-fedex-delivery-verification-portal-update.com/account/signin/authenticate/step1/verify-password.php?client_id=57432,1
90.0,42.0,3.0,4.0,1.0,6.0,0.0,0.0,4.0,5.0,0.0556,4.1213,0.0,0.0,1.0,0.0,http://adobe-sign.secure.validation.servehttp.com/signin?session_id=32562&redirect=account,1
35.0,11.0,0.0,1.0,2.0,2.0,0.0,0.0,1.0,0.0,0.0,3.4594,0.0,0.0,0.0,0.0,http://netflix.com/terms-of-service,0
44.0,27.0,0.0,2.0,2.0,2.0,0.0,0.0,2.0,1.0,0.0227,3.634,0.0,0.0,0.0,0.0,http://micros0ft-account-center.cc/login.php,1
59.0,26.0,0.0,2.0,0.0,0.0,0.0,1.0,0.0,7.0,0.1186,4.1329,0.0,0.0,0.0,1.0,https://ypqpmqk8sz7iwdl14wcid.buzz/gate/auth/158/index.html,1
28.0,12.0,1.0,2.0,0.0,0.0,0.0,1.0,0.0,0.0,0.0,3.2516,0.0,0.0,0.0,0.0,https://news.nih.gov/contact,0
56.0,14.0,0.0,1.0,0.0,4.0,0.0,0.0,0.0,0.0,0.0,3.5216,0.0,0.0,0.0,0.0,http://wellsfargo.com/search?q=machine+learning+tutorial,0
36.0,9.0,0.0,1.0,0.0,2.0,0.0,1.0,0.0,0.0,0.0,3.1699,0.0,0.0,0.0,0.0,https://vuejs.org/help/faq?mode=dark,0
59.0,19.0,1.0,2.0,2.0,2.0,0.0,1.0,1.0,4.0,0.0678,3.8269,0.0,0.0,0.0,0.0,https://dev.theguardian.com/news/2026/global-markets-update,0
47.0,12.0,2.0,4.0,0.0,2.0,1.0,0.0,2.0,9.0,0.1915,2.4591,1.0,0.0,0.0,0.0,http://203.0.113.19/login.php?ref=bankofamerica,1
60.0,21.0,1.0,2.0,0.0,0.0,0.0,1.0,0.0,0.0,0.0,3.4633,0.0,0.0,0.0,0.0,https://community.spotify.com/categories/technology/software,0
58.0,15.0,1.0,2.0,0.0,4.0,0.0,1.0,0.0,5.0,0.0862,3.5069,0.0,0.0,0.0,0.0,https://blog.reddit.com/item?id=49204&category=electronics,0
34.0,17.0,0.0,1.0,0.0,0.0,0.0,1.0,2.0,0.0,0.0,3.4548,0.0,0.0,0.0,0.0,https://bankofamerica.com/services,0
34.0,17.0,1.0,2.0,0.0,0.0,0.0,1.0,0.0,0.0,0.0,3.2928,0.0,0.0,0.0,0.0,https://app.wikipedia.org/products,0
79.0,31.0,3.0,4.0,0.0,5.0,0.0,0.0,4.0,5.0,0.0633,3.8732,1.0,0.0,1.0,0.0,http://chase.login.portal.bounceme.net/signin?session_id=31414&redirect=account,1
53.0,11.0,0.0,1.0,3.0,3.0,0.0,1.0,0.0,0.0,0.0,3.2776,0.0,0.0,0.0,0.0,https://bestbuy.com/guide/getting-started-with-python,0
109.0,18.0,0.0,2.0,3.0,9.0,0.0,0.0,7.0,5.0,0.0459,3.5724,1.0,0.0,2.0,1.0,http://account-center.xyz/gateway?url=http://bankofamerica-security-confirm.xyz/login&next=verify&token=96562,1
47.0,13.0,2.0,3.0,0.0,2.0,1.0,0.0,1.0,16.0,0.3404,2.4493,0.0,0.0,0.0,0.0,http://45.142.214.18/auth/signin?session=593563,1
60.0,10.0,0.0,2.0,1.0,3.0,0.0,1.0,0.0,3.0,0.05,2.9219,0.0,0.0,0.0,0.0,https://docker.com/downloads/releases/version-3.13?mode=dark,0
126.0,48.0,0.0,2.0,5.0,8.0,0.0,1.0,10.0,6.0,0.0476,4.0999,1.0,0.0,0.0,0.0,https://security-linkedin-verification-portal-update.com/account/signin/authenticate/step1/verify-password.php?client_id=11520,1
49.0,32.0,0.0,2.0,3.0,3.0,0.0,0.0,3.0,1.0,0.0204,3.6556,0.0,0.0,0.0,0.0,http://app1e-security-account-center.cc/login.php,1
27.0,10.0,0.0,1.0,0.0,0.0,0.0,1.0,0.0,0.0,0.0,2.6464,0.0,0.0,0.0,0.0,https://google.com/products,0
105.0,21.0,0.0,2.0,3.0,9.0,0.0,0.0,6.0,5.0,0.0476,3.8802,1.0,0.0,2.0,1.0,http://verification-hub.buzz/gateway?url=http://amazon-security-confirm.xyz/login&next=verify&token=82910,1
57.0,10.0,0.0,1.0,1.0,1.0,0.0,1.0,1.0,4.0,0.0702,2.9219,0.0,0.0,0.0,0.0,https://docker.com/blog/article/2026/cybersecurity-trends,0
60.0,10.0,0.0,1.0,2.0,4.0,0.0,1.0,1.0,4.0,0.0667,3.1219,0.0,0.0,0.0,0.0,https://airbnb.com/news/2026/global-markets-update?mode=dark,0
102.0,16.0,0.0,2.0,3.0,9.0,0.0,0.0,6.0,5.0,0.049,3.5,1.0,0.0,2.0,1.0,http://auth-portal.work/gateway?url=http://linkedin-security-confirm.xyz/login&next=verify&token=22820,1
51.0,33.0,0.0,2.0,3.0,3.0,0.0,1.0,3.0,1.0,0.0196,3.9077,0.0,0.0,0.0,1.0,https://app1e-security-account-center.xyz/login.php,1
56.0,25.0,0.0,1.0,2.0,5.0,0.0,0.0,3.0,6.0,0.1071,3.6839,1.0,0.0,0.0,1.0,http://chase-unlock-account.rest/login?auth_token=975224,1
43.0,25.0,0.0,2.0,2.0,2.0,0.0,1.0,2.0,1.0,0.0233,3.6537,0.0,0.0,0.0,0.0,https://paypa1-account-center.com/login.php,1
31.0,7.0,0.0,1.0,0.0,2.0,0.0,1.0,0.0,1.0,0.0323,2.8074,0.0,0.0,0.0,0.0,https://mit.edu/products?page=2,0
60.0,28.0,0.0,2.0,0.0,0.0,0.0,0.0,0.0,7.0,0.1167,4.2534,0.0,0.0,0.0,1.0,http://bktcv1ltwbj9uu2bl7amkoh.rest/gate/auth/500/index.html,1
46.0,12.0,2.0,4.0,1.0,1.0,1.0,0.0,3.0,9.0,0.1957,2.4591,0.0,0.0,0.0,0.0,http://203.0.113.19/secure/verify-account.html,1
42.0,24.0,0.0,2.0,2.0,2.0,0.0,1.0,2.0,2.0,0.0476,3.4864,0.0,0.0,0.0,0.0,https://g00gle-account-center.cc/login.php,1
50.0,10.0,0.0,2.0,1.0,1.0,0.0,1.0,0.0,3.0,0.06,3.1219,0.0,0.0,0.0,0.0,https://target.com/downloads/releases/version-3.13,0
27.0,11.0,0.0,1.0,0.0,0.0,0.0,1.0,0.0,0.0,0.0,3.2776,0.0,0.0,0.0,0.0,https://bestbuy.com/contact,0
80.0,32.0,3.0,4.0,0.0,5.0,0.0,0.0,3.0,8.0,0.1,4.1639,0.0,0.0,1.0,0.0,http://office365.login.auth.duckdns.org/signin?session_id=64557&redirect=account,1
32.0,16.0,1.0,2.0,0.0,0.0,0.0,1.0,0.0,0.0,0.0,3.375,0.0,0.0,0.0,0.0,https://dev.linkedin.com/contact,0
105.0,21.0,0.0,2.0,3.0,9.0,0.0,0.0,6.0,5.0,0.0476,3.8802,1.0,0.0,2.0,1.0,http://verification-hub.rest/gateway?url=http://paypal-security-confirm.xyz/login&next=verify&token=11119,1
61.0,18.0,1.0,2.0,0.0,4.0,0.0,1.0,0.0,5.0,0.082,3.3921,0.0,0.0,0.0,0.0,https://blog.homedepot.com/item?id=49204&category=electronics,0
54.0,7.0,0.0,1.0,1.0,1.0,0.0,1.0,1.0,4.0,0.0741,2.8074,0.0,0.0,0.0,0.0,https://nih.gov/blog/article/2026/cybersecurity-trends,0
128.0,50.0,0.0,2.0,6.0,9.0,0.0,1.0,10.0,6.0,0.0469,4.1493,0.0,0.0,0.0,0.0,https://security-adobe-sign-verification-portal-update.com/account/signin/authenticate/step1/verify-password.php?client_id=85219,1
36.0,9.0,0.0,1.0,0.0,2.0,0.0,0.0,0.0,2.0,0.0556,2.9477,0.0,0.0,0.0,0.0,http://react.dev/watch?v=dQw4w9WgXcQ,0
124.0,46.0,0.0,2.0,5.0,8.0,0.0,1.0,10.0,6.0,0.0484,4.0915,1.0,0.0,0.0,0.0,https://security-google-verification-portal-update.com/account/signin/authenticate/step1/verify-password.php?client_id=75841,1
47.0,8.0,0.0,1.0,0.0,0.0,0.0,1.0,0.0,0.0,0.0,3.0,0.0,0.0,0.0,0.0,https://yelp.com/categories/technology/software,0
130.0,52.0,0.0,2.0,6.0,9.0,0.0,1.0,10.0,6.0,0.0462,4.1939,1.0,0.0,0.0,0.0,https://security-dhl-tracking-verification-portal-update.com/account/signin/authenticate/step1/verify-password.php?client_id=62122,1
49.0,32.0,0.0,2.0,3.0,3.0,0.0,0.0,3.0,1.0,0.0204,3.6556,0.0,0.0,0.0,0.0,http://app1e-security-account-center.cc/login.php,1
52.0,12.0,1.0,3.0,1.0,1.0,0.0,1.0,0.0,3.0,0.0577,3.2516,0.0,0.0,0.0,0.0,https://app.uber.com/downloads/releases/version-3.13,0
40.0,14.0,1.0,2.0,0.0,2.0,0.0,1.0,0.0,0.0,0.0,3.3788,0.0,0.0,0.0,0.0,https://app.fastly.com/products?ref=home,0
53.0,10.0,0.0,1.0,0.0,4.0,0.0,1.0,0.0,5.0,0.0943,2.7219,0.0,0.0,0.0,0.0,https://amazon.com/item?id=49204&category=electronics,0
27.0,13.0,1.0,2.0,0.0,0.0,0.0,1.0,0.0,0.0,0.0,2.7774,0.0,0.0,0.0,0.0,https://app.apple.com/about,0
50.0,20.0,1.0,2.0,0.0,0.0,0.0,1.0,0.0,0.0,0.0,3.4842,0.0,0.0,0.0,0.0,https://community.github.com/user/profile/settings,0
31.0,14.0,1.0,2.0,0.0,0.0,0.0,1.0,0.0,0.0,0.0,3.0391,0.0,0.0,0.0,0.0,https://aws.amazon.com/products,0
47.0,13.0,2.0,3.0,0.0,2.0,1.0,0.0,1.0,16.0,0.3404,2.8151,0.0,0.0,0.0,0.0,http://198.51.100.42/auth/signin?session=988102,1
31.0,14.0,1.0,2.0,0.0,0.0,0.0,1.0,1.0,0.0,0.0,3.182,0.0,0.0,0.0,0.0,https://dev.reddit.com/services,0
86.0,37.0,3.0,4.0,1.0,6.0,0.0,1.0,4.0,5.0,0.0581,3.8509,1.0,0.0,1.0,0.0,https://fedex-delivery.verify.portal.ddns.net/signin?session_id=77933&redirect=account,1
50.0,33.0,0.0,2.0,3.0,3.0,0.0,0.0,3.0,1.0,0.02,3.9226,0.0,0.0,0.0,1.0,http://netf1ix-verify-account-center.xyz/login.php,1
38.0,9.0,0.0,1.0,0.0,2.0,0.0,1.0,0.0,0.0,0.0,2.9477,0.0,0.0,0.0,0.0,https://apple.com/products?sort=recent,0
65.0,33.0,0.0,2.0,0.0,0.0,0.0,0.0,0.0,18.0,0.2769,4.1879,0.0,0.0,0.0,1.0,http://n3e54n6o9jd3ih66w51ob537qo4z5.icu/gate/auth/202/index.html,1
56.0,24.0,0.0,2.0,0.0,0.0,0.0,0.0,0.0,9.0,0.1607,4.0535,0.0,0.0,0.0,1.0,http://ezs96kw0pn524kskwecy.top/gate/auth/126/index.html,1
128.0,50.0,0.0,2.0,5.0,8.0,0.0,1.0,10.0,6.0,0.0469,4.1737,1.0,0.0,0.0,0.0,https://security-wellsfargo-verification-portal-update.com/account/signin/authenticate/step1/verify-password.php?client_id=72114,1
104.0,16.0,0.0,2.0,3.0,9.0,0.0,1.0,6.0,8.0,0.0769,3.5,0.0,0.0,2.0,1.0,https://auth-portal.buzz/gateway?url=http://office365-security-confirm.xyz/login&next=verify&token=18030,1
52.0,12.0,2.0,3.0,2.0,5.0,1.0,0.0,3.0,9.0,0.1731,2.6258,0.0,0.0,0.0,0.0,http://172.16.254.1/cgi-bin/webscr?cmd=_login-submit,1
69.0,31.0,0.0,2.0,2.0,2.0,0.0,1.0,2.0,4.0,0.058,4.1958,0.0,0.0,0.0,1.0,https://metamask-renew-subscription.xyz/verify/user/1583/security.php,1
64.0,31.0,0.0,2.0,0.0,0.0,0.0,1.0,0.0,9.0,0.1406,4.4782,0.0,0.0,0.0,1.0,https://k61b7pxjbc8vdrqntjvu2cgxu5wa.cf/gate/auth/846/index.html,1
79.0,31.0,3.0,4.0,0.0,5.0,0.0,0.0,4.0,5.0,0.0633,3.7844,1.0,0.0,1.0,0.0,http://dropbox.login.service.hopto.org/signin?session_id=99320&redirect=account,1
48.0,10.0,0.0,1.0,0.0,0.0,0.0,1.0,0.0,1.0,0.0208,2.8464,0.0,0.0,0.0,0.0,https://medium.com/documentation/api/v2/overview,0
84.0,36.0,3.0,4.0,0.0,5.0,0.0,0.0,4.0,5.0,0.0595,3.6734,1.0,0.0,1.0,0.0,http://instagram.login.validation.zapto.org/signin?session_id=97164&redirect=account,1
43.0,25.0,0.0,2.0,2.0,2.0,0.0,1.0,2.0,2.0,0.0465,3.5133,0.0,0.0,0.0,0.0,https://g00gle-account-center.net/login.php,1
41.0,13.0,2.0,3.0,0.0,0.0,1.0,0.0,1.0,14.0,0.3415,2.5074,0.0,0.0,0.0,0.0,http://185.220.101.5/verification/id/1298,1
42.0,8.0,0.0,1.0,2.0,4.0,0.0,1.0,1.0,0.0,0.0,3.0,0.0,0.0,0.0,0.0,https://ebay.com/terms-of-service?ref=home,0
69.0,25.0,0.0,1.0,3.0,8.0,0.0,1.0,4.0,4.0,0.058,3.5737,0.0,0.0,0.0,1.0,https://outlook-signin-support.tk/webscr?cmd=_login-run&dispatch=3235,1
129.0,52.0,0.0,2.0,6.0,9.0,0.0,0.0,10.0,6.0,0.0465,4.1939,1.0,0.0,0.0,0.0,http://security-dhl-tracking-verification-portal-update.com/account/signin/authenticate/step1/verify-password.php?client_id=31603,1
29.0,12.0,0.0,1.0,0.0,0.0,0.0,1.0,1.0,0.0,0.0,3.4183,0.0,0.0,0.0,0.0,https://vanguard.com/services,0
78.0,30.0,3.0,4.0,0.0,5.0,0.0,0.0,4.0,5.0,0.0641,3.6566,1.0,0.0,1.0,0.0,http://appleid.secure.portal.ddns.net/signin?session_id=96554&redirect=account,1
51.0,10.0,0.0,1.0,0.0,0.0,0.0,1.0,0.0,4.0,0.0784,3.3219,0.0,0.0,0.0,0.0,https://github.com/community/discussions/topic/8821,0
57.0,14.0,0.0,1.0,0.0,4.0,0.0,1.0,0.0,0.0,0.0,3.2359,0.0,0.0,0.0,0.0,https://salesforce.com/search?q=machine+learning+tutorial,0
123.0,46.0,0.0,2.0,5.0,8.0,0.0,0.0,10.0,6.0,0.0488,4.0915,1.0,0.0,0.0,0.0,http://security-amazon-verification-portal-update.com/account/signin/authenticate/step1/verify-password.php?client_id=13199,1
85.0,36.0,3.0,4.0,0.0,5.0,0.0,1.0,3.0,5.0,0.0588,3.7737,1.0,0.0,1.0,0.0,https://netflix.account.service.bounceme.net/signin?session_id=47982&redirect=account,1
53.0,10.0,0.0,1.0,0.0,4.0,0.0,1.0,0.0,0.0,0.0,3.3219,0.0,0.0,0.0,0.0,https://stripe.com/search?q=machine+learning+tutorial,0
48.0,14.0,2.0,3.0,0.0,2.0,1.0,0.0,1.0,17.0,0.3542,2.4138,0.0,0.0,0.0,0.0,http://103.208.220.12/auth/signin?session=852689,1
60.0,13.0,0.0,1.0,1.0,1.0,0.0,1.0,1.0,4.0,0.0667,3.027,0.0,0.0,0.0,0.0,https://microsoft.com/blog/article/2026/cybersecurity-trends,0
54.0,7.0,0.0,1.0,1.0,1.0,0.0,1.0,1.0,4.0,0.0741,2.8074,0.0,0.0,0.0,0.0,https://nih.gov/blog/article/2026/cybersecurity-trends,0
27.0,13.0,0.0,1.0,0.0,0.0,0.0,1.0,0.0,0.0,0.0,3.3927,0.0,0.0,0.0,0.0,https://instagram.com/about,0
61.0,14.0,0.0,1.0,1.0,1.0,0.0,1.0,1.0,4.0,0.0656,2.8963,0.0,0.0,0.0,0.0,https://duckduckgo.com/blog/article/2026/cybersecurity-trends,0
123.0,46.0,0.0,2.0,5.0,8.0,0.0,0.0,10.0,6.0,0.0488,4.0316,1.0,0.0,0.0,0.0,http://security-paypal-verification-portal-update.com/account/signin/authenticate/step1/verify-password.php?client_id=25022,1
60.0,28.0,0.0,2.0,0.0,0.0,0.0,0.0,0.0,11.0,0.1833,4.182,0.0,0.0,0.0,1.0,http://9a9uri7ev4dh9ugf10oo1pvl.top/gate/auth/745/index.html,1
61.0,29.0,0.0,2.0,0.0,0.0,0.0,0.0,0.0,10.0,0.1639,4.1163,0.0,0.0,0.0,1.0,http://izeeuo164fldaa1fwt9ua09w.rest/gate/auth/466/index.html,1
34.0,11.0,0.0,1.0,1.0,1.0,0.0,1.0,0.0,0.0,0.0,3.2776,0.0,0.0,0.0,0.0,https://bestbuy.com/privacy-policy,0
40.0,12.0,2.0,3.0,0.0,0.0,1.0,0.0,1.0,13.0,0.325,2.4591,0.0,0.0,0.0,0.0,http://203.0.113.19/verification/id/6157,1
126.0,49.0,0.0,2.0,5.0,8.0,0.0,0.0,10.0,6.0,0.0476,4.0822,1.0,0.0,0.0,0.0,http://security-instagram-verification-portal-update.com/account/signin/authenticate/step1/verify-password.php?client_id=86397,1
38.0,11.0,0.0,1.0,0.0,2.0,0.0,1.0,0.0,0.0,0.0,3.2776,0.0,0.0,0.0,0.0,https://spotify.com/products?mode=dark,0
46.0,12.0,2.0,4.0,1.0,1.0,1.0,0.0,3.0,9.0,0.1957,2.6258,0.0,0.0,0.0,0.0,http://172.16.254.1/secure/verify-account.html,1
104.0,19.0,0.0,2.0,3.0,9.0,0.0,0.0,6.0,5.0,0.0481,3.4714,1.0,0.0,2.0,1.0,http://account-center.buzz/gateway?url=http://dropbox-security-confirm.xyz/login&next=verify&token=89499,1
42.0,14.0,2.0,4.0,0.0,2.0,1.0,0.0,1.0,11.0,0.2619,2.7534,1.0,0.0,0.0,0.0,http://23.227.198.203/login.php?ref=amazon,1
34.0,8.0,0.0,1.0,0.0,2.0,0.0,1.0,0.0,0.0,0.0,3.0,0.0,0.0,0.0,0.0,https://etsy.com/help/faq?ref=home,0
48.0,14.0,1.0,2.0,2.0,4.0,0.0,0.0,1.0,0.0,0.0,3.2359,0.0,0.0,0.0,0.0,http://api.airbnb.com/terms-of-service?mode=dark,0
83.0,35.0,3.0,4.0,0.0,5.0,0.0,0.0,4.0,8.0,0.0964,4.1287,0.0,0.0,1.0,0.0,http://office365.secure.portal.duckdns.org/signin?session_id=58241&redirect=account,1
66.0,14.0,1.0,2.0,3.0,5.0,0.0,1.0,0.0,0.0,0.0,3.0391,0.0,0.0,0.0,0.0,https://aws.amazon.com/guide/getting-started-with-python?mode=dark,0
45.0,28.0,0.0,2.0,2.0,2.0,0.0,0.0,2.0,1.0,0.0222,3.7804,0.0,0.0,0.0,1.0,http://micros0ft-account-center.top/login.php,1
131.0,54.0,0.0,2.0,6.0,9.0,0.0,0.0,10.0,6.0,0.0458,4.0903,1.0,0.0,0.0,0.0,http://security-fedex-delivery-verification-portal-update.com/account/signin/authenticate/step1/verify-password.php?client_id=45308,1
44.0,14.0,0.0,1.0,0.0,0.0,0.0,1.0,0.0,0.0,0.0,3.2359,0.0,0.0,0.0,0.0,https://salesforce.com/user/profile/settings,0
67.0,30.0,0.0,2.0,3.0,3.0,0.0,0.0,3.0,4.0,0.0597,3.9232,0.0,0.0,0.0,1.0,http://adobe-sign-confirm-identity.cf/verify/user/5627/security.php,1
125.0,47.0,0.0,2.0,5.0,8.0,0.0,1.0,10.0,6.0,0.048,4.1027,1.0,0.0,0.0,0.0,https://security-netflix-verification-portal-update.com/account/signin/authenticate/step1/verify-password.php?client_id=39300,1
108.0,17.0,0.0,2.0,3.0,9.0,0.0,0.0,7.0,5.0,0.0463,3.3372,1.0,0.0,2.0,1.0,http://account-center.ga/gateway?url=http://bankofamerica-security-confirm.xyz/login&next=verify&token=69151,1
36.0,8.0,0.0,1.0,0.0,2.0,0.0,1.0,0.0,2.0,0.0556,3.0,0.0,0.0,0.0,0.0,https://yelp.com/watch?v=dQw4w9WgXcQ,0
56.0,13.0,1.0,2.0,0.0,4.0,0.0,1.0,0.0,0.0,0.0,3.027,0.0,0.0,0.0,0.0,https://dev.twitch.tv/search?q=machine+learning+tutorial,0
38.0,10.0,0.0,1.0,0.0,2.0,0.0,1.0,0.0,2.0,0.0526,3.3219,0.0,0.0,0.0,0.0,https://fastly.com/watch?v=dQw4w9WgXcQ,0
43.0,13.0,0.0,1.0,0.0,0.0,0.0,1.0,0.0,0.0,0.0,3.027,0.0,0.0,0.0,0.0,https://homedepot.com/user/profile/settings,0
26.0,10.0,0.0,1.0,0.0,0.0,0.0,0.0,1.0,0.0,0.0,2.6464,0.0,0.0,0.0,0.0,http://akamai.com/services,0
105.0,14.0,0.0,2.0,4.0,10.0,0.0,1.0,6.0,5.0,0.0476,3.3249,1.0,0.0,2.0,1.0,https://auth-portal.ga/gateway?url=http://dhl-tracking-security-confirm.xyz/login&next=verify&token=43444,1
64.0,25.0,0.0,2.0,3.0,3.0,0.0,0.0,4.0,0.0,0.0,3.8635,1.0,0.0,0.0,1.0,http://amazon-login-attempt.club/account/update-credentials.html,1
58.0,15.0,0.0,1.0,0.0,4.0,0.0,1.0,0.0,5.0,0.0862,3.5069,0.0,0.0,0.0,0.0,https://tripadvisor.com/item?id=49204&category=electronics,0
52.0,11.0,0.0,1.0,0.0,0.0,0.0,1.0,0.0,4.0,0.0769,3.2776,0.0,0.0,0.0,0.0,https://weather.com/community/discussions/topic/8821,0
38.0,13.0,0.0,1.0,0.0,2.0,0.0,1.0,0.0,0.0,0.0,3.027,0.0,0.0,0.0,0.0,https://homedepot.com/products?lang=en,0
68.0,10.0,0.0,1.0,1.0,3.0,0.0,0.0,1.0,4.0,0.0588,2.9219,0.0,0.0,0.0,0.0,http://zillow.com/blog/article/2026/cybersecurity-trends?sort=recent,0
44.0,27.0,0.0,2.0,2.0,2.0,0.0,0.0,2.0,1.0,0.0227,3.634,0.0,0.0,0.0,0.0,http://micros0ft-account-center.cc/login.php,1
60.0,10.0,0.0,1.0,3.0,5.0,0.0,1.0,0.0,0.0,0.0,3.1219,0.0,0.0,0.0,0.0,https://nodejs.org/guide/getting-started-with-python?lang=en,0
57.0,9.0,0.0,1.0,0.0,2.0,0.0,1.0,0.0,1.0,0.0175,2.9477,0.0,0.0,0.0,0.0,https://quora.com/documentation/api/v2/overview?mode=dark,0
124.0,46.0,0.0,2.0,5.0,8.0,0.0,1.0,10.0,6.0,0.0484,4.0316,1.0,0.0,0.0,0.0,https://security-paypal-verification-portal-update.com/account/signin/authenticate/step1/verify-password.php?client_id=97251,1
59.0,12.0,0.0,1.0,1.0,1.0,0.0,1.0,1.0,4.0,0.0678,3.0221,0.0,0.0,0.0,0.0,https://doordash.com/blog/article/2026/cybersecurity-trends,0
52.0,12.0,0.0,1.0,2.0,2.0,0.0,1.0,1.0,4.0,0.0769,3.0221,0.0,0.0,0.0,0.0,https://doordash.com/news/2026/global-markets-update,0
58.0,25.0,0.0,2.0,0.0,0.0,0.0,1.0,0.0,8.0,0.1379,4.1337,0.0,0.0,0.0,1.0,https://kbf2p7kkg0atcbrlqmn44e.ga/gate/auth/616/index.html,1
122.0,45.0,0.0,2.0,5.0,8.0,0.0,0.0,10.0,6.0,0.0492,4.0805,1.0,0.0,0.0,0.0,http://security-chase-verification-portal-update.com/account/signin/authenticate/step1/verify-password.php?client_id=62837,1
39.0,14.0,0.0,1.0,0.0,2.0,0.0,1.0,0.0,0.0,0.0,3.5216,0.0,0.0,0.0,0.0,https://wellsfargo.com/help/faq?lang=en,0
41.0,24.0,0.0,2.0,2.0,2.0,0.0,0.0,2.0,1.0,0.0244,3.4864,0.0,0.0,0.0,0.0,http://paypa1-account-center.cc/login.php,1
62.0,25.0,0.0,2.0,2.0,2.0,0.0,0.0,4.0,4.0,0.0645,3.6839,1.0,0.0,0.0,1.0,http://appleid-billing-alert.icu/verify/user/2389/security.php,1
81.0,33.0,3.0,4.0,0.0,5.0,0.0,0.0,3.0,5.0,0.0617,3.6424,1.0,0.0,1.0,0.0,http://chase.account.validation.ddns.net/signin?session_id=63096&redirect=account,1
15.0,7.0,0.0,1.0,0.0,0.0,0.0,1.0,0.0,0.0,0.0,2.2359,0.0,0.0,0.0,0.0,https://bbc.com,0
31.0,14.0,0.0,1.0,0.0,0.0,0.0,1.0,0.0,0.0,0.0,3.2359,0.0,0.0,0.0,0.0,https://craigslist.org/help/faq,0
68.0,21.0,1.0,2.0,0.0,2.0,0.0,1.0,0.0,1.0,0.0147,3.6538,0.0,0.0,0.0,0.0,https://community.mozilla.org/documentation/api/v2/overview?ref=home,0
54.0,11.0,0.0,1.0,0.0,4.0,0.0,1.0,0.0,5.0,0.0926,3.0272,0.0,0.0,0.0,0.0,https://booking.com/item?id=49204&category=electronics,0
61.0,30.0,0.0,1.0,3.0,6.0,0.0,0.0,3.0,6.0,0.0984,3.8029,1.0,0.0,0.0,1.0,http://dhl-tracking-unlock-account.cf/login?auth_token=747288,1
61.0,24.0,0.0,2.0,2.0,2.0,0.0,0.0,2.0,4.0,0.0656,3.7516,0.0,0.0,0.0,1.0,http://coinbase-auth-session.ml/verify/user/8862/security.php,1
62.0,25.0,0.0,2.0,2.0,2.0,0.0,0.0,2.0,4.0,0.0645,3.7533,1.0,0.0,0.0,0.0,http://netflix-urgent-notice.com/verify/user/3004/security.php,1
127.0,49.0,0.0,2.0,5.0,8.0,0.0,1.0,10.0,9.0,0.0709,4.1887,0.0,0.0,0.0,0.0,https://security-office365-verification-portal-update.com/account/signin/authenticate/step1/verify-password.php?client_id=56484,1
34.0,11.0,0.0,1.0,0.0,2.0,0.0,1.0,0.0,1.0,0.0294,3.0272,0.0,0.0,0.0,0.0,https://dropbox.com/contact?page=2,0
42.0,14.0,1.0,2.0,0.0,2.0,0.0,1.0,0.0,2.0,0.0476,3.182,0.0,0.0,0.0,0.0,https://app.python.org/watch?v=dQw4w9WgXcQ,0
49.0,17.0,1.0,2.0,1.0,3.0,0.0,1.0,0.0,0.0,0.0,3.4992,0.0,0.0,0.0,0.0,https://news.stanford.edu/privacy-policy?ref=home,0
73.0,30.0,0.0,1.0,4.0,9.0,0.0,0.0,3.0,4.0,0.0548,3.9647,0.0,0.0,0.0,1.0,http://adobe-sign-unlock-account.work/webscr?cmd=_login-run&dispatch=3257,1
38.0,8.0,0.0,1.0,0.0,0.0,0.0,1.0,0.0,0.0,0.0,3.0,0.0,0.0,0.0,0.0,https://etsy.com/user/profile/settings,0
48.0,9.0,0.0,1.0,0.0,0.0,0.0,1.0,0.0,0.0,0.0,2.9477,0.0,0.0,0.0,0.0,https://quora.com/categories/technology/software,0
65.0,33.0,0.0,2.0,0.0,0.0,0.0,0.0,0.0,10.0,0.1538,4.6202,0.0,0.0,0.0,1.0,http://1s9xka4lit6xiyzvnlpa5cgwfhdv37.cf/gate/auth/619/index.html,1
49.0,10.0,0.0,1.0,0.0,0.0,0.0,1.0,0.0,0.0,0.0,3.1219,0.0,0.0,0.0,0.0,https://python.org/categories/technology/software,0
74.0,30.0,0.0,1.0,3.0,8.0,0.0,1.0,3.0,4.0,0.0541,4.0062,1.0,0.0,0.0,1.0,https://wellsfargo-unlock-account.buzz/webscr?cmd=_login-run&dispatch=5811,1
56.0,13.0,0.0,1.0,0.0,4.0,0.0,1.0,0.0,1.0,0.0179,3.027,0.0,0.0,0.0,0.0,https://w3schools.com/search?q=machine+learning+tutorial,0
53.0,10.0,0.0,1.0,0.0,4.0,0.0,1.0,0.0,0.0,0.0,3.1219,0.0,0.0,0.0,0.0,https://target.com/search?q=machine+learning+tutorial,0
36.0,11.0,0.0,1.0,2.0,2.0,0.0,1.0,1.0,0.0,0.0,3.4594,0.0,0.0,0.0,0.0,https://netflix.com/terms-of-service,0
53.0,10.0,0.0,1.0,0.0,4.0,0.0,1.0,0.0,0.0,0.0,3.1219,0.0,0.0,0.0,0.0,https://angular.io/search?q=machine+learning+tutorial,0
40.0,11.0,0.0,1.0,0.0,0.0,0.0,0.0,0.0,0.0,0.0,3.4594,0.0,0.0,0.0,0.0,http://netflix.com/user/profile/settings,0
38.0,13.0,0.0,1.0,2.0,2.0,0.0,1.0,1.0,0.0,0.0,3.027,0.0,0.0,0.0,0.0,https://homedepot.com/terms-of-service,0
52.0,10.0,0.0,1.0,3.0,3.0,0.0,1.0,0.0,0.0,0.0,3.3219,0.0,0.0,0.0,0.0,https://stripe.com/guide/getting-started-with-python,0
48.0,14.0,2.0,4.0,1.0,1.0,1.0,0.0,3.0,11.0,0.2292,2.4138,0.0,0.0,0.0,0.0,http://103.208.220.12/secure/verify-account.html,1
28.0,11.0,0.0,1.0,0.0,0.0,0.0,1.0,0.0,0.0,0.0,3.2776,0.0,0.0,0.0,0.0,https://weather.com/help/faq,0
42.0,14.0,2.0,4.0,0.0,2.0,1.0,0.0,1.0,11.0,0.2619,2.7534,1.0,0.0,0.0,0.0,http://91.240.118.172/login.php?ref=google,1
49.0,32.0,0.0,2.0,3.0,3.0,0.0,0.0,3.0,1.0,0.0204,3.6556,0.0,0.0,0.0,0.0,http://app1e-security-account-center.cc/login.php,1
105.0,21.0,0.0,2.0,3.0,9.0,0.0,1.0,6.0,5.0,0.0476,3.8802,1.0,0.0,2.0,1.0,https://verification-hub.rest/gateway?url=http://chase-security-confirm.xyz/login&next=verify&token=62953,1
48.0,14.0,1.0,2.0,2.0,4.0,0.0,1.0,1.0,0.0,0.0,3.0391,0.0,0.0,0.0,0.0,https://aws.amazon.com/terms-of-service?ref=home,0
58.0,26.0,0.0,2.0,0.0,0.0,0.0,0.0,0.0,12.0,0.2069,4.1329,0.0,0.0,0.0,1.0,http://6jl2l5b56bnvsfa6d9er94t.ga/gate/auth/977/index.html,1
124.0,47.0,0.0,2.0,5.0,8.0,0.0,0.0,10.0,6.0,0.0484,4.1027,1.0,0.0,0.0,0.0,http://security-netflix-verification-portal-update.com/account/signin/authenticate/step1/verify-password.php?client_id=98432,1
37.0,9.0,0.0,1.0,0.0,2.0,0.0,1.0,0.0,2.0,0.0541,2.9477,0.0,0.0,0.0,0.0,https://react.dev/watch?v=dQw4w9WgXcQ,0
52.0,10.0,0.0,1.0,0.0,4.0,0.0,0.0,0.0,5.0,0.0962,2.6464,0.0,0.0,0.0,0.0,http://google.com/item?id=49204&category=electronics,0
42.0,25.0,0.0,2.0,2.0,2.0,0.0,0.0,2.0,1.0,0.0238,3.6537,0.0,0.0,0.0,0.0,http://paypa1-account-center.com/login.php,1
55.0,12.0,0.0,1.0,0.0,4.0,0.0,1.0,0.0,5.0,0.0909,3.4183,0.0,0.0,0.0,0.0,https://fidelity.com/item?id=49204&category=electronics,0
32.0,9.0,0.0,1.0,1.0,1.0,0.0,1.0,0.0,0.0,0.0,3.1699,0.0,0.0,0.0,0.0,https://azure.com/privacy-policy,0
78.0,30.0,3.0,4.0,0.0,5.0,0.0,0.0,2.0,5.0,0.0641,3.7736,1.0,0.0,1.0,0.0,http://netflix.account.auth.hopto.org/signin?session_id=28927&redirect=account,1
57.0,26.0,0.0,1.0,2.0,5.0,0.0,0.0,3.0,6.0,0.1053,3.5074,1.0,0.0,0.0,1.0,http://amazon-unlock-account.club/login?auth_token=143926,1
65.0,26.0,0.0,2.0,3.0,3.0,0.0,0.0,3.0,0.0,0.0,3.5945,0.0,0.0,0.0,1.0,http://binance-urgent-notice.rest/account/update-credentials.html,1
64.0,32.0,0.0,2.0,0.0,0.0,0.0,0.0,0.0,11.0,0.1719,4.1792,0.0,0.0,0.0,1.0,http://yzskv6iarlsr0o8k5dfi25i67zso.xyz/gate/auth/529/index.html,1
61.0,14.0,1.0,2.0,1.0,1.0,0.0,1.0,1.0,4.0,0.0656,3.0391,0.0,0.0,0.0,0.0,https://docs.adobe.com/blog/article/2026/cybersecurity-trends,0
33.0,10.0,0.0,1.0,1.0,1.0,0.0,1.0,0.0,0.0,0.0,3.1219,0.0,0.0,0.0,0.0,https://target.com/privacy-policy,0
125.0,48.0,0.0,2.0,5.0,8.0,0.0,0.0,10.0,6.0,0.048,4.0999,1.0,0.0,0.0,0.0,http://security-linkedin-verification-portal-update.com/account/signin/authenticate/step1/verify-password.php?client_id=38902,1
93.0,44.0,3.0,4.0,1.0,6.0,0.0,1.0,4.0,5.0,0.0538,4.0815,1.0,0.0,1.0,0.0,https://fedex-delivery.secure.validation.duckdns.org/signin?session_id=37060&redirect=account,1
40.0,18.0,2.0,3.0,0.0,2.0,0.0,1.0,0.0,0.0,0.0,3.128,0.0,0.0,0.0,0.0,https://app.aws.amazon.com/about?lang=en,0
51.0,11.0,0.0,1.0,2.0,2.0,0.0,1.0,1.0,4.0,0.0784,3.2776,0.0,0.0,0.0,0.0,https://bestbuy.com/news/2026/global-markets-update,0
80.0,31.0,3.0,4.0,0.0,5.0,0.0,1.0,4.0,5.0,0.0625,3.7811,1.0,0.0,1.0,0.0,https://dropbox.verify.portal.zapto.org/signin?session_id=61023&redirect=account,1
62.0,25.0,0.0,2.0,2.0,2.0,0.0,0.0,3.0,4.0,0.0645,3.8137,1.0,0.0,0.0,0.0,http://dropbox-login-attempt.net/verify/user/7836/security.php,1
56.0,13.0,1.0,2.0,0.0,4.0,0.0,1.0,0.0,5.0,0.0893,3.3927,0.0,0.0,0.0,0.0,https://blog.etsy.com/item?id=49204&category=electronics,0
49.0,13.0,2.0,4.0,1.0,3.0,1.0,0.0,1.0,10.0,0.2041,2.4493,1.0,0.0,0.0,0.0,http://194.26.29.112/login.php?ref=fedex-delivery,1
53.0,15.0,0.0,1.0,0.0,0.0,0.0,1.0,0.0,1.0,0.0189,3.7736,0.0,0.0,0.0,0.0,https://theguardian.com/documentation/api/v2/overview,0
91.0,42.0,3.0,4.0,1.0,6.0,0.0,1.0,3.0,5.0,0.0549,4.0979,1.0,0.0,1.0,0.0,https://dhl-tracking.account.service.servehttp.com/signin?session_id=77931&redirect=account,1
44.0,27.0,0.0,2.0,2.0,2.0,0.0,0.0,2.0,1.0,0.0227,3.634,0.0,0.0,0.0,0.0,http://micros0ft-account-center.cc/login.php,1
28.0,11.0,0.0,1.0,0.0,0.0,0.0,1.0,0.0,0.0,0.0,2.914,0.0,0.0,0.0,0.0,https://harvard.edu/help/faq,0
39.0,10.0,0.0,1.0,0.0,2.0,0.0,1.0,0.0,0.0,0.0,3.3219,0.0,0.0,0.0,0.0,https://stripe.com/products?sort=recent,0
100.0,17.0,0.0,2.0,3.0,9.0,0.0,0.0,6.0,5.0,0.05,3.2928,1.0,0.0,2.0,1.0,http://account-center.tk/gateway?url=http://chase-security-confirm.xyz/login&next=verify&token=84959,1
61.0,18.0,1.0,2.0,0.0,4.0,0.0,1.0,1.0,0.0,0.0,3.4613,0.0,0.0,0.0,0.0,https://support.docker.com/search?q=machine+learning+tutorial,0
53.0,13.0,2.0,3.0,2.0,5.0,1.0,0.0,3.0,10.0,0.1887,2.4493,0.0,0.0,0.0,0.0,http://194.26.29.112/cgi-bin/webscr?cmd=_login-submit,1
122.0,45.0,0.0,2.0,5.0,8.0,0.0,0.0,10.0,6.0,0.0492,4.0805,1.0,0.0,0.0,0.0,http://security-chase-verification-portal-update.com/account/signin/authenticate/step1/verify-password.php?client_id=78383,1
53.0,13.0,1.0,3.0,1.0,1.0,0.0,1.0,0.0,3.0,0.0566,3.2389,0.0,0.0,0.0,0.0,https://dev.apple.com/downloads/releases/version-3.13,0
64.0,11.0,0.0,1.0,0.0,2.0,0.0,1.0,0.0,4.0,0.0625,3.0272,0.0,0.0,0.0,0.0,https://dropbox.com/community/discussions/topic/8821?sort=recent,0
66.0,33.0,0.0,2.0,0.0,0.0,0.0,1.0,0.0,14.0,0.2121,4.3926,0.0,0.0,0.0,1.0,https://no355csz0a0t7dvo342p0kqd8unpio.gq/gate/auth/594/index.html,1
59.0,12.0,0.0,1.0,1.0,1.0,0.0,1.0,1.0,4.0,0.0678,3.0221,0.0,0.0,0.0,0.0,https://facebook.com/blog/article/2026/cybersecurity-trends,0
62.0,13.0,0.0,1.0,2.0,4.0,0.0,1.0,1.0,4.0,0.0645,3.027,0.0,0.0,0.0,0.0,https://microsoft.com/news/2026/global-markets-update?ref=home,0
